item_name,supplier_name,quantity,price_per_unit,total_amount,amount_before_vat,purchase_date,invoice_no,notes,category,sheet_category,discount_pct,pur_id
ทินเนอร์ 3A  SB  150 kg.,ไทยนคร,1,6800,6800,,2561-03-01,,,ทินเนอร์,งานสี,,1
ทินเนอร์ 3A  SB  150 kg.,ไทยนคร,2,6800,13600,,2561-04-05,,,ทินเนอร์,งานสี,,2
ทินเนอร์ 3A  SB  150 kg.,ไทยนคร,1,6800,6800,,2562-04-22,,,ทินเนอร์,งานสี,,3
ทินเนอร์ 3A EXKO -- ใช้แล้วมีปัญหา,เอ็มแอนด์บี ,1,6000,6420,,2561-05-29,,,ทินเนอร์,งานสี,,4
ทินเนอร์ 3A  SB  150 kg.,ไทยนคร,1,6800,6800,,2561-07-05,,,ทินเนอร์,งานสี,,5
ทินเนอร์ 3A  SB  150 kg.,ไทยนคร,2,6800,13600,,2562-05-16,,,ทินเนอร์,งานสี,,6
ทินเนอร์ 3A  SB  150 kg.,ไทยนคร,2,6800,13600,,2562-06-05,,,ทินเนอร์,งานสี,,7
ทินเนอร์ 3A  SB  150 kg.,ไทยนคร,2,6800,13600,,2562-07-01,,,ทินเนอร์,งานสี,,8
ทินเนอร์ 3A  SB  150 kg.,ไทยนคร,1,6800,6800,,2562-07-26,,,ทินเนอร์,งานสี,,9
ทินเนอร์ 3A  SB  150 kg.,ไทยนคร,2,6800,13600,,2562-08-08,,,ทินเนอร์,งานสี,,10
ทินเนอร์ 3A  SB  150 kg.,ไทยนคร,2,6800,13600,,2562-09-11,,,ทินเนอร์,งานสี,,11
ทินเนอร์ 3A  SB  150 kg.,ไทยนคร,2,6800,13600,,2563-01-29,,,ทินเนอร์,งานสี,,12
ทินเนอร์ 3A  SB  150 kg.,ไทยนคร,2,6800,13600,,2563-03-03,,,ทินเนอร์,งานสี,,13
ทินเนอร์ 3A  SB  150 kg.,ไทยนคร,2,6200,12400,,2563-04-07,,,ทินเนอร์,งานสี,,14
ทินเนอร์ 3A  SB  150 kg.,ไทยนคร,2,6200,12400,,2563-05-08,,,ทินเนอร์,งานสี,,15
ทินเนอร์ 3A  Matrix  150 kg.,ไทยนคร,3,5300,15900,,2563-06-16,,,ทินเนอร์,งานสี,,16
ทินเนอร์ 3A  Matrix  150 kg.,ไทยนคร,2,5300,10600,,2563-07-24,,,ทินเนอร์,งานสี,,17
ทินเนอร์ 3A  Matrix  150 kg.,ไทยนคร,2,5300,10600,,2563-08-24,,,ทินเนอร์,งานสี,,18
ทินเนอร์ 3A  Matrix  150 kg.,ไทยนคร,2,5300,10600,,2563-10-21,,,ทินเนอร์,งานสี,,19
ทินเนอร์ 3A  Matrix  150 kg.,ไทยนคร,2,5300,10600,,2563-11-22,,,ทินเนอร์,งานสี,,20
ทินเนอร์ 3A  Matrix  150 kg.,ไทยนคร,2,5500,11000,,2563-11-25,,,ทินเนอร์,งานสี,,21
ทินเนอร์ 3A  Matrix  150 kg.,ไทยนคร,2,5500,11000,,2563-12-21,,,ทินเนอร์,งานสี,,22
ทินเนอร์ 3A  150 kg.,ทาเลนท์,1,5000,5000,,2564-01-04,,ราคายังไม่รวม VAT 7%,ทินเนอร์,งานสี,,23
ทินเนอร์ 3A  150 kg.,ทาเลนท์,2,5000,10000,,2564-02-22,,ราคายังไม่รวม VAT 7%,ทินเนอร์,งานสี,,24
ทินเนอร์ 3A  150 kg.,ทาเลนท์,2,5000,10000,,2564-03-29,,ราคายังไม่รวม VAT 7%,ทินเนอร์,งานสี,,25
ทินเนอร์ 3A  150 kg.,ทาเลนท์,2,5000,10000,,2564-05-03,,ราคายังไม่รวม VAT 7%,ทินเนอร์,งานสี,,26
ทินเนอร์ 3A  150 kg.,ทาเลนท์,2,5000,10000,,2564-06-05,IV6405945,ราคายังไม่รวม VAT 7%,ทินเนอร์,งานสี,,27
ทินเนอร์ 3A  150 kg.,ทาเลนท์,2,5000,10000,,2564-07-04,IV6407883,ราคายังไม่รวม VAT 7%,ทินเนอร์,งานสี,,28
ทินเนอร์ 3A  150 kg. -- ถังพลาสติก ตีเทิร์นได้ ใบละ 200 บาท,ทาเลนท์,1,5000,5000,,2564-08-16,,ราคายังไม่รวม VAT 7%,ทินเนอร์,งานสี,,29
ทินเนอร์ 3A  150 kg. -- ถังพลาสติก ตีเทิร์นได้ ใบละ 200 บาท,ทาเลนท์,1,5000,5000,,2564-08-24,,ราคายังไม่รวม VAT 7%,ทินเนอร์,งานสี,,30
ทินเนอร์ 3A MATRIX -- ถังเหล็ก,ทรัพย์สิน,2,4800,9600,,2564-09-23,IV6409299,ราคายังไม่รวม VAT 7%,ทินเนอร์,งานสี,,31
ทินเนอร์ 3A MATRIX -- ถังเหล็ก,ทรัพย์สิน,2,4800,9600,,2564-10-26,IV6410365,ราคายังไม่รวม VAT 7%,ทินเนอร์,งานสี,,32
ทินเนอร์ 3A MATRIX -- ถังเหล็ก,ทรัพย์สิน,2,4800,9600,,2564-11-23,IV6411321,ราคายังไม่รวม VAT 7%,ทินเนอร์,งานสี,,33
ทินเนอร์ 3A  150 kg.,ทาเลนท์,2,5000,10000,,2565-01-22,IV6501434,ราคายังไม่รวม VAT 7%,ทินเนอร์,งานสี,,34
ทินเนอร์ 3A A-CW 200ลิตร (156 kg.),ไทยนคร,1,5000,5000,,2565-02-16,INV22020634,ราคายังไม่รวม VAT 7%,ทินเนอร์,งานสี,,35
ทินเนอร์ 3A A-CW 200ลิตร (156 kg.),ไทยนคร,1,5000,5000,,2565-03-25,INV22031033,ราคายังไม่รวม VAT 7%,ทินเนอร์,งานสี,,36
ทินเนอร์ 3A A-CW 200ลิตร (150 kg.),ไทยนคร,2,5140.18,10280.37,,2565-05-03,IB3000095,ราคายังไม่รวม VAT 7%,"** เมื่อ 23/6/65 ไทยนครแจ้ง 6,100+7%",งานสี,,37
ทินเนอร์ 3A A-CW 200ลิตร (150 kg.),ไทยนคร,2,6100,12200,,2565-06-23,INV22060914,ราคายังไม่รวม VAT 7%,"** เมื่อ 23/6/65 ไทยนครแจ้ง 6,100+7%",งานสี,,38
ทินเนอร์ 3A A-CW 200ลิตร (150 kg.),ไทยนคร,1,6100,6100,,2565-08-20,INV22080756,ราคายังไม่รวม VAT 7%,"** เมื่อ 23/6/65 ไทยนครแจ้ง 6,100+7%",งานสี,,39
ทินเนอร์ 3A A-CW 200ลิตร (150 kg.),ไทยนคร,2,6100,12200,,2565-10-01,INX00000683,ราคายังไม่รวม VAT 7%,"** เมื่อ 23/6/65 ไทยนครแจ้ง 6,100+7%",งานสี,,40
ทินเนอร์ 3A A-CW 200ลิตร (150 kg.),ไทยนคร,1,6100,6100,,2565-10-20,INV22100716,ราคายังไม่รวม VAT 7%,"** เมื่อ 23/6/65 ไทยนครแจ้ง 6,100+7%",งานสี,,41
ทินเนอร์ 3A A-CW 200ลิตร (150 kg.),ไทยนคร,2,6100,12200,,2565-11-15,INV22110536,ราคายังไม่รวม VAT 7%,"** เมื่อ 23/6/65 ไทยนครแจ้ง 6,100+7%",งานสี,,42
ทินเนอร์ 3A A-CW 200ลิตร (150 kg.),ไทยนคร,2,6100,12200,,2566-02-03,INV23020087,ราคายังไม่รวม VAT 7%,"** เมื่อ 23/6/65 ไทยนครแจ้ง 6,100+7%",งานสี,,43
ทินเนอร์ 3A A-CW 200ลิตร (150 kg.),ไทยนคร,2,6100,12200,,2566-03-17,INV23030628,ราคายังไม่รวม VAT 7%,"** เมื่อ 23/6/65 ไทยนครแจ้ง 6,100+7%",งานสี,,44
ทินเนอร์ 3A A-CW 200ลิตร (150 kg.),ไทยนคร,1,6100,6100,,2566-05-06,INV23050217,ราคายังไม่รวม VAT 7%,"** เมื่อ 23/6/65 ไทยนครแจ้ง 6,100+7%",งานสี,,45
ทินเนอร์ 3A A-CW 200ลิตร (150 kg.),ไทยนคร,1,6100,6100,,2566-06-12,INV23060429,ราคายังไม่รวม VAT 7%,"** เมื่อ 23/6/65 ไทยนครแจ้ง 6,100+7%",งานสี,,46
ทินเนอร์ 3A ABC 200ลิตร (150 kg.),ไทยนคร,2,6200,12400,,2566-07-10,INV23070398,ราคายังไม่รวม VAT 7%,"** เมื่อ 23/6/65 ไทยนครแจ้ง 6,100+7%",งานสี,,47
ทินเนอร์ 3A A-CW 200ลิตร (150 kg.),ไทยนคร,1,6100,6100,,2566-08-15,INV23080494,ราคายังไม่รวม VAT 7%,"** เมื่อ 23/6/65 ไทยนครแจ้ง 6,100+7%",งานสี,,48
ทินเนอร์ 3A A-CW 200ลิตร (150 kg.),ไทยนคร,2,6200,12400,,2566-09-11,INV23090410,ราคายังไม่รวม VAT 7%,"** เมื่อ 23/6/65 ไทยนครแจ้ง 6,100+7%",งานสี,,49
ทินเนอร์ 3A A-CW 200ลิตร (150 kg.),ไทยนคร,2,6100,12200,,2566-10-18,INV23100640,ราคายังไม่รวม VAT 7%,"** เมื่อ 23/6/65 ไทยนครแจ้ง 6,100+7%",งานสี,,50
ทินเนอร์ 3A 200ลิตร (150 kg.),ทาเลนท์,2,5500,11000,,2566-11-10,IV2223646,ราคารวม VAT แล้ว,"** เมื่อ 23/6/65 ไทยนครแจ้ง 6,100+7%",งานสี,,51
ทินเนอร์ 3A 200ลิตร (150 kg.) ราคาต่อ1ถัง,ทาเลนท์,2,5500,11000,,2566-12-21,IV2225991,ราคารวม VAT แล้ว,"** เมื่อ 23/6/65 ไทยนครแจ้ง 6,100+7%",งานสี,,52
ทินเนอร์ 3A 200ลิตร (150 kg.) ราคาต่อ1ถัง,ทาเลนท์,2,5500,11000,,2567-02-16,IV2228925,ราคารวม VAT แล้ว,"** เมื่อ 23/6/65 ไทยนครแจ้ง 6,100+7%",งานสี,,53
ทินเนอร์ 3A 200ลิตร (150 kg.) ราคาต่อ1ถัง,ทาเลนท์,2,5500,11000,,2567-03-20,IV2230797,ราคารวม VAT แล้ว,"** เมื่อ 23/6/65 ไทยนครแจ้ง 6,100+7%",งานสี,,54
ทินเนอร์ 3A 200ลิตร (150 kg.) ราคาต่อ1ถัง,ทาเลนท์,1,5500,5500,,2567-06-17,IV2235520,ราคารวม VAT แล้ว,"** เมื่อ 23/6/65 ไทยนครแจ้ง 6,100+7%",งานสี,,55
ทินเนอร์ 3A 200ลิตร (150 kg.) ราคาต่อ1ถัง,ทาเลนท์,2,5500,11000,,2567-05-09,IV2233213,ราคารวม VAT แล้ว,"** เมื่อ 23/6/65 ไทยนครแจ้ง 6,100+7%",งานสี,,56
ทินเนอร์ 3A 200ลิตร (150 kg.) ราคาต่อ1ถัง,ทาเลนท์,2,5500,11000,,2567-07-16,IV2237182,ราคารวม VAT แล้ว,"** เมื่อ 23/6/65 ไทยนครแจ้ง 6,100+7%",งานสี,,57
ทินเนอร์ 3A 200ลิตร (150 kg.) ราคาต่อ1ถัง,ทาเลนท์,2,5500,11000,,2567-08-20,IV2239078,ราคารวม VAT แล้ว,"** เมื่อ 23/6/65 ไทยนครแจ้ง 6,100+7%",งานสี,,58
ทินเนอร์ 3A 200ลิตร (150 kg.) ราคาต่อ1ถัง,ทาเลนท์,1,5500,5500,,2567-09-19,IV2240911,ราคารวม VAT แล้ว,"** เมื่อ 23/6/65 ไทยนครแจ้ง 6,100+7%",งานสี,,59
ทินเนอร์ 3A 200ลิตร (150 kg.) ราคาต่อ1ถัง,ทาเลนท์,2,5500,11000,,2567-10-22,IV2242741,ราคารวม VAT แล้ว,"** เมื่อ 23/6/65 ไทยนครแจ้ง 6,100+7%",งานสี,,60
ทินเนอร์ 3A 200ลิตร (150 kg.) ราคาต่อ1ถัง,ทาเลนท์,2,5500,11000,,2567-12-03,IV2245144,ราคารวม VAT แล้ว,"** เมื่อ 23/6/65 ไทยนครแจ้ง 6,100+7%",งานสี,,61
ทินเนอร์ 3A 200ลิตร (150 kg.) ราคาต่อ1ถัง,ทาเลนท์,2,5500,11000,,2568-01-21,IV6801256,ราคารวม VAT แล้ว,"** เมื่อ 23/6/65 ไทยนครแจ้ง 6,100+7%",งานสี,,62
ทินเนอร์ 3A 200ลิตร (150 kg.) ราคาต่อ1ถัง,ทาเลนท์,2,5500,11000,,2568-03-14,IV6804438,ราคารวม VAT แล้ว,"** เมื่อ 23/6/65 ไทยนครแจ้ง 6,100+7%",งานสี,,63
ทินเนอร์ 3A 200ลิตร (150 kg.) ราคาต่อ1ถัง,ทาเลนท์,2,5140.186,10999.99804,10280.372,2568-05-07,IV6807239,ราคารวม VAT แล้ว,"** เมื่อ 23/6/65 ไทยนครแจ้ง 6,100+7%",งานสี,,64
ทินเนอร์ 3A 200ลิตร (150 kg.) ราคาต่อ1ถัง,ทาเลนท์,2,5140.186,10999.99804,10280.372,2568-07-02,IV6810575,ราคารวม VAT แล้ว,"** เมื่อ 23/6/65 ไทยนครแจ้ง 6,100+7%",งานสี,,65
ทินเนอร์ 3A 200ลิตร (150 kg.) ราคาต่อ1ถัง,ทาเลนท์,2,5140.186,10999.99804,10280.372,2568-07-23,IV6811846,ราคารวม VAT แล้ว,"** เมื่อ 23/6/65 ไทยนครแจ้ง 6,100+7%",งานสี,,66
ทินเนอร์ 3A 200ลิตร (150 kg.) ราคาต่อ1ถัง,ทาเลนท์,1,5140.186,5499.99902,5140.186,2568-08-13,IV6813011,ราคารวม VAT แล้ว,"** เมื่อ 23/6/65 ไทยนครแจ้ง 6,100+7%",งานสี,,67
ทินเนอร์ 3A 200ลิตร (150 kg.) ราคาต่อ1ถัง,ทาเลนท์,2,5140.186,10999.99804,10280.372,2568-09-10,IV6814666,ราคารวม VAT แล้ว,"** เมื่อ 23/6/65 ไทยนครแจ้ง 6,100+7%",งานสี,,68
ทินเนอร์ 3A 200ลิตร (150 kg.) ราคาต่อ1ถัง,ทาเลนท์,2,5140.186,10999.99804,10280.372,2568-10-10,IV6816495,ราคารวม VAT แล้ว,"** เมื่อ 23/6/65 ไทยนครแจ้ง 6,100+7%",งานสี,,69
ทินเนอร์ 3A 200ลิตร (150 kg.) ราคาต่อ1ถัง,ทาเลนท์,2,5140.186,10999.99804,10280.372,2568-11-05,IV6818042,ราคารวม VAT แล้ว,"** เมื่อ 23/6/65 ไทยนครแจ้ง 6,100+7%",งานสี,,70
ทินเนอร์ 3A 200ลิตร (150 kg.) ราคาต่อ1ถัง,ทาเลนท์,2,5140.186,10999.99804,10280.372,2568-11-27,IV6819324,ราคารวม VAT แล้ว,"** เมื่อ 23/6/65 ไทยนครแจ้ง 6,100+7%",งานสี,,71
ทินเนอร์ อคิลิค EXKO -- ใช้แล้วมีปัญหา,เอ็มแอนด์บี ,1,7500,8025,,2561-05-29,,,"** เมื่อ 23/6/65 ไทยนครแจ้ง 6,100+7%",งานสี,,72
ทินเนอร์ อะคริลิค (ลูไซด์) 3602 S  WELCO 150 kg.,ไทยนคร,1,7600,7600,,2561-07-05,,ราคายังไม่รวม VAT 7%,"** เมื่อ 23/6/65 ไทยนครแจ้ง 6,100+7%",งานสี,,73
ทินเนอร์ อะคริลิค (ลูไซด์) 3602 S  WELCO 150 kg.,ไทยนคร,1,7500,7500,,2562-04-22,,ราคายังไม่รวม VAT 7%,"** เมื่อ 23/6/65 ไทยนครแจ้ง 6,100+7%",งานสี,,74
ทินเนอร์ อะคริลิค (ลูไซด์) 3602 S  WELCO 150 kg.,ไทยนคร,1,7500,7500,,2562-05-16,,ราคายังไม่รวม VAT 7%,"** เมื่อ 23/6/65 ไทยนครแจ้ง 6,100+7%",งานสี,,75
ทินเนอร์ อะคริลิค (ลูไซด์) 3602 S  WELCO 150 kg.,ไทยนคร,1,7500,7500,,2562-07-01,,ราคายังไม่รวม VAT 7%,"** เมื่อ 23/6/65 ไทยนครแจ้ง 6,100+7%",งานสี,,76
ทินเนอร์ อะคริลิค (ลูไซด์) 3602 S  WELCO 150 kg.,ไทยนคร,1,7500,7500,,2562-07-26,,ราคายังไม่รวม VAT 7%,"** เมื่อ 23/6/65 ไทยนครแจ้ง 6,100+7%",งานสี,,77
ทินเนอร์ อะคริลิค (ลูไซด์) 3602 S  WELCO 150 kg.,ไทยนคร,2,7500,15000,,2562-09-02,,ราคายังไม่รวม VAT 7%,"** เมื่อ 23/6/65 ไทยนครแจ้ง 6,100+7%",งานสี,,78
ทินเนอร์ อะคริลิค (ลูไซด์) 3602 S  WELCO 150 kg.,ไทยนคร,1,7500,7500,,2563-01-29,,ราคายังไม่รวม VAT 7%,"** เมื่อ 23/6/65 ไทยนครแจ้ง 6,100+7%",งานสี,,79
ทินเนอร์ อะคริลิค (ลูไซด์) 3602 S  WELCO 150 kg.,ไทยนคร,1,7500,7500,,2563-03-03,,ราคายังไม่รวม VAT 7%,"** เมื่อ 23/6/65 ไทยนครแจ้ง 6,100+7%",งานสี,,80
ทินเนอร์ อะคริลิค (ลูไซด์) 3602 S  WELCO 150 kg.,ไทยนคร,1,7200,7200,,2563-04-07,,ราคายังไม่รวม VAT 7%,"** เมื่อ 23/6/65 ไทยนครแจ้ง 6,100+7%",งานสี,,81
ทินเนอร์ อะคริลิค (ลูไซด์) 3602 S  WELCO 150 kg.,ไทยนคร,1,7200,7200,,2563-05-08,,ราคายังไม่รวม VAT 7%,"** เมื่อ 23/6/65 ไทยนครแจ้ง 6,100+7%",งานสี,,82
ทินเนอร์ อะคริลิค (ลูไซด์) 3602 S  WELCO 150 kg.,ไทยนคร,1,7200,7200,,2563-06-17,,ราคายังไม่รวม VAT 7%,"** เมื่อ 23/6/65 ไทยนครแจ้ง 6,100+7%",งานสี,,83
ทินเนอร์ อะคริลิค (ลูไซด์) 3602 S  WELCO 150 kg.,ไทยนคร,2,7200,14400,,2563-07-23,,ราคายังไม่รวม VAT 7%,"** เมื่อ 23/6/65 ไทยนครแจ้ง 6,100+7%",งานสี,,84
ทินเนอร์ อะคริลิค (ลูไซด์) 3602 S  WELCO 150 kg.,ไทยนคร,2,7200,14400,,2563-09-08,,ราคายังไม่รวม VAT 7%,"** เมื่อ 23/6/65 ไทยนครแจ้ง 6,100+7%",งานสี,,85
ทินเนอร์ อะคริลิค (ลูไซด์) 3602 S  WELCO 150 kg.,ไทยนคร,1,7200,7200,,2563-10-15,,ราคายังไม่รวม VAT 7%,"** เมื่อ 23/6/65 ไทยนครแจ้ง 6,100+7%",งานสี,,86
ทินเนอร์ อะคริลิค (ลูไซด์) 3602 S  WELCO 150 kg.,ไทยนคร,1,7200,7200,,2563-11-26,,ราคายังไม่รวม VAT 7%,"** เมื่อ 23/6/65 ไทยนครแจ้ง 6,100+7%",งานสี,,87
ทินเนอร์ อะคริลิค (ลูไซด์) 3602 S  WELCO 150 kg.,ไทยนคร,1,7200,7200,,2564-01-12,,ราคายังไม่รวม VAT 7%,"** เมื่อ 23/6/65 ไทยนครแจ้ง 6,100+7%",งานสี,,88
ทินเนอร์ อะคริลิค (ลูไซด์) 3602 S  WELCO 150 kg.,ไทยนคร,1,7200,7200,,2564-03-02,,ราคายังไม่รวม VAT 7%,"** เมื่อ 23/6/65 ไทยนครแจ้ง 6,100+7%",งานสี,,89
ทินเนอร์ อะคริลิค (ลูไซด์) 3602 S  WELCO 150 kg.,ไทยนคร,1,7200,7200,,2564-06-05,IV6406/0342,ราคายังไม่รวม VAT 7%,"** เมื่อ 23/6/65 ไทยนครแจ้ง 6,100+7%",งานสี,,90
ทินเนอร์ อะคริลิค (ลูไซด์) 3602 S  WELCO 150 kg.,ไทยนคร,1,7200,7200,,2564-07-07,IV6407/0408,ราคายังไม่รวม VAT 7%,"** เมื่อ 23/6/65 ไทยนครแจ้ง 6,100+7%",งานสี,,91
ทินเนอร์ อะคริลิค (ลูไซด์) 3602 S  WELCO 150 kg.,ไทยนคร,2,8400,16800,,2564-08-14,IV6408/0573,ราคายังไม่รวม VAT 7%,"** เมื่อ 23/6/65 ไทยนครแจ้ง 6,100+7%",งานสี,,92
ทินเนอร์ อะคริลิค (ลูไซด์) 3602 S WINNER -- ถังพลาสติก,ทรัพย์สิน,1,7000,7000,,2564-09-22,IV6409286,ราคายังไม่รวม VAT 7%,"** เมื่อ 23/6/65 ไทยนครแจ้ง 6,100+7%",งานสี,,93
ทินเนอร์ อะคริลิค (ลูไซด์) 3602 S WINNER -- ถังพลาสติก,ทรัพย์สิน,1,7000,7000,,2564-11-23,IV6411321,ราคายังไม่รวม VAT 7%,"** เมื่อ 23/6/65 ไทยนครแจ้ง 6,100+7%",งานสี,,94
ทินเนอร์ อะคริลิค (ลูไซด์) 3602 S PETER 200 ลิตร (156 kg.) -- ถังเหล็ก,ไทยนคร,1,7500,7500,,2565-02-16,INV22020634,ราคายังไม่รวม VAT 7%,"** เมื่อ 23/6/65 ไทยนครแจ้ง 6,100+7%",งานสี,,95
ทินเนอร์ อะคริลิค (ลูไซด์) 3602 S PETER 200 ลิตร (156 kg.) -- ถังเหล็ก,ไทยนคร,1,7500,7500,,2565-03-25,INV22031033,ราคายังไม่รวม VAT 7%,"** เมื่อ 23/6/65 ไทยนครแจ้ง 6,100+7%",งานสี,,96
ทินเนอร์ อะคริลิค (ลูไซด์) 3602 S PETER 200 ลิตร (150 kg.) -- ถังเหล็ก,ไทยนคร,1,8650,8650,,2565-05-03,INV22050028,ราคายังไม่รวม VAT 7%,"** เมื่อ 23/6/65 ไทยนครแจ้ง 6,100+7%",งานสี,,97
ทินเนอร์ อะคริลิค (ลูไซด์) 3602 S PETER 200 ลิตร (150 kg.) -- ถังเหล็ก,ไทยนคร,1,8650,8650,,2565-06-13,INV22060461,ราคายังไม่รวม VAT 7%,"** เมื่อ 23/6/65 ไทยนครแจ้ง 6,100+7%",งานสี,,98
ทินเนอร์ อะคริลิค (ลูไซด์) 3602 S PETER 200 ลิตร (150 kg.) -- ถังเหล็ก,ไทยนคร,1,8650,8650,,2565-06-23,INV22060914,ราคายังไม่รวม VAT 7%,"** เมื่อ 23/6/65 ไทยนครแจ้ง 6,100+7%",งานสี,,99
ทินเนอร์ อะคริลิค (ลูไซด์) 3602 S PETER 200 ลิตร (150 kg.) -- ถังเหล็ก,ไทยนคร,1,8650,8650,,2565-08-20,INV22080756,ราคายังไม่รวม VAT 7%,"** เมื่อ 23/6/65 ไทยนครแจ้ง 6,100+7%",งานสี,,100
ทินเนอร์ อะคริลิค (ลูไซด์) 3602 S PETER 200 ลิตร (150 kg.) -- ถังเหล็ก,ไทยนคร,1,8650,8650,,2565-10-01,INX00000683,ราคายังไม่รวม VAT 7%,"** เมื่อ 23/6/65 ไทยนครแจ้ง 6,100+7%",งานสี,,101
ทินเนอร์ อะคริลิค (ลูไซด์) 3602 S PETER 200 ลิตร (150 kg.) -- ถังเหล็ก,ไทยนคร,1,9990,9990,,2565-11-15,INV22110536,ราคายังไม่รวม VAT 7%,"** เมื่อ 23/6/65 ไทยนครแจ้ง 6,100+7%",งานสี,,102
ทินเนอร์ อะคริลิค (ลูไซด์) 3602 S PETER 200 ลิตร (150 kg.) -- ถังเหล็ก,ไทยนคร,4,8300,33200,,2565-12-22,INV22120804,ราคายังไม่รวม VAT 7%,"** เมื่อ 23/6/65 ไทยนครแจ้ง 6,100+7%",งานสี,,103
ทินเนอร์ อะคริลิค (ลูไซด์) 3602 S PETER 200 ลิตร (150 kg.) -- ถังเหล็ก,ไทยนคร,1,8300,8000,,2566-05-04,INV23050155,ราคายังไม่รวม VAT 7%,"** เมื่อ 23/6/65 ไทยนครแจ้ง 6,100+7%",งานสี,,104
ทินเนอร์ อะคริลิค (ลูไซด์) 3602 S PETER 200 ลิตร (150 kg.) -- ถังเหล็ก,ไทยนคร,1,8000,8000,,2566-06-12,INV23060429,ราคายังไม่รวม VAT 7%,"** เมื่อ 23/6/65 ไทยนครแจ้ง 6,100+7%",งานสี,,105
ทินเนอร์ อะคริลิค (ลูไซด์) 3602 S PETER 200 ลิตร (150 kg.) -- ถังเหล็ก,ไทยนคร,1,8000,8000,,2566-07-10,INV23070398,ราคายังไม่รวม VAT 7%,"** เมื่อ 23/6/65 ไทยนครแจ้ง 6,100+7%",งานสี,,106
ทินเนอร์ อะคริลิค (ลูไซด์) 3602 S PETER 200 ลิตร (150 kg.) -- ถังเหล็ก,ไทยนคร,1,8000,8000,,2566-08-15,INV23080494,ราคายังไม่รวม VAT 7%,"** เมื่อ 23/6/65 ไทยนครแจ้ง 6,100+7%",งานสี,,107
ทินเนอร์ อะคริลิค (ลูไซด์) 3602 S PETER 200 ลิตร (150 kg.) -- ถังเหล็ก,ไทยนคร,1,8000,8000,,2566-09-11,INV23090410,ราคายังไม่รวม VAT 7%,"** เมื่อ 23/6/65 ไทยนครแจ้ง 6,100+7%",งานสี,,108
ทินเนอร์ อะคริลิค (ลูไซด์) 3602 S PETER 200 ลิตร (150 kg.) -- ถังเหล็ก,ไทยนคร,1,8000,8000,,2566-11-11,INV23110457,ราคายังไม่รวม VAT 7%,"** เมื่อ 23/6/65 ไทยนครแจ้ง 6,100+7%",งานสี,,109
ทินเนอร์ อะคริลิค (ลูไซด์) 3602 S PETER 200 ลิตร (150 kg.) -- ถังเหล็ก,ไทยนคร,1,8000,8000,,2566-12-22,INV23120895,ราคายังไม่รวม VAT 7%,"** เมื่อ 23/6/65 ไทยนครแจ้ง 6,100+7%",งานสี,,110
ทินเนอร์ อะคริลิค (ลูไซด์) 3602 S PETER 200 ลิตร (150 kg.) -- ถังเหล็ก,ไทยนคร,1,7800,7800,,2567-02-16,INV24020637,ราคายังไม่รวม VAT 7%,"** เมื่อ 23/6/65 ไทยนครแจ้ง 6,100+7%",งานสี,,111
ทินเนอร์ อะคริลิค (ลูไซด์) 3602 S PETER 200 ลิตร (150 kg.) -- ถังเหล็ก,ไทยนคร,1,7800,7800,,2567-03-20,INV24030847,ราคายังไม่รวม VAT 7%,"** เมื่อ 23/6/65 ไทยนครแจ้ง 6,100+7%",งานสี,,112
ทินเนอร์ อะคริลิค (ลูไซด์) 3602 S PETER 200 ลิตร (150 kg.) -- ถังเหล็ก,ไทยนคร,1,7800,7800,,2567-04-23,INV24040704,ราคายังไม่รวม VAT 7%,"** เมื่อ 23/6/65 ไทยนครแจ้ง 6,100+7%",งานสี,,113
ทินเนอร์ อะคริลิค (ลูไซด์) 3602 S PETER 200 ลิตร (150 kg.) -- ถังเหล็ก,ไทยนคร,1,7800,7800,,2567-06-17,INV24060638,ราคายังไม่รวม VAT 7%,"** เมื่อ 23/6/65 ไทยนครแจ้ง 6,100+7%",งานสี,,114
ทินเนอร์ อะคริลิค (ลูไซด์) 3602 S PETER 200 ลิตร (150 kg.) -- ถังเหล็ก,ไทยนคร,1,7800,7800,,2567-07-15,INV24070640,ราคายังไม่รวม VAT 7%,"** เมื่อ 23/6/65 ไทยนครแจ้ง 6,100+7%",งานสี,,115
ทินเนอร์ อะคริลิค (ลูไซด์) 3602 S PETER 200 ลิตร (150 kg.) -- ถังเหล็ก,ไทยนคร,1,7800,7800,,2567-08-19,INV24080732,ราคายังไม่รวม VAT 7%,"** เมื่อ 23/6/65 ไทยนครแจ้ง 6,100+7%",งานสี,,116
ทินเนอร์ อะคริลิค (ลูไซด์) 3602 S PETER 200 ลิตร (150 kg.) -- ถังเหล็ก,ไทยนคร,1,7300,7300,,2567-11-22,INV24110947,ราคายังไม่รวม VAT 7%,"** เมื่อ 23/6/65 ไทยนครแจ้ง 6,100+7%",งานสี,,117
ทินเนอร์ อะคริลิค (ลูไซด์) 3602 S PETER 200 ลิตร (150 kg.) -- ถังเหล็ก,ไทยนคร,1,7300,7300,,2568-01-09,INV25010305,ราคายังไม่รวม VAT 7%,"** เมื่อ 23/6/65 ไทยนครแจ้ง 6,100+7%",งานสี,,118
ทินเนอร์ อะคริลิค (ลูไซด์) 3602 S PETER 200 ลิตร (150 kg.) -- ถังเหล็ก,ไทยนคร,1,8025,8025,,2568-02-20,INV25020938,ราคารวม VAT แล้ว,"** เมื่อ 23/6/65 ไทยนครแจ้ง 6,100+7%",งานสี,,119
ทินเนอร์ อะคริลิค (ลูไซด์) 3602 S PETER 200 ลิตร (150 kg.) -- ถังเหล็ก,ไทยนคร,1,7500,8025,,2568-04-28,INV25040979,ราคารวม VAT แล้ว,"** เมื่อ 23/6/65 ไทยนครแจ้ง 6,100+7%",งานสี,,120
ทินเนอร์ อะคริลิค (ลูไซด์) 3602 3D 150 kg. (NETไม่รวมถัง),บจก. วีที คัลเลอร์ โปร,1,7400,7918,,2568-06-04,IV6806026,ราคารวม VAT แล้ว,"** เมื่อ 23/6/65 ไทยนครแจ้ง 6,100+7%",งานสี,,121
ทินเนอร์ อะคริลิค (ลูไซด์) 3602 3D 150 kg. (NETไม่รวมถัง),บจก. วีที คัลเลอร์ โปร,1,7400,7918,7400.0,2568-07-02,IV6807034,,"** เมื่อ 23/6/65 ไทยนครแจ้ง 6,100+7%",งานสี,0.07,122
ทินเนอร์ อะคริลิค (ลูไซด์) 3602 3D 150 kg. (NETไม่รวมถัง),บจก. วีที คัลเลอร์ โปร,1,7400,7918,7400.0,2568-07-31,IV6807220,,"** เมื่อ 23/6/65 ไทยนครแจ้ง 6,100+7%",งานสี,0.07,123
ทินเนอร์ อะคริลิค (ลูไซด์) 3602 3D 150 kg. (NETไม่รวมถัง),บจก. วีที คัลเลอร์ โปร,1,7400,7918,7400.0,2568-09-25,IV6809181,,"** เมื่อ 23/6/65 ไทยนครแจ้ง 6,100+7%",งานสี,0.07,124
ทินเนอร์ อะคริลิค (ลูไซด์) 3602 3D 150 kg. (NETไม่รวมถัง),บจก. วีที คัลเลอร์ โปร,1,7400,7918,7400.0,2568-11-07,IV6811058,,"** เมื่อ 23/6/65 ไทยนครแจ้ง 6,100+7%",งานสี,0.07,125
ทินเนอร์ 2K -- ใช้แล้วมีปัญหา,เอ็มแอนด์บี ,1,10000,10700,,2561-05-29,,,"** เมื่อ 23/6/65 ไทยนครแจ้ง 6,100+7%",งานสี,,126
ทินเนอร์แห้งช้า 2K D500 LEZZON 150 kg.,ไทยนคร,1,11500,11500,,2562-04-22,,,"** เมื่อ 23/6/65 ไทยนครแจ้ง 6,100+7%",งานสี,,127
ทินเนอร์แห้งช้า 2K D500 LEZZON 150 kg.,ไทยนคร,1,11500,11500,,2562-07-01,,,"** เมื่อ 23/6/65 ไทยนครแจ้ง 6,100+7%",งานสี,,128
ทินเนอร์แห้งช้า 2K D500 LEZZON 150 kg.,ไทยนคร,1,11500,11500,,2562-08-08,,,"** เมื่อ 23/6/65 ไทยนครแจ้ง 6,100+7%",งานสี,,129
ทินเนอร์แห้งช้า 2K D500 LEZZON 150 kg.,ไทยนคร,1,11500,11500,,2563-01-29,,,"** เมื่อ 23/6/65 ไทยนครแจ้ง 6,100+7%",งานสี,,130
ทินเนอร์แห้งช้า 2K D500 LEZZON 150 kg.,ไทยนคร,1,11500,11500,,2563-03-03,,,"** เมื่อ 23/6/65 ไทยนครแจ้ง 6,100+7%",งานสี,,131
ทินเนอร์แห้งช้า 2K D500 LEZZON 150 kg.,ไทยนคร,1,11500,11500,,2563-04-07,,,"** เมื่อ 23/6/65 ไทยนครแจ้ง 6,100+7%",งานสี,,132
ทินเนอร์แห้งช้า 2K D500 LEZZON 150 kg.,ไทยนคร,1,11500,11500,,2563-05-08,,,"** เมื่อ 23/6/65 ไทยนครแจ้ง 6,100+7%",งานสี,,133
ทินเนอร์แห้งช้า 2K D500 LEZZON 150 kg.,ไทยนคร,1,11500,11500,,2563-06-17,,,"** เมื่อ 23/6/65 ไทยนครแจ้ง 6,100+7%",งานสี,,134
ทินเนอร์แห้งช้า 2K D500 LEZZON 150 kg.,ไทยนคร,1,11500,11500,,2563-09-08,,,"** เมื่อ 23/6/65 ไทยนครแจ้ง 6,100+7%",งานสี,,135
ทินเนอร์แห้งช้า 2K D500 LEZZON 150 kg.,ไทยนคร,1,11500,11500,,2563-10-15,,,"** เมื่อ 23/6/65 ไทยนครแจ้ง 6,100+7%",งานสี,,136
ทินเนอร์แห้งช้า 2K D500 LEZZON 150 kg.,ไทยนคร,1,11500,11500,,2563-11-26,,,"** เมื่อ 23/6/65 ไทยนครแจ้ง 6,100+7%",งานสี,,137
ทินเนอร์แห้งช้า 2K D500 LEZZON 150 kg.,ไทยนคร,1,11500,11500,,2564-01-12,,,"** เมื่อ 23/6/65 ไทยนครแจ้ง 6,100+7%",งานสี,,138
ทินเนอร์แห้งช้า 2K D500 LEZZON 150 kg.,ไทยนคร,1,11500,11500,,2564-03-02,,,"** เมื่อ 23/6/65 ไทยนครแจ้ง 6,100+7%",งานสี,,139
ทินเนอร์แห้งช้า 2K D500 LEZZON 150 kg.,ไทยนคร,1,11500,11500,,2564-06-05,IV6406/0342,,"** เมื่อ 23/6/65 ไทยนครแจ้ง 6,100+7%",งานสี,,140
ทินเนอร์แห้งช้า 2K D500 LEZZON 150 kg.,ไทยนคร,1,11500,11500,,2564-07-07,IV6407/0408,,"** เมื่อ 23/6/65 ไทยนครแจ้ง 6,100+7%",งานสี,,141
ทินเนอร์แห้งช้า 2K D500 9/399 (A8),ทรัพย์สิน,1,10000,10000,,2564-09-22,IV6409286,,"** เมื่อ 23/6/65 ไทยนครแจ้ง 6,100+7%",งานสี,,142
ทินเนอร์แห้งช้า 2K D500 9/399 (A8),ทรัพย์สิน,1,10000,10000,,2564-10-26,IV6410365,,"** เมื่อ 23/6/65 ไทยนครแจ้ง 6,100+7%",งานสี,,143
ทินเนอร์แห้งช้า 2K D500 9/399 (A8),ทรัพย์สิน,1,10000,10000,,2564-11-23,IV6411321,,"** เมื่อ 23/6/65 ไทยนครแจ้ง 6,100+7%",งานสี,,144
ทินเนอร์แห้งช้า 2K D500 LEZZON 150 kg.,ไทยนคร,1,12600,12600,,2565-02-16,INV22020634,,"** เมื่อ 23/6/65 ไทยนครแจ้ง 6,100+7%",งานสี,,145
ทินเนอร์แห้งช้า 2K D500 LEZZON 150 kg.,ไทยนคร,1,12600,12600,,2565-03-25,INV22031033,,"** เมื่อ 23/6/65 ไทยนครแจ้ง 6,100+7%",งานสี,,146
ทินเนอร์แห้งช้า 2K D500 LEZZON 150 kg.,ไทยนคร,1,12750,12750,,2565-05-03,INV22050028,,"** เมื่อ 23/6/65 ไทยนครแจ้ง 6,100+7%",งานสี,,147
ทินเนอร์แห้งช้า 2K D500 LEZZON 150 kg.,ไทยนคร,1,12750,12750,,2565-06-13,INV22060461,,"** เมื่อ 23/6/65 ไทยนครแจ้ง 6,100+7%",งานสี,,148
ทินเนอร์แห้งช้า 2K D500 LEZZON 150 kg.,ไทยนคร,1,12750,12750,,2565-06-23,INV22060914,,"** เมื่อ 23/6/65 ไทยนครแจ้ง 6,100+7%",งานสี,,149
ทินเนอร์แห้งช้า 2K D500 LEZZON 150 kg.,ไทยนคร,1,12750,12750,,2565-08-20,INV22080756,,"** เมื่อ 23/6/65 ไทยนครแจ้ง 6,100+7%",งานสี,,150
ทินเนอร์แห้งช้า 2K D500 LEZZON 150 kg.,ไทยนคร,1,12750,12750,,2565-10-20,INV22100716,,"** เมื่อ 23/6/65 ไทยนครแจ้ง 6,100+7%",งานสี,,151
ทินเนอร์แห้งช้า 2K D500 LEZZON 150 kg.,ไทยนคร,1,12750,12750,,2565-12-22,INV22120804,,"** เมื่อ 23/6/65 ไทยนครแจ้ง 6,100+7%",งานสี,,152
ทินเนอร์แห้งช้า 2K D500 LEZZON 150 kg.,ไทยนคร,1,12750,12750,,2566-02-03,INV23020087,,"** เมื่อ 23/6/65 ไทยนครแจ้ง 6,100+7%",งานสี,,153
ทินเนอร์แห้งช้า 2K D500 LEZZON 150 kg.,ไทยนคร,1,12750,12750,,2566-03-17,INV23030628,,"** เมื่อ 23/6/65 ไทยนครแจ้ง 6,100+7%",งานสี,,154
ทินเนอร์แห้งช้า 2K D500 LEZZON 150 kg.,ไทยนคร,1,12750,12750,,2566-05-04,INV23050155,,"** เมื่อ 23/6/65 ไทยนครแจ้ง 6,100+7%",งานสี,,155
ทินเนอร์แห้งช้า 2K D500 LEZZON 150 kg.,ไทยนคร,1,12750,12750,,2566-06-12,INV23060429,,"** เมื่อ 23/6/65 ไทยนครแจ้ง 6,100+7%",งานสี,,156
ทินเนอร์แห้งช้า 2K D500 LEZZON 150 kg.,ไทยนคร,1,12750,12750,,2566-07-10,INV23070398,,"** เมื่อ 23/6/65 ไทยนครแจ้ง 6,100+7%",งานสี,,157
ทินเนอร์แห้งช้า 2K D500 LEZZON 150 kg.,ไทยนคร,1,12750,12750,,2566-08-15,INV23080494,,"** เมื่อ 23/6/65 ไทยนครแจ้ง 6,100+7%",งานสี,,158
ทินเนอร์แห้งช้า 2K D500 LEZZON 150 kg.,ไทยนคร,1,12750,12750,,2566-09-11,INV23090410,,"** เมื่อ 23/6/65 ไทยนครแจ้ง 6,100+7%",งานสี,,159
ทินเนอร์แห้งช้า 2K D500 LEZZON 150 kg.,ไทยนคร,1,12750,12750,,2566-11-11,INV23110457,,"** เมื่อ 23/6/65 ไทยนครแจ้ง 6,100+7%",งานสี,,160
ทินเนอร์แห้งช้า 2K D500 LEZZON 150 kg.,ไทยนคร,1,12750,12750,,2566-12-22,INV23120895,,"** เมื่อ 23/6/65 ไทยนครแจ้ง 6,100+7%",งานสี,,161
ทินเนอร์แห้งช้า 2K D500 LEZZON 150 kg.,ไทยนคร,1,12500,12500,,2567-02-16,INV24020637,,"** เมื่อ 23/6/65 ไทยนครแจ้ง 6,100+7%",งานสี,,162
ทินเนอร์แห้งช้า 2K D500 LEZZON 150 kg.,ไทยนคร,1,12500,12500,,2567-03-20,INV24030847,,"** เมื่อ 23/6/65 ไทยนครแจ้ง 6,100+7%",งานสี,,163
ทินเนอร์แห้งช้า 2K D500 LEZZON 150 kg.,ไทยนคร,1,12500,12500,,2567-04-23,INV24040704,,"** เมื่อ 23/6/65 ไทยนครแจ้ง 6,100+7%",งานสี,,164
ทินเนอร์แห้งช้า 2K D500 LEZZON 150 kg.,ไทยนคร,1,12500,12500,,2567-06-17,INV24060638,,"** เมื่อ 23/6/65 ไทยนครแจ้ง 6,100+7%",งานสี,,165
ทินเนอร์แห้งช้า 2K D500 LEZZON 150 kg.,ไทยนคร,1,12500,12500,,2567-07-15,INV24070640,,"** เมื่อ 23/6/65 ไทยนครแจ้ง 6,100+7%",งานสี,,166
ทินเนอร์แห้งช้า 2K D500 LEZZON 150 kg.,ไทยนคร,1,12500,12500,,2567-08-19,INV24080732,,"** เมื่อ 23/6/65 ไทยนครแจ้ง 6,100+7%",งานสี,,167
ทินเนอร์แห้งช้า 2K D500 LEZZON 150 kg.,ไทยนคร,2,12500,25000,,2567-09-23,INV24090928,,"** เมื่อ 23/6/65 ไทยนครแจ้ง 6,100+7%",งานสี,,168
ทินเนอร์แห้งช้า 2K D500 LEZZON 150 kg. (165ลิตร),ไทยนคร,1,12750,12750,,2567-11-22,INV24110947,,"** เมื่อ 23/6/65 ไทยนครแจ้ง 6,100+7%",งานสี,,169
ทินเนอร์แห้งช้า 2K D500 LEZZON 150 kg. (165ลิตร),ไทยนคร,1,12750,12750,,2568-01-09,INV25010305,,"** เมื่อ 23/6/65 ไทยนครแจ้ง 6,100+7%",งานสี,,170
ทินเนอร์แห้งช้า 2K D500 LEZZON 150 kg. (165ลิตร),ไทยนคร,1,13642.5,13642.5,,2568-02-20,INV25020938,ราคารวม VAT แล้ว,"** เมื่อ 23/6/65 ไทยนครแจ้ง 6,100+7%",งานสี,,171
ทินเนอร์แห้งช้า 2K D500 LEZZON 150 kg. (165ลิตร),ไทยนคร,1,12750,13642.5,,2568-04-28,INV25040979,ราคารวม VAT แล้ว,"** เมื่อ 23/6/65 ไทยนครแจ้ง 6,100+7%",งานสี,,172
ทินเนอร์แห้งช้า 2K AV (D500) 160 kg. (NETไม่รวมถัง),บจก. วีที คัลเลอร์ โปร,1,10500,11235,,2568-06-04,IV6806026,ราคารวม VAT แล้ว,"** เมื่อ 23/6/65 ไทยนครแจ้ง 6,100+7%",งานสี,,173
ทินเนอร์แห้งช้า 2K AV (D500) 160 kg. (NETไม่รวมถัง),บจก. วีที คัลเลอร์ โปร,1,10500,11235,10500.0,2568-07-02,IV6807034,,"** เมื่อ 23/6/65 ไทยนครแจ้ง 6,100+7%",งานสี,0.07,174
ทินเนอร์แห้งช้า 2K AV (D500) 160 kg. (NETไม่รวมถัง),บจก. วีที คัลเลอร์ โปร,1,10500,11235,10500.0,2568-07-31,IV6807220,,"** เมื่อ 23/6/65 ไทยนครแจ้ง 6,100+7%",งานสี,0.07,175
ทินเนอร์แห้งช้า 2K AV (D500) 160 kg. (NETไม่รวมถัง),บจก. วีที คัลเลอร์ โปร,2,10500,22470,21000.0,2568-09-25,IV6809181,,"** เมื่อ 23/6/65 ไทยนครแจ้ง 6,100+7%",งานสี,0.07,176
ทินเนอร์แห้งช้า 2K AV (D500) 160 kg. (NETไม่รวมถัง),บจก. วีที คัลเลอร์ โปร,1,10500,11235,10500.0,2568-11-07,IV6811058,,"** เมื่อ 23/6/65 ไทยนครแจ้ง 6,100+7%",งานสี,0.07,177
ทินเนอร์แห้งช้า 2K D500 LEZZON แบบปี๊บ 12 kg.,ไทยนคร,10,1200,12000,,2565-11-15,INV22110536,,สั่งเพราะแบบถัง ของขาด,งานสี,,178
ทินเนอร์แห้งช้า SIKKENS SLOW (5L.),ทรัพย์สิน,1,1240,1240,,2564-09-28,IV6409065,,สั่งเพราะแบบถัง ของขาด,งานสี,,179
ทินเนอร์ 2K BRM 3860S ขนาด 3.5 ลิตร,บจก. วีที คัลเลอร์ โปร,12,520,6240,,2565-08-02,IV116-65,ราคาที่ลง ยังไม่รวมภาษี,1ลัง = 6กล.,งานสี,,180
ทินเนอร์ 2K BRM 3860S ขนาด 3.5 ลิตร,บจก. วีที คัลเลอร์ โปร,6,520,3120,,2565-09-07,IV167-65,ราคาที่ลง ยังไม่รวมภาษี,1ลัง = 6กล.,งานสี,,181
ทินเนอร์ 2K BRM 3860S ขนาด 3.5 ลิตร,บจก. วีที คัลเลอร์ โปร,12,520,6240,,2565-09-20,IV183-65,ราคาที่ลง ยังไม่รวมภาษี,1ลัง = 6กล.,งานสี,,182
ทินเนอร์ 2K BRM 3860S ขนาด 3.5 ลิตร,บจก. วีที คัลเลอร์ โปร,18,520,9360,,2565-10-25,IV227-65,ราคาที่ลง ยังไม่รวมภาษี,1ลัง = 6กล.,งานสี,,183
ทินเนอร์ 2K BRM 3860S ขนาด 3.5 ลิตร,บจก. วีที คัลเลอร์ โปร,12,520,6240,,2565-11-23,IV275-65,ราคาที่ลง ยังไม่รวมภาษี,1ลัง = 6กล.,งานสี,,184
ทินเนอร์ 2K BRM 3860S ขนาด 3.5 ลิตร,บจก. วีที คัลเลอร์ โปร,12,520,6240,,2565-12-19,IV318-65,ราคาที่ลง ยังไม่รวมภาษี,1ลัง = 6กล.,งานสี,,185
ทินเนอร์ 2K BRM 3860S ขนาด 3.5 ลิตร,บจก. วีที คัลเลอร์ โปร,12,520,6240,,2566-01-20,IV042-66,ราคาที่ลง ยังไม่รวมภาษี,1ลัง = 6กล.,งานสี,,186
ทินเนอร์ 2K BRM 3860S ขนาด 3.5 ลิตร,บจก. วีที คัลเลอร์ โปร,12,520,6240,,2566-02-22,IV114-66,ราคาที่ลง ยังไม่รวมภาษี,1ลัง = 6กล.,งานสี,,187
ทินเนอร์ 2K BRM 3860S ขนาด 3.5 ลิตร,บจก. วีที คัลเลอร์ โปร,12,520,6240,,2566-04-24,IV226-66,ราคาที่ลง ยังไม่รวมภาษี,1ลัง = 6กล.,งานสี,,188
ทินเนอร์ 2K BRM 3860S ขนาด 3.5 ลิตร,บจก. วีที คัลเลอร์ โปร,18,520,9360,,2566-06-24,IV354-66,ราคาที่ลง ยังไม่รวมภาษี,1ลัง = 6กล.,งานสี,,189
ทินเนอร์ 2K BRM 3860S ขนาด 3.5 ลิตร,บจก. วีที คัลเลอร์ โปร,18,520,9360,,2566-07-27,IV425-66,ราคาที่ลง ยังไม่รวมภาษี,1ลัง = 6กล.,งานสี,,190
ทินเนอร์ 2K BRM 3860S ขนาด 3.5 ลิตร,บจก. วีที คัลเลอร์ โปร,12,520,6240,,2566-08-21,IV470-66,ราคาที่ลง ยังไม่รวมภาษี,1ลัง = 6กล.,งานสี,,191
ทินเนอร์ 2K BRM 3860S ขนาด 3.5 ลิตร,บจก. วีที คัลเลอร์ โปร,12,520,6240,,2566-09-22,IV542-66,ราคาที่ลง ยังไม่รวมภาษี,1ลัง = 6กล.,งานสี,,192
ทินเนอร์ 2K BRM 3860S ขนาด 3.5 ลิตร,บจก. วีที คัลเลอร์ โปร,18,520,9360,,2566-10-24,IV620-66,ราคาที่ลง ยังไม่รวมภาษี,1ลัง = 6กล.,งานสี,,193
ทินเนอร์ 2K BRM 3860S ขนาด 3.5 ลิตร,บจก. วีที คัลเลอร์ โปร,12,520,6240,,2566-12-21,IV764-66,ราคาที่ลง ยังไม่รวมภาษี,1ลัง = 6กล.,งานสี,,194
ทินเนอร์ 2K BRM 3860S ขนาด 3.5 ลิตร,บจก. วีที คัลเลอร์ โปร,12,520,6240,,2567-01-24,IV6701080,ราคาที่ลง ยังไม่รวมภาษี,1ลัง = 6กล.,งานสี,,195
ทินเนอร์ 2K BRM 3860S ขนาด 3.5 ลิตร,บจก. วีที คัลเลอร์ โปร,12,520,6240,,2567-02-26,IV6702104,ราคาที่ลง ยังไม่รวมภาษี,1ลัง = 6กล.,งานสี,,196
ทินเนอร์ 2K BRM 3860S ขนาด 3.5 ลิตร,บจก. วีที คัลเลอร์ โปร,12,520,6240,,2567-04-22,IV6704071,ราคาที่ลง ยังไม่รวมภาษี,1ลัง = 6กล.,งานสี,,197
ทินเนอร์ 2K BRM 3860S ขนาด 3.5 ลิตร,บจก. วีที คัลเลอร์ โปร,18,520,9360,,2567-05-21,IV6705105,ราคาที่ลง ยังไม่รวมภาษี,1ลัง = 6กล.,งานสี,,198
ทินเนอร์ 2K BRM 3860S ขนาด 3.5 ลิตร,บจก. วีที คัลเลอร์ โปร,18,520,9360,,2567-03-19,IV6703087,ราคาที่ลง ยังไม่รวมภาษี,1ลัง = 6กล.,งานสี,,199
ทินเนอร์ 2K BRM 3860S ขนาด 3.5 ลิตร,บจก. วีที คัลเลอร์ โปร,18,520,9360,,2567-06-21,IV6706124,ราคาที่ลง ยังไม่รวมภาษี,1ลัง = 6กล.,งานสี,,200
ทินเนอร์ 2K BRM 3860S ขนาด 3.5 ลิตร,บจก. วีที คัลเลอร์ โปร,18,520,9360,,2567-07-27,IV6707131,ราคาที่ลง ยังไม่รวมภาษี,1ลัง = 6กล.,งานสี,,201
ทินเนอร์ 2K BRM 3860S ขนาด 3.5 ลิตร,บจก. วีที คัลเลอร์ โปร,18,520,9360,,2567-08-23,IV6708117,ราคาที่ลง ยังไม่รวมภาษี,1ลัง = 6กล.,งานสี,,202
ทินเนอร์ 2K BRM 3860S ขนาด 3.5 ลิตร,บจก. วีที คัลเลอร์ โปร,18,520,9360,,2567-09-24,IV6709123,ราคาที่ลง ยังไม่รวมภาษี,1ลัง = 6กล.,งานสี,,203
ทินเนอร์ 2K BRM 3860S ขนาด 3.5 ลิตร,บจก. วีที คัลเลอร์ โปร,6,520,3120,,2567-11-19,IV6711104,ราคาที่ลง ยังไม่รวมภาษี,1ลัง = 6กล.,งานสี,,204
ทินเนอร์ 2K BRM 3860S ขนาด 3.5 ลิตร,บจก. วีที คัลเลอร์ โปร,12,520,6240,,2567-12-18,IV6712085,ราคาที่ลง ยังไม่รวมภาษี,1ลัง = 6กล.,งานสี,,205
ทินเนอร์ 2K BRM 3860S ขนาด 3.5 ลิตร,บจก. วีที คัลเลอร์ โปร,12,556.4,6676.799999999999,,2568-02-24,IV6802145,ราคารวม VAT แล้ว,1ลัง = 6กล.,งานสี,,206
ทินเนอร์ 2K BRM 3860S ขนาด 3.5 ลิตร,บจก. วีที คัลเลอร์ โปร,12,556.4,6676.799999999999,,2568-03-26,IV6803172,ราคารวม VAT แล้ว,1ลัง = 6กล.,งานสี,,207
ทินเนอร์ 2K BRM 3860S ขนาด 3.5 ลิตร,บจก. วีที คัลเลอร์ โปร,6,520,3338.4,3120.0,2568-07-21,IV6807163,,1ลัง = 6กล.,งานสี,0.07,208
ทินเนอร์ 2K BRM 3860S ขนาด 3.5 ลิตร,บจก. วีที คัลเลอร์ โปร,6,520,3338.4,3120.0,2568-07-23,IV6807180,,1ลัง = 6กล.,งานสี,0.07,209
ทินเนอร์ 2K BRM 3860S ขนาด 3.5 ลิตร,บจก. วีที คัลเลอร์ โปร,12,520,6676.8,6240.0,2568-08-19,IV6808112,,1ลัง = 6กล.,งานสี,0.07,210
ทินเนอร์ 2K BRM 3860S ขนาด 3.5 ลิตร,บจก. วีที คัลเลอร์ โปร,18,520,10015.2,9360.0,2568-12-17,IV6812124,,1ลัง = 6กล.,งานสี,0.07,211
แลคเกอร์ prince 4:1,PB Paint,60,560,33600,,2561-06-01,,,แลคเกอร์,งานสี,,212
แลคเกอร์ prince 4:1,PB Paint,60,560,33600,,2562-06-06,,ราคาที่ลง ยังไม่รวมภาษี,แลคเกอร์,งานสี,,213
แลคเกอร์ prince 4:1,PB Paint,60,560,33600,,2562-08-08,,ราคาที่ลง ยังไม่รวมภาษี,แลคเกอร์,งานสี,,214
แลคเกอร์ prince 4:1,PB Paint,30,560,16800,,2562-12-18,,ราคาที่ลง ยังไม่รวมภาษี,แลคเกอร์,งานสี,,215
แลคเกอร์ prince 4:1,PB Paint,20,560,11200,,2563-03-25,,ราคาที่ลง ยังไม่รวมภาษี,แลคเกอร์,งานสี,,216
แลคเกอร์ prince 4:1,PB Paint,30,560,16800,,2563-04-20,,ราคาที่ลง ยังไม่รวมภาษี,แลคเกอร์,งานสี,,217
แลคเกอร์ prince 4:1,PB Paint,24,560,13440,,2563-06-02,,ราคาที่ลง ยังไม่รวมภาษี,แลคเกอร์,งานสี,,218
แลคเกอร์ prince 4:1,PB Paint,24,560,13440,,2563-08-20,,ราคาที่ลง ยังไม่รวมภาษี,แลคเกอร์,งานสี,,219
แลคเกอร์ prince 4:1,PB Paint,24,560,13440,,2563-12-09,,ราคาที่ลง ยังไม่รวมภาษี,แลคเกอร์,งานสี,,220
แลคเกอร์ prince 4:1,PB Paint,30,560,16800,,2564-04-05,,ราคาที่ลง ยังไม่รวมภาษี,แลคเกอร์,งานสี,,221
ฮาร์ดเดนเนอร์ แลคเกอร์ prince 4:1,PB Paint,60,400,24000,,2561-06-01,,,แลคเกอร์,งานสี,,222
ฮาร์ดเดนเนอร์ แลคเกอร์ prince 4:1 FH,PB Paint,75,400,30000,,2562-06-06,,ราคาที่ลง ยังไม่รวมภาษี,แลคเกอร์,งานสี,,223
ฮาร์ดเดนเนอร์ แลคเกอร์ prince 4:1 FH,PB Paint,62,400,24800,,2562-08-08,,ราคาที่ลง ยังไม่รวมภาษี,แลคเกอร์,งานสี,,224
ฮาร์ดเดนเนอร์ แลคเกอร์ prince 4:1 FH,PB Paint,30,400,12000,,2562-12-18,,ราคาที่ลง ยังไม่รวมภาษี,แลคเกอร์,งานสี,,225
ฮาร์ดเดนเนอร์ แลคเกอร์ prince 4:1 FH,PB Paint,27,400,10800,,2563-03-25,,ราคาที่ลง ยังไม่รวมภาษี,แลคเกอร์,งานสี,,226
ฮาร์ดเดนเนอร์ แลคเกอร์ prince 4:1 FH,PB Paint,30,400,12000,,2563-04-20,,ราคาที่ลง ยังไม่รวมภาษี,แลคเกอร์,งานสี,,227
ฮาร์ดเดนเนอร์ แลคเกอร์ prince 4:1 FH,PB Paint,24,400,9600,,2563-06-02,,ราคาที่ลง ยังไม่รวมภาษี,แลคเกอร์,งานสี,,228
ฮาร์ดเดนเนอร์ แลคเกอร์ prince 4:1 FH,PB Paint,24,400,9600,,2563-08-20,,ราคาที่ลง ยังไม่รวมภาษี,แลคเกอร์,งานสี,,229
ฮาร์ดเดนเนอร์ แลคเกอร์ prince 4:1 FH,PB Paint,29,400,11600,,2563-12-09,,ราคาที่ลง ยังไม่รวมภาษี,แลคเกอร์,งานสี,,230
ฮาร์ดเดนเนอร์ แลคเกอร์ prince 4:1 FH,PB Paint,30,400,12000,,2564-04-05,,ราคาที่ลง ยังไม่รวมภาษี,แลคเกอร์,งานสี,,231
แลคเกอร์ Ryder OEM (E) 4:1,ทรัพย์สินไทย,60,600,36000,,2561-05-28,,ราคาที่ลง ยังไม่รวมภาษี,แลคเกอร์,งานสี,,232
แลคเกอร์ Ryder OEM (E) 4:1,ทรัพย์สินไทย,48,650,31200,,2562-06-24,,ราคาที่ลง ยังไม่รวมภาษี,แลคเกอร์,งานสี,,233
แลคเกอร์ Ryder OEM (E) 4:1,ทรัพย์สินไทย,12,650,7800,,2562-06-27,,ราคาที่ลง ยังไม่รวมภาษี,แลคเกอร์,งานสี,,234
แลคเกอร์ Ryder OEM (E) 4:1,ทรัพย์สินไทย,50,650,32500,,2562-07-24,,ราคาที่ลง ยังไม่รวมภาษี,แลคเกอร์,งานสี,,235
แลคเกอร์ Ryder OEM (E) 4:1,ทรัพย์สินไทย,8,650,5200,,2562-07-25,,ราคาที่ลง ยังไม่รวมภาษี,แลคเกอร์,งานสี,,236
แลคเกอร์ Ryder OEM (E) 4:1,ทรัพย์สินไทย,40,650,26000,,2562-08-26,,ราคาที่ลง ยังไม่รวมภาษี,แลคเกอร์,งานสี,,237
ฮาร์ด แลคเกอร์ Ryder OEM (E) 4:1,ทรัพย์สินไทย,60,600,36000,,2561-05-28,,ราคาที่ลง ยังไม่รวมภาษี,แลคเกอร์,งานสี,,238
ฮาร์ด แลคเกอร์ Ryder OEM (E) 4:1,ทรัพย์สินไทย,48,550,26400,,2562-06-24,,ราคาที่ลง ยังไม่รวมภาษี,แลคเกอร์,งานสี,,239
ฮาร์ด แลคเกอร์ Ryder OEM (E) 4:1,ทรัพย์สินไทย,12,550,6600,,2562-06-27,,ราคาที่ลง ยังไม่รวมภาษี,แลคเกอร์,งานสี,,240
ฮาร์ด แลคเกอร์ Ryder OEM (E) 4:1,ทรัพย์สินไทย,50,550,27500,,2562-07-24,,ราคาที่ลง ยังไม่รวมภาษี,แลคเกอร์,งานสี,,241
ฮาร์ด แลคเกอร์ Ryder OEM (E) 4:1,ทรัพย์สินไทย,8,550,4400,,2562-07-25,,ราคาที่ลง ยังไม่รวมภาษี,แลคเกอร์,งานสี,,242
ฮาร์ด แลคเกอร์ Ryder OEM (E) 4:1,ทรัพย์สินไทย,40,550,22000,,2562-08-26,,ราคาที่ลง ยังไม่รวมภาษี,แลคเกอร์,งานสี,,243
แลคเกอร์ Matrix MSV-99 (4L.)  2:1,ทรัพย์สินไทย,30,1000,30000,,2562-07-24,,ราคาที่ลง ยังไม่รวมภาษี,แลคเกอร์,งานสี,,244
แลคเกอร์ Matrix MSV-99 (4L.)  2:1,ทรัพย์สินไทย,40,1000,40000,,2562-09-24,,ราคาที่ลง ยังไม่รวมภาษี,แลคเกอร์,งานสี,,245
แลคเกอร์ Matrix MSV-99 (4L.)  2:1,ทรัพย์สินไทย,40,1000,40000,,2563-02-20,,ราคาที่ลง ยังไม่รวมภาษี,แลคเกอร์,งานสี,,246
แลคเกอร์ Matrix MSV-99 (4L.)  2:1,ทรัพย์สินไทย,40,1000,40000,,2563-03-24,,ราคาที่ลง ยังไม่รวมภาษี,แลคเกอร์,งานสี,,247
แลคเกอร์ Matrix MSV-99 (4L.)  2:1,ทรัพย์สินไทย,40,1000,40000,,2563-06-25,,ราคาที่ลง ยังไม่รวมภาษี,แลคเกอร์,งานสี,,248
ฮาร์ด แลคเกอร์ Matrix MAV-90 (1L.)  2:1,ทรัพย์สินไทย,60,500,30000,,2562-07-24,,ราคาที่ลง ยังไม่รวมภาษี,แลคเกอร์,งานสี,,249
ฮาร์ด แลคเกอร์ Matrix MAV-90 (1L.)  2:1,ทรัพย์สินไทย,80,500,40000,,2562-09-24,,ราคาที่ลง ยังไม่รวมภาษี,แลคเกอร์,งานสี,,250
ฮาร์ด แลคเกอร์ Matrix MAV-90 (1L.)  2:1,ทรัพย์สินไทย,80,500,40000,,2563-02-20,,ราคาที่ลง ยังไม่รวมภาษี,แลคเกอร์,งานสี,,251
ฮาร์ด แลคเกอร์ Matrix MAV-90 (1L.)  2:1,ทรัพย์สินไทย,80,500,40000,,2563-03-24,,ราคาที่ลง ยังไม่รวมภาษี,แลคเกอร์,งานสี,,252
ฮาร์ด แลคเกอร์ Matrix MAV-90 (1L.)  2:1,ทรัพย์สินไทย,80,500,40000,,2563-06-25,,ราคาที่ลง ยังไม่รวมภาษี,แลคเกอร์,งานสี,,253
ฮาร์ด แลคเกอร์ Matrix MAV-90 (1L.)  2:1,ทรัพย์สินไทย,20,500,10000,,2563-08-24,,ราคาที่ลง ยังไม่รวมภาษี,แลคเกอร์,งานสี,,254
ฮาร์ด แลคเกอร์ Matrix MAV-90 (1L.)  2:1,ทรัพย์สินไทย,3,500,1500,,2563-11-25,,ราคาที่ลง ยังไม่รวมภาษี,แลคเกอร์,งานสี,,255
แลคเกอร์ Matrix MSV-25(NEW) (4L.)  2:1,ทรัพย์สินไทย,40,1000,40000,,2563-08-24,,ราคาที่ลง ยังไม่รวมภาษี,แลคเกอร์,งานสี,,256
แลคเกอร์ Matrix MSV-25(NEW) (4L.)  2:1,ทรัพย์สินไทย,24,1000,24000,,2563-10-21,,ราคาที่ลง ยังไม่รวมภาษี,แลคเกอร์,งานสี,,257
แลคเกอร์ Matrix MSV-25(NEW) (4L.)  2:1,ทรัพย์สินไทย,40,1000,40000,,2563-11-22,,ราคาที่ลง ยังไม่รวมภาษี,แลคเกอร์,งานสี,,258
แลคเกอร์ Matrix MSV-25(NEW) (4L.)  2:1,ทรัพย์สินไทย,30,1000,30000,,2563-11-25,,ราคาที่ลง ยังไม่รวมภาษี,แลคเกอร์,งานสี,,259
แลคเกอร์ Matrix MSV-25(NEW) (4L.)  2:1,ทรัพย์สินไทย,60,1000,60000,,2563-12-21,,ราคาที่ลง ยังไม่รวมภาษี,แลคเกอร์,งานสี,,260
แลคเกอร์ Matrix MSV-25(NEW) (4L.)  2:1,ทรัพย์สินไทย,40,1000,40000,,2564-02-23,,ราคาที่ลง ยังไม่รวมภาษี,แลคเกอร์,งานสี,,261
แลคเกอร์ Matrix MSV-25(NEW) (4L.)  2:1,ทรัพย์สินไทย,40,1000,40000,,2564-03-24,,ราคาที่ลง ยังไม่รวมภาษี,แลคเกอร์,งานสี,,262
แลคเกอร์ Matrix MSV-25(NEW) (4L.)  2:1,ทรัพย์สินไทย,30,1000,30000,,2564-06-18,,ราคาที่ลง ยังไม่รวมภาษี,แลคเกอร์,งานสี,,263
แลคเกอร์ Matrix MSV-25(NEW) (4L.)  2:1,ทรัพย์สินไทย,42,1000,42000,,2564-10-26,IV6410365,ราคาที่ลง ยังไม่รวมภาษี,แลคเกอร์,งานสี,,264
แลคเกอร์ Matrix MSV-25(NEW) (4L.)  2:1,ทรัพย์สินไทย,80,1000,80000,,2564-11-23,IV6411357,ราคาที่ลง ยังไม่รวมภาษี,แลคเกอร์,งานสี,,265
แลคเกอร์ Matrix MSV-25(NEW) (4L.)  2:1,ทรัพย์สินไทย,80,1000,80000,,2564-12-22,IV6412301,ราคาที่ลง ยังไม่รวมภาษี,แลคเกอร์,งานสี,,266
ฮาร์ด แลคเกอร์ Matrix MH-15(NEW) (1L.) 2,ทรัพย์สินไทย,80,500,40000,,2563-08-24,,ราคาที่ลง ยังไม่รวมภาษี,แลคเกอร์,งานสี,,267
ฮาร์ด แลคเกอร์ Matrix MH-15(NEW) (1L.) 2,ทรัพย์สินไทย,48,500,24000,,2563-10-21,,ราคาที่ลง ยังไม่รวมภาษี,แลคเกอร์,งานสี,,268
ฮาร์ด แลคเกอร์ Matrix MH-15(NEW) (1L.) 2,ทรัพย์สินไทย,80,500,40000,,2563-11-22,,ราคาที่ลง ยังไม่รวมภาษี,แลคเกอร์,งานสี,,269
ฮาร์ด แลคเกอร์ Matrix MH-15(NEW) (1L.) 2,ทรัพย์สินไทย,60,500,30000,,2563-11-25,,ราคาที่ลง ยังไม่รวมภาษี,แลคเกอร์,งานสี,,270
ฮาร์ด แลคเกอร์ Matrix MH-15(NEW) (1L.) 2,ทรัพย์สินไทย,120,500,60000,,2563-12-21,,ราคาที่ลง ยังไม่รวมภาษี,แลคเกอร์,งานสี,,271
ฮาร์ด แลคเกอร์ Matrix MH-15(NEW) (1L.) 2,ทรัพย์สินไทย,80,500,40000,,2564-02-23,,ราคาที่ลง ยังไม่รวมภาษี,แลคเกอร์,งานสี,,272
ฮาร์ด แลคเกอร์ Matrix MH-15(NEW) (1L.) 2,ทรัพย์สินไทย,80,500,40000,,2564-03-24,,ราคาที่ลง ยังไม่รวมภาษี,แลคเกอร์,งานสี,,273
ฮาร์ด แลคเกอร์ Matrix MH-15(NEW) (1L.) 2,ทรัพย์สินไทย,60,500,30000,,2564-06-18,,ราคาที่ลง ยังไม่รวมภาษี,แลคเกอร์,งานสี,,274
ฮาร์ด แลคเกอร์ Matrix MH-15(NEW) (1L.) 2,ทรัพย์สินไทย,84,500,42000,,2564-10-26,IV6410365,ราคาที่ลง ยังไม่รวมภาษี,แลคเกอร์,งานสี,,275
ฮาร์ด แลคเกอร์ Matrix MH-15(NEW) (1L.) 2,ทรัพย์สินไทย,160,500,80000,,2564-11-23,IV6411357,ราคาที่ลง ยังไม่รวมภาษี,แลคเกอร์,งานสี,,276
ฮาร์ด แลคเกอร์ Matrix MH-15(NEW) (1L.) 2,ทรัพย์สินไทย,160,500,80000,,2564-12-22,IV6412301,ราคาที่ลง ยังไม่รวมภาษี,แลคเกอร์,งานสี,,277
แลคเกอร์ Matrix MS-747 (NEW) (4L.)  4:1,ทรัพย์สินไทย,20,650,13000,,2563-02-20,,ราคาที่ลง ยังไม่รวมภาษี,แลคเกอร์,งานสี,,278
แลคเกอร์ Matrix MS-747 (NEW) (4L.)  4:1,ทรัพย์สินไทย,30,650,19500,,2563-03-24,,ราคาที่ลง ยังไม่รวมภาษี,แลคเกอร์,งานสี,,279
แลคเกอร์ Matrix MS-747 (NEW) (4L.)  4:1,ทรัพย์สินไทย,24,650,15600,,2563-04-23,,ราคาที่ลง ยังไม่รวมภาษี,แลคเกอร์,งานสี,,280
แลคเกอร์ Matrix MS-747 (NEW) (4L.)  4:1,ทรัพย์สินไทย,24,650,15600,,2563-06-25,,ราคาที่ลง ยังไม่รวมภาษี,แลคเกอร์,งานสี,,281
แลคเกอร์ Matrix MS-747 (NEW) (4L.)  4:1,ทรัพย์สินไทย,24,650,15600,,2563-07-24,,ราคาที่ลง ยังไม่รวมภาษี,แลคเกอร์,งานสี,,282
แลคเกอร์ Matrix MS-747 (NEW) (4L.)  4:1,ทรัพย์สินไทย,24,650,15600,,2563-10-21,,ราคาที่ลง ยังไม่รวมภาษี,แลคเกอร์,งานสี,,283
แลคเกอร์ Matrix MS-747 (NEW) (4L.)  4:1,ทรัพย์สินไทย,24,650,15600,,2563-11-22,,ราคาที่ลง ยังไม่รวมภาษี,แลคเกอร์,งานสี,,284
แลคเกอร์ Matrix MS-747 (NEW) (4L.)  4:1,ทรัพย์สินไทย,30,650,19500,,2563-11-25,,ราคาที่ลง ยังไม่รวมภาษี,แลคเกอร์,งานสี,,285
แลคเกอร์ Matrix MS-747 (NEW) (4L.)  4:1,ทรัพย์สินไทย,30,650,19500,,2563-12-21,,ราคาที่ลง ยังไม่รวมภาษี,แลคเกอร์,งานสี,,286
แลคเกอร์ Matrix MS-747 (NEW) (4L.)  4:1,ทรัพย์สินไทย,30,650,19500,,2564-02-23,,ราคาที่ลง ยังไม่รวมภาษี,แลคเกอร์,งานสี,,287
แลคเกอร์ Matrix MS-747 (NEW) (4L.)  4:1,ทรัพย์สินไทย,30,650,19500,,2564-06-18,,ราคาที่ลง ยังไม่รวมภาษี,แลคเกอร์,งานสี,,288
แลคเกอร์ Matrix MS-747 (NEW) (4L.)  4:1,ทรัพย์สินไทย,10,650,6500,,2564-06-21,,ราคาที่ลง ยังไม่รวมภาษี,แลคเกอร์,งานสี,,289
แลคเกอร์ Matrix MS-747 (NEW) (4L.)  4:1,ทรัพย์สินไทย,40,650,26000,,2564-07-26,,ราคาที่ลง ยังไม่รวมภาษี,แลคเกอร์,งานสี,,290
แลคเกอร์ Matrix MS-747 (NEW) (4L.)  4:1,ทรัพย์สินไทย,24,650,15600,,2564-09-22,IV6409286,ราคาที่ลง ยังไม่รวมภาษี,แลคเกอร์,งานสี,,291
แลคเกอร์ Matrix MS-747 (NEW) (4L.)  4:1,ทรัพย์สินไทย,24,650,15600,,2564-10-26,IV6410365,ราคาที่ลง ยังไม่รวมภาษี,แลคเกอร์,งานสี,,292
แลคเกอร์ Matrix MS-747 (NEW) (4L.)  4:1,ทรัพย์สินไทย,40,650,26000,,2564-11-23,IV6411357,ราคาที่ลง ยังไม่รวมภาษี,แลคเกอร์,งานสี,,293
แลคเกอร์ Matrix MS-747 (NEW) (4L.)  4:1,ทรัพย์สินไทย,40,650,26000,,2564-12-22,IV6412301,ราคาที่ลง ยังไม่รวมภาษี,แลคเกอร์,งานสี,,294
แลคเกอร์ Matrix MS-747 (NEW) (4L.)  4:1,ทรัพย์สินไทย,40,650,26000,,2565-03-23,IV6503299,ราคาที่ลง ยังไม่รวมภาษี,แลคเกอร์,งานสี,,295
แลคเกอร์ Matrix MS-747 (NEW) (4L.)  4:1,ทรัพย์สินไทย,30,650,19500,,2565-04-27,IV6504237,ราคาที่ลง ยังไม่รวมภาษี,แลคเกอร์,งานสี,,296
แลคเกอร์ Matrix MS-747 (NEW) (4L.)  4:1,ทรัพย์สินไทย,40,650,26000,,2565-05-25,IV6506292,ราคาที่ลง ยังไม่รวมภาษี,แลคเกอร์,งานสี,,297
แลคเกอร์ Matrix MS-747 (NEW) (4L.)  4:1,ทรัพย์สินไทย,40,650,26000,,2565-06-27,IV6506338,ราคาที่ลง ยังไม่รวมภาษี,แลคเกอร์,งานสี,,298
แลคเกอร์ BRM PREMIUM 2:1,บจก. วีที คัลเลอร์ โปร,30,780,23400,,2565-09-20,IV183-65,ราคาที่ลง ยังไม่รวมภาษี,ใช้กับงานรอบคัน/ครึ่งคัน,งานสี,,299
แลคเกอร์ BRM PREMIUM 2:1,บจก. วีที คัลเลอร์ โปร,24,780,18720,,2565-10-25,IV227-65,ราคาที่ลง ยังไม่รวมภาษี,1ลัง = 6กล.,งานสี,,300
แลคเกอร์ BRM PREMIUM 2:1,บจก. วีที คัลเลอร์ โปร,24,780,18720,,2565-11-23,IV275-65,ราคาที่ลง ยังไม่รวมภาษี,1ลัง = 6กล.,งานสี,,301
แลคเกอร์ BRM PREMIUM 2:1,บจก. วีที คัลเลอร์ โปร,24,780,18720,,2565-12-19,IV318-65,ราคาที่ลง ยังไม่รวมภาษี,1ลัง = 6กล.,งานสี,,302
แลคเกอร์ BRM PREMIUM 2:1,บจก. วีที คัลเลอร์ โปร,30,780,23400,,2566-01-20,IV042-66,ราคาที่ลง ยังไม่รวมภาษี,1ลัง = 6กล.,งานสี,,303
แลคเกอร์ BRM PREMIUM 2:1,บจก. วีที คัลเลอร์ โปร,30,780,23400,,2566-02-22,IV114-66,ราคาที่ลง ยังไม่รวมภาษี,1ลัง = 6กล.,งานสี,,304
แลคเกอร์ BRM PREMIUM 2:1,บจก. วีที คัลเลอร์ โปร,30,780,23400,,2566-04-24,IV226-66,ราคาที่ลง ยังไม่รวมภาษี,1ลัง = 6กล.,งานสี,,305
แลคเกอร์ BRM PREMIUM 2:1,บจก. วีที คัลเลอร์ โปร,30,780,23400,,2566-06-24,IV354-66,ราคาที่ลง ยังไม่รวมภาษี,1ลัง = 6กล.,งานสี,,306
แลคเกอร์ BRM PREMIUM 2:1,บจก. วีที คัลเลอร์ โปร,15,780,11700,,2566-07-27,IV425-66,ราคาที่ลง ยังไม่รวมภาษี,1ลัง = 6กล.,งานสี,,307
แลคเกอร์ BRM PREMIUM 2:1,บจก. วีที คัลเลอร์ โปร,30,780,23400,,2566-08-21,IV470-66,ราคาที่ลง ยังไม่รวมภาษี,1ลัง = 6กล.,งานสี,,308
แลคเกอร์ BRM PREMIUM 2:1,บจก. วีที คัลเลอร์ โปร,24,780,18720,,2566-09-22,IV542-66,ราคาที่ลง ยังไม่รวมภาษี,1ลัง = 6กล.,งานสี,,309
แลคเกอร์ BRM PREMIUM 2:1,บจก. วีที คัลเลอร์ โปร,30,780,23400,,2566-10-21,IV685-66,ราคาที่ลง ยังไม่รวมภาษี,1ลัง = 6กล.,งานสี,,310
แลคเกอร์ BRM PREMIUM 2:1,บจก. วีที คัลเลอร์ โปร,30,780,23400,,2566-12-21,IV764-66,ราคาที่ลง ยังไม่รวมภาษี,1ลัง = 6กล.,งานสี,,311
แลคเกอร์ BRM PREMIUM 2:1,บจก. วีที คัลเลอร์ โปร,12,780,9360,,2567-01-24,IV6701080,ราคาที่ลง ยังไม่รวมภาษี,1ลัง = 6กล.,งานสี,,312
แลคเกอร์ BRM PREMIUM 2:1,บจก. วีที คัลเลอร์ โปร,24,780,18720,,2567-02-26,IV6702104,ราคาที่ลง ยังไม่รวมภาษี,1ลัง = 6กล.,งานสี,,313
แลคเกอร์ HYBRID PREMIUM 2:1,บจก. วีที คัลเลอร์ โปร,24,780,18720,,2567-03-19,IV6703087,ราคาที่ลง ยังไม่รวมภาษี,1ลัง = 6กล.,งานสี,,314
แลคเกอร์ HYBRID PREMIUM 2:1,บจก. วีที คัลเลอร์ โปร,36,780,28080,,2567-04-22,IV6704071,ราคาที่ลง ยังไม่รวมภาษี,1ลัง = 6กล.,งานสี,,315
แลคเกอร์ HYBRID PREMIUM 2:1,บจก. วีที คัลเลอร์ โปร,36,780,28080,,2567-05-21,IV6705105,ราคาที่ลง ยังไม่รวมภาษี,1ลัง = 6กล.,งานสี,,316
แลคเกอร์ HYBRID PREMIUM 2:1,บจก. วีที คัลเลอร์ โปร,36,780,28080,,2567-06-21,IV6706124,ราคาที่ลง ยังไม่รวมภาษี,1ลัง = 6กล.,งานสี,,317
แลคเกอร์ HYBRID PREMIUM 2:1,บจก. วีที คัลเลอร์ โปร,36,780,28080,,2567-07-23,IV6707131,ราคาที่ลง ยังไม่รวมภาษี,1ลัง = 6กล.,งานสี,,318
แลคเกอร์ HYBRID PREMIUM 2:1,บจก. วีที คัลเลอร์ โปร,24,780,18720,,2567-08-23,IV6708117,ราคาที่ลง ยังไม่รวมภาษี,1ลัง = 6กล.,งานสี,,319
แลคเกอร์ HYBRID PREMIUM 2:1,บจก. วีที คัลเลอร์ โปร,12,780,9360,,2567-09-24,IV6709123,ราคาที่ลง ยังไม่รวมภาษี,1ลัง = 6กล.,งานสี,,320
แลคเกอร์ HYBRID PREMIUM 2:1,บจก. วีที คัลเลอร์ โปร,24,780,18720,,2567-10-21,IV6710109,ราคาที่ลง ยังไม่รวมภาษี,1ลัง = 6กล.,งานสี,,321
แลคเกอร์ HYBRID PREMIUM 2:1,บจก. วีที คัลเลอร์ โปร,30,780,23400,,2567-11-19,IV6711104,ราคาที่ลง ยังไม่รวมภาษี,1ลัง = 6กล.,งานสี,,322
แลคเกอร์ HYBRID PREMIUM 2:1,บจก. วีที คัลเลอร์ โปร,30,780,23400,,2567-12-18,IV6712085,ราคาที่ลง ยังไม่รวมภาษี,1ลัง = 6กล.,งานสี,,323
แลคเกอร์ HYBRID PREMIUM 2:1,บจก. วีที คัลเลอร์ โปร,30,834.6,25038,,2568-01-21,IV6801106,ราคารวม VAT แล้ว,1ลัง = 6กล.,งานสี,,324
แลคเกอร์ HYBRID PREMIUM 2:1,บจก. วีที คัลเลอร์ โปร,30,834.6,25038,,2568-02-24,IV6802145,ราคารวม VAT แล้ว,1ลัง = 6กล.,งานสี,,325
แลคเกอร์ HYBRID PREMIUM 2:1,บจก. วีที คัลเลอร์ โปร,30,834.6,25038,,2568-03-26,IV6803172,ราคารวม VAT แล้ว,1ลัง = 6กล.,งานสี,,326
แลคเกอร์ HYBRID PREMIUM 2:1,บจก. วีที คัลเลอร์ โปร,30,780,25038,23400.0,2568-04-24,IV6804121,,1ลัง = 6กล.,งานสี,,327
แลคเกอร์ HYBRID PREMIUM 2:1,บจก. วีที คัลเลอร์ โปร,40,780,33384,31200.0,2568-05-21,IV6805147,,1ลัง = 6กล.,งานสี,,328
แลคเกอร์ HYBRID PREMIUM 2:1,บจก. วีที คัลเลอร์ โปร,40,660,28248,26400.0,2568-06-26,IV6806175,ราคาที่ระบุ ยังไม่รวม VAT7%,1ลัง = 6กล.,งานสี,0.07,329
แลคเกอร์ HYBRID PREMIUM 2:1,บจก. วีที คัลเลอร์ โปร,12,700,8988,8400.0,2568-07-23,IV6807180,,1ลัง = 6กล.,งานสี,0.07,330
แลคเกอร์ HYBRID PREMIUM 2:1,บจก. วีที คัลเลอร์ โปร,3,700,2247,2100.0,2568-08-19,IV6808112,,1ลัง = 6กล.,งานสี,0.07,331
แลคเกอร์ HYBRID 9800 2:1,บจก. วีที คัลเลอร์ โปร,30,600,19260,18000.0,2568-08-19,IV6808112,,1ลัง = 6กล.,งานสี,0.07,332
แลคเกอร์ HYBRID 9800 2:1,บจก. วีที คัลเลอร์ โปร,42,600,26964,25200.0,2568-09-17,IV6809124,,1ลัง = 6กล.,งานสี,0.07,333
แลคเกอร์ HYBRID 9800 2:1,บจก. วีที คัลเลอร์ โปร,42,600,26964,25200.0,2568-12-17,IV6812124,,1ลัง = 6กล.,งานสี,0.07,334
ฮาร์ดเดนเนอร์ BRM PREMIUM 2:1,บจก. วีที คัลเลอร์ โปร,60,410,24600,,2565-09-20,IV183-65,ราคาที่ลง ยังไม่รวมภาษี,เวลาผสมใช้ฮาร์ด 2กป.,งานสี,,335
ฮาร์ดเดนเนอร์ BRM PREMIUM 2:1,บจก. วีที คัลเลอร์ โปร,48,410,19680,,2565-10-25,IV227-65,ราคาที่ลง ยังไม่รวมภาษี,เวลาผสมใช้ฮาร์ด 2กป.,งานสี,,336
ฮาร์ดเดนเนอร์ BRM PREMIUM 2:1,บจก. วีที คัลเลอร์ โปร,48,410,19680,,2565-11-23,IV275-65,ราคาที่ลง ยังไม่รวมภาษี,เวลาผสมใช้ฮาร์ด 2กป.,งานสี,,337
ฮาร์ดเดนเนอร์ BRM PREMIUM 2:1,บจก. วีที คัลเลอร์ โปร,24,410,9840,,2565-12-19,IV318-65,ราคาที่ลง ยังไม่รวมภาษี,เวลาผสมใช้ฮาร์ด 2กป.,งานสี,,338
ฮาร์ดเดนเนอร์ BRM PREMIUM 2:1,บจก. วีที คัลเลอร์ โปร,60,410,24600,,2566-01-20,IV042-66,ราคาที่ลง ยังไม่รวมภาษี,เวลาผสมใช้ฮาร์ด 2กป.,งานสี,,339
ฮาร์ดเดนเนอร์ BRM PREMIUM 2:1,บจก. วีที คัลเลอร์ โปร,60,410,24600,,2566-02-22,IV114-66,ราคาที่ลง ยังไม่รวมภาษี,เวลาผสมใช้ฮาร์ด 2กป.,งานสี,,340
ฮาร์ดเดนเนอร์ BRM PREMIUM 2:1,บจก. วีที คัลเลอร์ โปร,60,410,24600,,2566-04-24,IV226-66,ราคาที่ลง ยังไม่รวมภาษี,เวลาผสมใช้ฮาร์ด 2กป.,งานสี,,341
ฮาร์ดเดนเนอร์ BRM PREMIUM 2:1,บจก. วีที คัลเลอร์ โปร,60,410,24600,,2566-06-24,IV354-66,ราคาที่ลง ยังไม่รวมภาษี,เวลาผสมใช้ฮาร์ด 2กป.,งานสี,,342
ฮาร์ดเดนเนอร์ BRM PREMIUM 2:1,บจก. วีที คัลเลอร์ โปร,30,410,12300,,2566-07-27,IV425-66,ราคาที่ลง ยังไม่รวมภาษี,เวลาผสมใช้ฮาร์ด 2กป.,งานสี,,343
ฮาร์ดเดนเนอร์ BRM PREMIUM 2:1,บจก. วีที คัลเลอร์ โปร,60,410,24600,,2566-08-21,IV470-66,ราคาที่ลง ยังไม่รวมภาษี,เวลาผสมใช้ฮาร์ด 2กป.,งานสี,,344
ฮาร์ดเดนเนอร์ BRM PREMIUM 2:1,บจก. วีที คัลเลอร์ โปร,48,410,19680,,2566-09-22,IV542-66,ราคาที่ลง ยังไม่รวมภาษี,เวลาผสมใช้ฮาร์ด 2กป.,งานสี,,345
ฮาร์ดเดนเนอร์ BRM PREMIUM 2:1,บจก. วีที คัลเลอร์ โปร,60,410,24600,,2566-10-21,IV685-66,ราคาที่ลง ยังไม่รวมภาษี,เวลาผสมใช้ฮาร์ด 2กป.,งานสี,,346
ฮาร์ดเดนเนอร์ BRM PREMIUM 2:1,บจก. วีที คัลเลอร์ โปร,60,410,24600,,2566-12-21,IV764-66,ราคาที่ลง ยังไม่รวมภาษี,เวลาผสมใช้ฮาร์ด 2กป.,งานสี,,347
ฮาร์ดเดนเนอร์ BRM PREMIUM 2:1,บจก. วีที คัลเลอร์ โปร,24,410,9840,,2567-01-24,IV6701080,ราคาที่ลง ยังไม่รวมภาษี,เวลาผสมใช้ฮาร์ด 2กป.,งานสี,,348
ฮาร์ดเดนเนอร์ BRM PREMIUM 2:1,บจก. วีที คัลเลอร์ โปร,48,410,19680,,2567-02-26,IV6702104,ราคาที่ลง ยังไม่รวมภาษี,เวลาผสมใช้ฮาร์ด 2กป.,งานสี,,349
ฮาร์ดเดนเนอร์ HYBRID PREMIUM 2:1,บจก. วีที คัลเลอร์ โปร,72,410,29520,,2567-04-22,IV6704071,ราคาที่ลง ยังไม่รวมภาษี,เวลาผสมใช้ฮาร์ด 2กป.,งานสี,,350
ฮาร์ดเดนเนอร์ HYBRID PREMIUM 2:1,บจก. วีที คัลเลอร์ โปร,72,410,29520,,2567-05-21,IV6705105,ราคาที่ลง ยังไม่รวมภาษี,เวลาผสมใช้ฮาร์ด 2กป.,งานสี,,351
ฮาร์ดเดนเนอร์ HYBRID PREMIUM 2:1,บจก. วีที คัลเลอร์ โปร,48,410,19680,,2567-03-19,IV6703087,ราคาที่ลง ยังไม่รวมภาษี,เวลาผสมใช้ฮาร์ด 2กป.,งานสี,,352
ฮาร์ดเดนเนอร์ HYBRID PREMIUM 2:1,บจก. วีที คัลเลอร์ โปร,72,410,29520,,2567-06-21,IV6706124,ราคาที่ลง ยังไม่รวมภาษี,เวลาผสมใช้ฮาร์ด 2กป.,งานสี,,353
ฮาร์ดเดนเนอร์ HYBRID PREMIUM 2:1,บจก. วีที คัลเลอร์ โปร,72,410,29520,,2567-07-23,IV6707131,ราคาที่ลง ยังไม่รวมภาษี,เวลาผสมใช้ฮาร์ด 2กป.,งานสี,,354
ฮาร์ดเดนเนอร์ HYBRID PREMIUM 2:1,บจก. วีที คัลเลอร์ โปร,48,410,19680,,2567-08-23,IV6708117,ราคาที่ลง ยังไม่รวมภาษี,เวลาผสมใช้ฮาร์ด 2กป.,งานสี,,355
ฮาร์ดเดนเนอร์ HYBRID PREMIUM 2:1,บจก. วีที คัลเลอร์ โปร,24,410,9840,,2567-09-24,IV6709123,ราคาที่ลง ยังไม่รวมภาษี,เวลาผสมใช้ฮาร์ด 2กป.,งานสี,,356
ฮาร์ดเดนเนอร์ HYBRID PREMIUM 2:1,บจก. วีที คัลเลอร์ โปร,48,410,19680,,2567-10-21,IV6710109,ราคาที่ลง ยังไม่รวมภาษี,เวลาผสมใช้ฮาร์ด 2กป.,งานสี,,357
ฮาร์ดเดนเนอร์ HYBRID PREMIUM 2:1,บจก. วีที คัลเลอร์ โปร,60,410,24600,,2567-11-19,IV6711104,ราคาที่ลง ยังไม่รวมภาษี,เวลาผสมใช้ฮาร์ด 2กป.,งานสี,,358
ฮาร์ดเดนเนอร์ HYBRID PREMIUM 2:1,บจก. วีที คัลเลอร์ โปร,60,410,24600,,2567-12-18,IV6712085,ราคาที่ลง ยังไม่รวมภาษี,เวลาผสมใช้ฮาร์ด 2กป.,งานสี,,359
ฮาร์ดเดนเนอร์ HYBRID PREMIUM 2:1,บจก. วีที คัลเลอร์ โปร,60,438.7,26322,,2568-01-21,IV6801106,ราคารวม VAT แล้ว,เวลาผสมใช้ฮาร์ด 2กป.,งานสี,,360
ฮาร์ดเดนเนอร์ HYBRID PREMIUM 2:1,บจก. วีที คัลเลอร์ โปร,60,438.7,26322,,2568-02-24,IV6802145,ราคารวม VAT แล้ว,เวลาผสมใช้ฮาร์ด 2กป.,งานสี,,361
ฮาร์ดเดนเนอร์ HYBRID PREMIUM 2:1,บจก. วีที คัลเลอร์ โปร,60,438.7,26322,,2568-03-26,IV6803172,ราคารวม VAT แล้ว,เวลาผสมใช้ฮาร์ด 2กป.,งานสี,,362
ฮาร์ดเดนเนอร์ HYBRID PREMIUM 2:1,บจก. วีที คัลเลอร์ โปร,60,410,26322,24600.0,2568-04-24,IV6804121,,เวลาผสมใช้ฮาร์ด 2กป.,งานสี,,363
ฮาร์ดเดนเนอร์ HYBRID PREMIUM 2:1,บจก. วีที คัลเลอร์ โปร,80,410,35096,32800.0,2568-05-21,IV6805147,,เวลาผสมใช้ฮาร์ด 2กป.,งานสี,,364
ฮาร์ดเดนเนอร์ HYBRID PREMIUM 2:1,บจก. วีที คัลเลอร์ โปร,60,410,26322,24600.0,2568-06-26,IV6806175,,เวลาผสมใช้ฮาร์ด 2กป.,งานสี,0.07,365
ฮาร์ดเดนเนอร์ HYBRID PREMIUM 2:1,บจก. วีที คัลเลอร์ โปร,24,400,10272,9600.0,2568-07-23,IV6807180,,เวลาผสมใช้ฮาร์ด 2กป.,งานสี,0.07,366
ฮาร์ดเดนเนอร์ HYBRID 9801 2:1,บจก. วีที คัลเลอร์ โปร,60,300,19260,18000.0,2568-08-19,IV6808112,,เวลาผสมใช้ฮาร์ด 2กป.,งานสี,0.07,367
ฮาร์ดเดนเนอร์ HYBRID 9801 2:1,บจก. วีที คัลเลอร์ โปร,84,300,26964,25200.0,2568-09-17,IV6809124,,เวลาผสมใช้ฮาร์ด 2กป.,งานสี,0.07,368
ฮาร์ดเดนเนอร์ HYBRID 9801 2:1,บจก. วีที คัลเลอร์ โปร,84,300,26964,25200.0,2568-12-17,IV6812124,,เวลาผสมใช้ฮาร์ด 2กป.,งานสี,0.07,369
แลคเกอร์ BRM PREMIUM 4:1,บจก. วีที คัลเลอร์ โปร,40,660,26400,,2565-09-20,IV183-65,ราคาที่ลง ยังไม่รวมภาษี,ใช้กับงานซ่อมแผล,งานสี,,370
แลคเกอร์ BRM PREMIUM 4:1,บจก. วีที คัลเลอร์ โปร,24,660,15840,,2565-10-25,IV227-65,ราคาที่ลง ยังไม่รวมภาษี,1ลัง = 6กล.,งานสี,,371
แลคเกอร์ BRM PREMIUM 4:1,บจก. วีที คัลเลอร์ โปร,40,660,26400,,2565-11-23,IV275-65,ราคาที่ลง ยังไม่รวมภาษี,1ลัง = 6กล.,งานสี,,372
แลคเกอร์ BRM PREMIUM 4:1,บจก. วีที คัลเลอร์ โปร,30,660,19800,,2565-12-19,IV318-65,ราคาที่ลง ยังไม่รวมภาษี,1ลัง = 6กล.,งานสี,,373
แลคเกอร์ BRM PREMIUM 4:1,บจก. วีที คัลเลอร์ โปร,30,660,19800,,2566-01-20,IV042-66,ราคาที่ลง ยังไม่รวมภาษี,1ลัง = 6กล.,งานสี,,374
แลคเกอร์ BRM PREMIUM 4:1,บจก. วีที คัลเลอร์ โปร,40,660,26400,,2566-02-22,IV114-66,ราคาที่ลง ยังไม่รวมภาษี,1ลัง = 6กล.,งานสี,,375
แลคเกอร์ BRM PREMIUM 4:1,บจก. วีที คัลเลอร์ โปร,40,660,26400,,2566-03-23,IV177-66,ราคาที่ลง ยังไม่รวมภาษี,1ลัง = 6กล.,งานสี,,376
แลคเกอร์ BRM PREMIUM 4:1,บจก. วีที คัลเลอร์ โปร,40,660,26400,,2566-06-24,IV354-66,ราคาที่ลง ยังไม่รวมภาษี,1ลัง = 6กล.,งานสี,,377
แลคเกอร์ BRM PREMIUM 4:1,บจก. วีที คัลเลอร์ โปร,40,660,26400,,2566-07-27,IV425-66,ราคาที่ลง ยังไม่รวมภาษี,1ลัง = 6กล.,งานสี,,378
แลคเกอร์ BRM PREMIUM 4:1,บจก. วีที คัลเลอร์ โปร,40,660,26400,,2566-08-21,IV470-66,ราคาที่ลง ยังไม่รวมภาษี,1ลัง = 6กล.,งานสี,,379
แลคเกอร์ BRM PREMIUM 4:1,บจก. วีที คัลเลอร์ โปร,40,660,26400,,2566-09-22,IV542-66,ราคาที่ลง ยังไม่รวมภาษี,1ลัง = 6กล.,งานสี,,380
แลคเกอร์ BRM PREMIUM 4:1,บจก. วีที คัลเลอร์ โปร,40,660,26400,,2566-10-21,IV685-66,ราคาที่ลง ยังไม่รวมภาษี,1ลัง = 6กล.,งานสี,,381
แลคเกอร์ BRM PREMIUM 4:1,บจก. วีที คัลเลอร์ โปร,50,660,33000,,2566-10-24,IV620-66,ราคาที่ลง ยังไม่รวมภาษี,1ลัง = 6กล.,งานสี,,382
แลคเกอร์ BRM PREMIUM 4:1,บจก. วีที คัลเลอร์ โปร,30,660,19800,,2566-12-21,IV764-66,ราคาที่ลง ยังไม่รวมภาษี,1ลัง = 6กล.,งานสี,,383
แลคเกอร์ HYBRID PREMIUM 4:1,บจก. วีที คัลเลอร์ โปร,12,660,7920,,2567-01-24,IV6701080,ราคาที่ลง ยังไม่รวมภาษี,1ลัง = 6กล.,งานสี,,384
แลคเกอร์ HYBRID PREMIUM 4:1,บจก. วีที คัลเลอร์ โปร,40,660,26400,,2567-02-26,IV6702104,ราคาที่ลง ยังไม่รวมภาษี,1ลัง = 6กล.,งานสี,,385
แลคเกอร์ HYBRID PREMIUM 4:1,บจก. วีที คัลเลอร์ โปร,24,660,15840,,2567-03-19,IV6703087,ราคาที่ลง ยังไม่รวมภาษี,1ลัง = 6กล.,งานสี,,386
แลคเกอร์ HYBRID PREMIUM 4:1,บจก. วีที คัลเลอร์ โปร,40,660,26400,,2567-04-22,IV6704071,ราคาที่ลง ยังไม่รวมภาษี,1ลัง = 6กล.,งานสี,,387
แลคเกอร์ HYBRID PREMIUM 4:1,บจก. วีที คัลเลอร์ โปร,40,660,26400,,2567-05-21,IV6705105,ราคาที่ลง ยังไม่รวมภาษี,1ลัง = 6กล.,งานสี,,388
แลคเกอร์ HYBRID PREMIUM 4:1,บจก. วีที คัลเลอร์ โปร,40,660,26400,,2567-06-21,IV6706124,ราคาที่ลง ยังไม่รวมภาษี,1ลัง = 6กล.,งานสี,,389
แลคเกอร์ HYBRID PREMIUM 4:1,บจก. วีที คัลเลอร์ โปร,40,660,26400,,2567-07-23,IV6707131,ราคาที่ลง ยังไม่รวมภาษี,1ลัง = 6กล.,งานสี,,390
แลคเกอร์ HYBRID PREMIUM 4:1,บจก. วีที คัลเลอร์ โปร,30,660,19800,,2567-08-23,IV6708117,ราคาที่ลง ยังไม่รวมภาษี,1ลัง = 6กล.,งานสี,,391
แลคเกอร์ HYBRID PREMIUM 4:1,บจก. วีที คัลเลอร์ โปร,30,660,19800,,2567-09-24,IV6709123,ราคาที่ลง ยังไม่รวมภาษี,1ลัง = 6กล.,งานสี,,392
แลคเกอร์ HYBRID PREMIUM 4:1,บจก. วีที คัลเลอร์ โปร,40,660,26400,,2567-10-21,IV6710109,ราคาที่ลง ยังไม่รวมภาษี,1ลัง = 6กล.,งานสี,,393
แลคเกอร์ HYBRID PREMIUM 4:1,บจก. วีที คัลเลอร์ โปร,40,660,26400,,2567-11-19,IV6711104,ราคาที่ลง ยังไม่รวมภาษี,1ลัง = 6กล.,งานสี,,394
แลคเกอร์ HYBRID PREMIUM 4:1,บจก. วีที คัลเลอร์ โปร,40,660,26400,,2567-12-18,IV6712085,ราคาที่ลง ยังไม่รวมภาษี,1ลัง = 6กล.,งานสี,,395
แลคเกอร์ HYBRID PREMIUM 4:1,บจก. วีที คัลเลอร์ โปร,40,706.2,28248,,2568-01-21,IV6801106,ราคารวม VAT แล้ว,1ลัง = 6กล.,งานสี,,396
แลคเกอร์ HYBRID PREMIUM 4:1,บจก. วีที คัลเลอร์ โปร,40,706.2,28248,,2568-02-24,IV6802145,ราคารวม VAT แล้ว,1ลัง = 6กล.,งานสี,,397
แลคเกอร์ HYBRID PREMIUM 4:1,บจก. วีที คัลเลอร์ โปร,40,706.2,28248,,2568-03-26,IV6803172,ราคารวม VAT แล้ว,1ลัง = 6กล.,งานสี,,398
แลคเกอร์ HYBRID PREMIUM 4:1,บจก. วีที คัลเลอร์ โปร,30,660,21186,19800.0,2568-04-24,IV6804121,,1ลัง = 6กล.,งานสี,,399
แลคเกอร์ HYBRID PREMIUM 4:1,บจก. วีที คัลเลอร์ โปร,40,660,28248,26400.0,2568-05-21,IV6805147,,1ลัง = 6กล.,งานสี,,400
แลคเกอร์ HYBRID PREMIUM 4:1,บจก. วีที คัลเลอร์ โปร,40,440,18832,17600.0,2568-06-26,IV6806175,ราคาที่ระบุ ยังไม่รวม VAT7%,1ลัง = 6กล.,งานสี,0.07,401
แลคเกอร์ HYBRID 9400 4:1,บจก. วีที คัลเลอร์ โปร,24,500,12840,12000.0,2568-08-19,IV6808112,ราคาที่ระบุ ยังไม่รวม VAT7%,1ลัง = 6กล.,งานสี,0.07,402
แลคเกอร์ HYBRID 9400 4:1,บจก. วีที คัลเลอร์ โปร,42,500,22470,21000.0,2568-09-17,IV6809124,ราคาที่ระบุ ยังไม่รวม VAT7%,1ลัง = 6กล.,งานสี,0.07,403
แลคเกอร์ HYBRID 9400 4:1,บจก. วีที คัลเลอร์ โปร,40,500,21400,20000.0,2568-11-03,IV6811023,ราคาที่ระบุ ยังไม่รวม VAT7%,1ลัง = 6กล.,งานสี,0.07,404
แลคเกอร์ HYBRID 9400 4:1,บจก. วีที คัลเลอร์ โปร,42,500,22470,21000.0,2568-12-17,IV6812124,,1ลัง = 6กล.,งานสี,0.07,405
ฮาร์ดเดนเนอร์ BRM PREMIUM 4:1,บจก. วีที คัลเลอร์ โปร,40,440,17600,,2565-09-20,IV183-65,ราคาที่ลง ยังไม่รวมภาษี,เวลาผสมใช้ฮาร์ด 1กป.,งานสี,,406
ฮาร์ดเดนเนอร์ BRM PREMIUM 4:1,บจก. วีที คัลเลอร์ โปร,24,440,10560,,2565-10-25,IV227-65,ราคาที่ลง ยังไม่รวมภาษี,เวลาผสมใช้ฮาร์ด 1กป.,งานสี,,407
ฮาร์ดเดนเนอร์ BRM PREMIUM 4:1,บจก. วีที คัลเลอร์ โปร,40,440,17600,,2565-11-23,IV275-65,ราคาที่ลง ยังไม่รวมภาษี,เวลาผสมใช้ฮาร์ด 1กป.,งานสี,,408
ฮาร์ดเดนเนอร์ BRM PREMIUM 4:1,บจก. วีที คัลเลอร์ โปร,30,440,13200,,2565-12-19,IV318-65,ราคาที่ลง ยังไม่รวมภาษี,เวลาผสมใช้ฮาร์ด 1กป.,งานสี,,409
ฮาร์ดเดนเนอร์ BRM PREMIUM 4:1,บจก. วีที คัลเลอร์ โปร,30,440,13200,,2566-01-20,IV042-66,ราคาที่ลง ยังไม่รวมภาษี,เวลาผสมใช้ฮาร์ด 1กป.,งานสี,,410
ฮาร์ดเดนเนอร์ BRM PREMIUM 4:1,บจก. วีที คัลเลอร์ โปร,40,440,17600,,2566-02-22,IV114-66,ราคาที่ลง ยังไม่รวมภาษี,เวลาผสมใช้ฮาร์ด 1กป.,งานสี,,411
ฮาร์ดเดนเนอร์ BRM PREMIUM 4:1,บจก. วีที คัลเลอร์ โปร,40,440,17600,,2566-03-23,IV177-66,ราคาที่ลง ยังไม่รวมภาษี,เวลาผสมใช้ฮาร์ด 1กป.,งานสี,,412
ฮาร์ดเดนเนอร์ BRM PREMIUM 4:1,บจก. วีที คัลเลอร์ โปร,50,440,22000,,2566-06-24,IV354-66,ราคาที่ลง ยังไม่รวมภาษี,เวลาผสมใช้ฮาร์ด 1กป.,งานสี,,413
ฮาร์ดเดนเนอร์ BRM PREMIUM 4:1,บจก. วีที คัลเลอร์ โปร,40,440,17600,,2566-07-27,IV425-66,ราคาที่ลง ยังไม่รวมภาษี,เวลาผสมใช้ฮาร์ด 1กป.,งานสี,,414
ฮาร์ดเดนเนอร์ BRM PREMIUM 4:1,บจก. วีที คัลเลอร์ โปร,40,440,17600,,2566-08-21,IV470-66,ราคาที่ลง ยังไม่รวมภาษี,เวลาผสมใช้ฮาร์ด 1กป.,งานสี,,415
ฮาร์ดเดนเนอร์ BRM PREMIUM 4:1,บจก. วีที คัลเลอร์ โปร,40,440,17600,,2566-09-22,IV542-66,ราคาที่ลง ยังไม่รวมภาษี,เวลาผสมใช้ฮาร์ด 1กป.,งานสี,,416
ฮาร์ดเดนเนอร์ BRM PREMIUM 4:1,บจก. วีที คัลเลอร์ โปร,46,440,20240,,2566-10-21,IV685-66,ราคาที่ลง ยังไม่รวมภาษี,เวลาผสมใช้ฮาร์ด 1กป.,งานสี,,417
ฮาร์ดเดนเนอร์ BRM PREMIUM 4:1,บจก. วีที คัลเลอร์ โปร,50,440,22000,,2566-10-24,IV620-66,ราคาที่ลง ยังไม่รวมภาษี,เวลาผสมใช้ฮาร์ด 1กป.,งานสี,,418
ฮาร์ดเดนเนอร์ BRM PREMIUM 4:1,บจก. วีที คัลเลอร์ โปร,30,440,13200,,2566-12-21,IV764-66,ราคาที่ลง ยังไม่รวมภาษี,เวลาผสมใช้ฮาร์ด 1กป.,งานสี,,419
ฮาร์ดเดนเนอร์ HYBRID PREMIUM 4:1,บจก. วีที คัลเลอร์ โปร,12,440,5280,,2567-01-24,IV6701080,ราคาที่ลง ยังไม่รวมภาษี,เวลาผสมใช้ฮาร์ด 1กป.,งานสี,,420
ฮาร์ดเดนเนอร์ HYBRID PREMIUM 4:1,บจก. วีที คัลเลอร์ โปร,40,440,17600,,2567-02-26,IV6702104,ราคาที่ลง ยังไม่รวมภาษี,เวลาผสมใช้ฮาร์ด 1กป.,งานสี,,421
ฮาร์ดเดนเนอร์ HYBRID PREMIUM 4:1,บจก. วีที คัลเลอร์ โปร,40,440,17600,,2567-04-22,IV6704071,ราคาที่ลง ยังไม่รวมภาษี,เวลาผสมใช้ฮาร์ด 1กป.,งานสี,,422
ฮาร์ดเดนเนอร์ HYBRID PREMIUM 4:1,บจก. วีที คัลเลอร์ โปร,40,440,17600,,2567-05-21,IV6705105,ราคาที่ลง ยังไม่รวมภาษี,เวลาผสมใช้ฮาร์ด 1กป.,งานสี,,423
ฮาร์ดเดนเนอร์ HYBRID PREMIUM 4:1,บจก. วีที คัลเลอร์ โปร,30,440,13200,,2567-03-19,IV6703087,ราคาที่ลง ยังไม่รวมภาษี,เวลาผสมใช้ฮาร์ด 1กป.,งานสี,,424
ฮาร์ดเดนเนอร์ HYBRID PREMIUM 4:1,บจก. วีที คัลเลอร์ โปร,40,440,17600,,2567-06-21,IV6706124,ราคาที่ลง ยังไม่รวมภาษี,เวลาผสมใช้ฮาร์ด 1กป.,งานสี,,425
ฮาร์ดเดนเนอร์ HYBRID PREMIUM 4:1,บจก. วีที คัลเลอร์ โปร,40,440,17600,,2567-07-23,IV6707131,ราคาที่ลง ยังไม่รวมภาษี,เวลาผสมใช้ฮาร์ด 1กป.,งานสี,,426
ฮาร์ดเดนเนอร์ HYBRID PREMIUM 4:1,บจก. วีที คัลเลอร์ โปร,30,440,13200,,2567-08-23,IV6708117,ราคาที่ลง ยังไม่รวมภาษี,เวลาผสมใช้ฮาร์ด 1กป.,งานสี,,427
ฮาร์ดเดนเนอร์ HYBRID PREMIUM 4:1,บจก. วีที คัลเลอร์ โปร,30,440,13200,,2567-09-24,IV6709123,ราคาที่ลง ยังไม่รวมภาษี,เวลาผสมใช้ฮาร์ด 1กป.,งานสี,,428
ฮาร์ดเดนเนอร์ HYBRID PREMIUM 4:1,บจก. วีที คัลเลอร์ โปร,40,440,17600,,2567-10-21,IV6710109,ราคาที่ลง ยังไม่รวมภาษี,เวลาผสมใช้ฮาร์ด 1กป.,งานสี,,429
ฮาร์ดเดนเนอร์ HYBRID PREMIUM 4:1,บจก. วีที คัลเลอร์ โปร,40,440,17600,,2567-11-19,IV6711104,ราคาที่ลง ยังไม่รวมภาษี,เวลาผสมใช้ฮาร์ด 1กป.,งานสี,,430
ฮาร์ดเดนเนอร์ HYBRID PREMIUM 4:1,บจก. วีที คัลเลอร์ โปร,40,440,17600,,2567-12-18,IV6712085,ราคาที่ลง ยังไม่รวมภาษี,เวลาผสมใช้ฮาร์ด 1กป.,งานสี,,431
ฮาร์ดเดนเนอร์ HYBRID PREMIUM 4:1,บจก. วีที คัลเลอร์ โปร,40,470.8,18832,,2568-01-21,IV6801106,ราคารวม VAT แล้ว,เวลาผสมใช้ฮาร์ด 1กป.,งานสี,,432
ฮาร์ดเดนเนอร์ HYBRID PREMIUM 4:1,บจก. วีที คัลเลอร์ โปร,40,470.8,18832,,2568-02-24,IV6802145,ราคารวม VAT แล้ว,เวลาผสมใช้ฮาร์ด 1กป.,งานสี,,433
ฮาร์ดเดนเนอร์ HYBRID PREMIUM 4:1,บจก. วีที คัลเลอร์ โปร,40,470.8,18832,,2568-03-26,IV6803172,ราคารวม VAT แล้ว,เวลาผสมใช้ฮาร์ด 1กป.,งานสี,,434
ฮาร์ดเดนเนอร์ HYBRID PREMIUM 4:1,บจก. วีที คัลเลอร์ โปร,30,440,14124,13200.0,2568-04-24,IV6804121,,เวลาผสมใช้ฮาร์ด 1กป.,งานสี,,435
ฮาร์ดเดนเนอร์ HYBRID PREMIUM 4:1,บจก. วีที คัลเลอร์ โปร,40,440,18832,17600.0,2568-05-21,IV6805147,,เวลาผสมใช้ฮาร์ด 1กป.,งานสี,,436
ฮาร์ดเดนเนอร์ HYBRID 9401 4:1,บจก. วีที คัลเลอร์ โปร,24,300,7704,7200.0,2568-08-19,IV6808112,,เวลาผสมใช้ฮาร์ด 1กป.,งานสี,0.07,437
ฮาร์ดเดนเนอร์ HYBRID 9401 4:1,บจก. วีที คัลเลอร์ โปร,42,300,13482,12600.0,2568-09-17,IV6809124,,เวลาผสมใช้ฮาร์ด 1กป.,งานสี,0.07,438
ฮาร์ดเดนเนอร์ HYBRID 9401 4:1,บจก. วีที คัลเลอร์ โปร,40,300,12840,12000.0,2568-11-03,IV6811023,ราคาที่ระบุ ยังไม่รวม VAT7%,เวลาผสมใช้ฮาร์ด 1กป.,งานสี,0.07,439
ฮาร์ดเดนเนอร์ HYBRID 9401 4:1,บจก. วีที คัลเลอร์ โปร,42,300,13482,12600.0,2568-12-17,IV6812124,,เวลาผสมใช้ฮาร์ด 1กป.,งานสี,0.07,440
แลคเกอร์ HYBRID 9000,บจก. วีที คัลเลอร์ โปร,12,400,5136,4800.0,2568-04-01,IV6804015,,เวลาผสมใช้ฮาร์ด 1กป.,งานสี,,441
แลคเกอร์ HYBRID 9000,บจก. วีที คัลเลอร์ โปร,12,320,4108.8,3840.0,2568-04-01,IV6804015,,เวลาผสมใช้ฮาร์ด 1กป.,งานสี,,442
เคลียร์ BRM PREMIUM 4:1,บจก. วีที คัลเลอร์ โปร,40,1100,44000,,2565-08-24,IV147-65,ราคาที่ลง ยังไม่รวมภาษี,เวลาผสมใช้ฮาร์ด 1กป.,งานสี,,443
ฮาร์ด แลคเกอร์ Matrix MAV-747 (NEW) (1L.)  4:1,ทรัพย์สินไทย,20,550,11000,,2563-02-20,,ราคาที่ลง ยังไม่รวมภาษี,เวลาผสมใช้ฮาร์ด 1กป.,งานสี,,444
ฮาร์ด แลคเกอร์ Matrix MAV-171 (1L.)  4:1,ทรัพย์สินไทย,30,550,16500,,2563-03-24,,ราคาที่ลง ยังไม่รวมภาษี,เวลาผสมใช้ฮาร์ด 1กป.,งานสี,,445
ฮาร์ด แลคเกอร์ Matrix MAV-171 (1L.)  4:1,ทรัพย์สินไทย,24,550,13200,,2563-04-23,,ราคาที่ลง ยังไม่รวมภาษี,เวลาผสมใช้ฮาร์ด 1กป.,งานสี,,446
ฮาร์ด แลคเกอร์ Matrix MAV-171 (1L.)  4:1,ทรัพย์สินไทย,24,550,13200,,2563-06-25,,ราคาที่ลง ยังไม่รวมภาษี,เวลาผสมใช้ฮาร์ด 1กป.,งานสี,,447
ฮาร์ด แลคเกอร์ Matrix MAV-171 (1L.)  4:1,ทรัพย์สินไทย,24,550,13200,,2563-07-24,,ราคาที่ลง ยังไม่รวมภาษี,เวลาผสมใช้ฮาร์ด 1กป.,งานสี,,448
ฮาร์ด แลคเกอร์ Matrix MAV-171 (1L.)  4:1,ทรัพย์สินไทย,6,550,3300,,2563-10-26,,ราคาที่ลง ยังไม่รวมภาษี,เวลาผสมใช้ฮาร์ด 1กป.,งานสี,,449
ฮาร์ด แลคเกอร์ Matrix MAV-171 (1L.)  4:1,ทรัพย์สินไทย,24,550,13200,,2563-10-21,,ราคาที่ลง ยังไม่รวมภาษี,เวลาผสมใช้ฮาร์ด 1กป.,งานสี,,450
ฮาร์ด แลคเกอร์ Matrix MAV-171 (1L.)  4:1,ทรัพย์สินไทย,24,550,13200,,2563-11-22,,ราคาที่ลง ยังไม่รวมภาษี,เวลาผสมใช้ฮาร์ด 1กป.,งานสี,,451
ฮาร์ด แลคเกอร์ Matrix MAV-171 (1L.)  4:1,ทรัพย์สินไทย,30,550,16500,,2563-11-25,,ราคาที่ลง ยังไม่รวมภาษี,เวลาผสมใช้ฮาร์ด 1กป.,งานสี,,452
ฮาร์ด แลคเกอร์ Matrix MAV-171 (1L.)  4:1,ทรัพย์สินไทย,30,550,16500,,2563-12-21,,ราคาที่ลง ยังไม่รวมภาษี,เวลาผสมใช้ฮาร์ด 1กป.,งานสี,,453
ฮาร์ด แลคเกอร์ Matrix MAV-171 (1L.)  4:1,ทรัพย์สินไทย,36,550,19800,,2564-02-23,,ราคาที่ลง ยังไม่รวมภาษี,เวลาผสมใช้ฮาร์ด 1กป.,งานสี,,454
ฮาร์ด แลคเกอร์ Matrix MAV-171 (1L.)  4:1,ทรัพย์สินไทย,35,550,19250,,2564-06-18,,ราคาที่ลง ยังไม่รวมภาษี,เวลาผสมใช้ฮาร์ด 1กป.,งานสี,,455
ฮาร์ด แลคเกอร์ Matrix MAV-171 (1L.)  4:1,ทรัพย์สินไทย,10,550,5500,,2564-06-21,,ราคาที่ลง ยังไม่รวมภาษี,เวลาผสมใช้ฮาร์ด 1กป.,งานสี,,456
ฮาร์ด แลคเกอร์ Matrix MAV-171 (1L.)  4:1,ทรัพย์สินไทย,5,550,2750,,2564-06-22,,ราคาที่ลง ยังไม่รวมภาษี,เวลาผสมใช้ฮาร์ด 1กป.,งานสี,,457
ฮาร์ด แลคเกอร์ Matrix MAV-171 (1L.)  4:1,ทรัพย์สินไทย,40,550,22000,,2564-07-26,,ราคาที่ลง ยังไม่รวมภาษี,เวลาผสมใช้ฮาร์ด 1กป.,งานสี,,458
ฮาร์ด แลคเกอร์ Matrix MAV-171 (1L.)  4:1,ทรัพย์สินไทย,24,550,13200,,2564-09-22,IV6409286,ราคาที่ลง ยังไม่รวมภาษี,เวลาผสมใช้ฮาร์ด 1กป.,งานสี,,459
ฮาร์ด แลคเกอร์ Matrix MAV-171 (1L.)  4:1,ทรัพย์สินไทย,24,550,13200,,2564-10-26,IV6410365,ราคาที่ลง ยังไม่รวมภาษี,เวลาผสมใช้ฮาร์ด 1กป.,งานสี,,460
ฮาร์ด แลคเกอร์ Matrix MAV-171 (1L.)  4:1,ทรัพย์สินไทย,40,550,22000,,2564-11-23,IV6411357,ราคาที่ลง ยังไม่รวมภาษี,เวลาผสมใช้ฮาร์ด 1กป.,งานสี,,461
ฮาร์ด แลคเกอร์ Matrix MAV-171 (1L.)  4:1,ทรัพย์สินไทย,40,550,22000,,2564-12-22,IV6412301,ราคาที่ลง ยังไม่รวมภาษี,เวลาผสมใช้ฮาร์ด 1กป.,งานสี,,462
ฮาร์ด แลคเกอร์ Matrix MAV-171 (1L.)  4:1,ทรัพย์สินไทย,40,550,22000,,2565-03-23,IV6503299,ราคาที่ลง ยังไม่รวมภาษี,เวลาผสมใช้ฮาร์ด 1กป.,งานสี,,463
ฮาร์ด แลคเกอร์ Matrix MAV-171 (1L.)  4:1,ทรัพย์สินไทย,30,550,16500,,2565-04-27,IV6504237,ราคาที่ลง ยังไม่รวมภาษี,เวลาผสมใช้ฮาร์ด 1กป.,งานสี,,464
ฮาร์ด แลคเกอร์ Matrix MAV-171 (1L.)  4:1,ทรัพย์สินไทย,50,550,27500,,2565-05-25,IV6505292,ราคาที่ลง ยังไม่รวมภาษี,เวลาผสมใช้ฮาร์ด 1กป.,งานสี,,465
ฮาร์ด แลคเกอร์ Matrix MAV-171 (1L.)  4:1,ทรัพย์สินไทย,40,550,22000,,2565-06-27,IV6506338,ราคาที่ลง ยังไม่รวมภาษี,เวลาผสมใช้ฮาร์ด 1กป.,งานสี,,466
แลคเกอร์ Acler por xpress 5L,บจก. วีที คัลเลอร์ โปร,2,1915,3255.5,,2567-09-26,IV6709136,ราคาที่ลง ยังไม่รวมภาษี,เวลาผสมใช้ฮาร์ด 1กป.,งานสี,0.85,467
ฮาร์ดเดนเนอร์ P25 น้ำยาเร่งแห้งปกติ 2.5L,บจก. วีที คัลเลอร์ โปร,2,2210,3757,,2567-09-26,IV6709136,ราคาที่ลง ยังไม่รวมภาษี,เวลาผสมใช้ฮาร์ด 1กป.,งานสี,0.85,468
ทินเนอร์ Sikken Medium,บจก. วีที คัลเลอร์ โปร,1,1405,1194.25,,2567-09-26,IV6709136,ราคาที่ลง ยังไม่รวมภาษี,เวลาผสมใช้ฮาร์ด 1กป.,งานสี,0.85,469
SIKKENS Autoclear Xcel (5L) 2:1,ทรัพย์สินไทย,1,1850,1850,,2563-03-20,,ราคาที่ลง ยังไม่รวมภาษี,เวลาผสมใช้ฮาร์ด 1กป.,งานสี,15.0,470
SIKKENS Autoclear Xcel (5L) 2:1,ทรัพย์สินไทย,1,1990,1990,,2564-09-28,IV6409065,ราคาที่ลง ยังไม่รวมภาษี,เวลาผสมใช้ฮาร์ด 1กป.,งานสี,15.0,471
SIKKENS P-25 Hardener (2.5L) แบบแห้งช้า,ทรัพย์สินไทย,1,1800,1800,,2563-03-20,,ราคาที่ลง ยังไม่รวมภาษี,เวลาผสมใช้ฮาร์ด 1กป.,งานสี,15.0,472
SIKKENS P-25 Hardener (2.5L) แบบแห้งช้า,ทรัพย์สินไทย,1,1950,1950,,2564-09-28,IV6409065,ราคาที่ลง ยังไม่รวมภาษี,เวลาผสมใช้ฮาร์ด 1กป.,งานสี,15.0,473
สีรองพื้นสีดำ Nuclear 4400,PB Paint,32,820,26240,,2562-07-05,,ราคาที่ลง ยังไม่รวมภาษี,สีรองพื้นสีดำ,งานสี,,474
สีรองพื้นสีดำ Nuclear 4400,PB Paint,32,820,26240,,2562-08-08,,ราคาที่ลง ยังไม่รวมภาษี,สีรองพื้นสีดำ,งานสี,,475
สีรองพื้นสีดำ Nuclear 4400,PB Paint,40,820,32800,,2562-09-10,,ราคาที่ลง ยังไม่รวมภาษี,สีรองพื้นสีดำ,งานสี,,476
สีรองพื้นสีดำ Nuclear 4400,PB Paint,50,820,41000,,2562-12-18,,ราคาที่ลง ยังไม่รวมภาษี,สีรองพื้นสีดำ,งานสี,,477
สีรองพื้นสีดำ Nuclear 4400,PB Paint,2,820,1640,,2563-03-25,,ราคาที่ลง ยังไม่รวมภาษี,สีรองพื้นสีดำ,งานสี,,478
สีรองพื้นสีดำ Nuclear 4400,PB Paint,28,820,22960,,2563-03-25,,ราคาที่ลง ยังไม่รวมภาษี,สีรองพื้นสีดำ,งานสี,,479
สีรองพื้นสีดำ Nuclear 4400,PB Paint,40,820,32800,,2563-04-20,,ราคาที่ลง ยังไม่รวมภาษี,สีรองพื้นสีดำ,งานสี,,480
สีรองพื้นสีดำ Nuclear 4400,PB Paint,40,820,32800,,2563-06-02,,ราคาที่ลง ยังไม่รวมภาษี,สีรองพื้นสีดำ,งานสี,,481
สีรองพื้นสีดำ Nuclear 4400,PB Paint,40,820,32800,,2563-08-20,,ราคาที่ลง ยังไม่รวมภาษี,สีรองพื้นสีดำ,งานสี,,482
สีรองพื้นสีดำ Nuclear 4400,PB Paint,40,820,32800,,2563-11-01,,ราคาที่ลง ยังไม่รวมภาษี,สีรองพื้นสีดำ,งานสี,,483
สีรองพื้นสีดำ Nuclear 4400,PB Paint,40,820,32800,,2563-12-09,,ราคาที่ลง ยังไม่รวมภาษี,สีรองพื้นสีดำ,งานสี,,484
สีรองพื้นสีดำ Nuclear 4400,PB Paint,40,820,32800,,2564-01-25,,ราคาที่ลง ยังไม่รวมภาษี,สีรองพื้นสีดำ,งานสี,,485
สีรองพื้นสีดำ Nuclear 4400,PB Paint,40,820,32800,,2564-03-08,,ราคาที่ลง ยังไม่รวมภาษี,สีรองพื้นสีดำ,งานสี,,486
สีรองพื้นสีดำ Nuclear 4400,PB Paint,40,820,32800,,2564-04-05,,ราคาที่ลง ยังไม่รวมภาษี,สีรองพื้นสีดำ,งานสี,,487
สีรองพื้นสีดำ Nuclear 4400,PB Paint,40,820,32800,,2564-09-15,,ราคาที่ลง ยังไม่รวมภาษี,สีรองพื้นสีดำ,งานสี,,488
สีรองพื้นสีดำ Nuclear 4400,PB Paint,40,820,32800,,2564-11-10,64/690,ราคาที่ลง ยังไม่รวมภาษี,สีรองพื้นสีดำ,งานสี,,489
สีรองพื้นสีดำ Nuclear 4400,PB Paint,48,820,39360,,2564-12-09,64/756,ราคาที่ลง ยังไม่รวมภาษี,สีรองพื้นสีดำ,งานสี,,490
สีรองพื้นสีดำ Nuclear 4400,PB Paint,48,820,39360,,2565-02-21,65/113,ราคาที่ลง ยังไม่รวมภาษี,สีรองพื้นสีดำ,งานสี,,491
สีรองพื้นสีดำ Nuclear 4400,PB Paint,40,820,32800,,2565-05-20,65/307,ราคาที่ลง ยังไม่รวมภาษี,สีรองพื้นสีดำ,งานสี,,492
สีรองพื้นสีดำ Nuclear 4400,PB Paint,40,820,32800,,2565-07-01,65/399,ราคาที่ลง ยังไม่รวมภาษี,สีรองพื้นสีดำ,งานสี,,493
สีรองพื้นสีดำ Nuclear 4400,PB Paint,40,820,32800,,2565-09-16,65/582,ราคาที่ลง ยังไม่รวมภาษี,สีรองพื้นสีดำ,งานสี,,494
สีรองพื้นสีดำ Nuclear 4400,PB Paint,40,820,32800,,2565-10-25,65/673,ราคาที่ลง ยังไม่รวมภาษี,สีรองพื้นสีดำ,งานสี,,495
สีรองพื้นสีดำ Nuclear 4400,PB Paint,40,820,32800,,2565-12-14,65/800,ราคาที่ลง ยังไม่รวมภาษี,สีรองพื้นสีดำ,งานสี,,496
สีรองพื้นสีดำ Nuclear 4400,PB Paint,40,820,32800,,2566-02-09,66/078,ราคาที่ลง ยังไม่รวมภาษี,สีรองพื้นสีดำ,งานสี,,497
สีรองพื้นสีดำ Nuclear 4400,PB Paint,40,820,32800,,2566-03-21,66/175,ราคาที่ลง ยังไม่รวมภาษี,สีรองพื้นสีดำ,งานสี,,498
สีรองพื้นสีดำ Nuclear 4400,PB Paint,40,820,32800,,2566-05-15,66/287,ราคาที่ลง ยังไม่รวมภาษี,สีรองพื้นสีดำ,งานสี,,499
สีรองพื้นสีดำ Nuclear 4400,PB Paint,40,820,32800,,2566-06-26,66/393,ราคาที่ลง ยังไม่รวมภาษี,สีรองพื้นสีดำ,งานสี,,500
สีรองพื้นสีดำ Nuclear 4400,PB Paint,40,820,32800,,2566-07-25,66/456,ราคาที่ลง ยังไม่รวมภาษี,สีรองพื้นสีดำ,งานสี,,501
สีรองพื้นสีดำ Nuclear 4400,PB Paint,40,820,32800,,2566-08-22,66/521,ราคาที่ลง ยังไม่รวมภาษี,สีรองพื้นสีดำ,งานสี,,502
สีรองพื้นสีดำ Nuclear 4400,PB Paint,40,820,32800,,2566-09-22,66/601,ราคาที่ลง ยังไม่รวมภาษี,สีรองพื้นสีดำ,งานสี,,503
สีรองพื้นสีดำ Nuclear 4400,PB Paint,40,820,32800,,2566-10-24,66/667,ราคาที่ลง ยังไม่รวมภาษี,สีรองพื้นสีดำ,งานสี,,504
สีรองพื้นสีดำ Nuclear 4400,PB Paint,40,820,32800,,2566-11-23,66/746,ราคาที่ลง ยังไม่รวมภาษี,สีรองพื้นสีดำ,งานสี,,505
สีรองพื้นสีดำ Nuclear 4400,PB Paint,40,820,32800,,2566-12-21,66/823,ราคาที่ลง ยังไม่รวมภาษี,สีรองพื้นสีดำ,งานสี,,506
สีรองพื้นสีดำ Nuclear 4400,PB Paint,40,820,32800,,2567-03-21,67/163,ราคาที่ลง ยังไม่รวมภาษี,สีรองพื้นสีดำ,งานสี,,507
สีรองพื้นสีดำ Nuclear 4400,PB Paint,40,820,32800,,2567-05-21,67/278,ราคาที่ลง ยังไม่รวมภาษี,สีรองพื้นสีดำ,งานสี,,508
สีรองพื้นสีดำ Nuclear 4400,PB Paint,40,820,32800,,2567-06-26,67/370,ราคาที่ลง ยังไม่รวมภาษี,สีรองพื้นสีดำ,งานสี,,509
สีรองพื้นสีดำ Nuclear 4400,PB Paint,30,820,24600,,2567-08-22,67/481,ราคาที่ลง ยังไม่รวมภาษี,สีรองพื้นสีดำ,งานสี,,510
สีรองพื้นสีดำ Nuclear 4400,PB Paint,30,820,24600,,2567-10-17,67/601,ราคาที่ลง ยังไม่รวมภาษี,สีรองพื้นสีดำ,งานสี,,511
สีรองพื้นสีดำ Nuclear 4400,PB Paint,30,820,24600,,2567-11-20,67/666,ราคาที่ลง ยังไม่รวมภาษี,สีรองพื้นสีดำ,งานสี,,512
สีรองพื้นสีดำ Nuclear 4400,PB Paint,30,820,24600,,2567-12-13,67/720,ราคาที่ลง ยังไม่รวมภาษี,สีรองพื้นสีดำ,งานสี,,513
สีรองพื้นสีดำ Nuclear-11,PB Paint,40,877.4,35096,,2568-02-13,PB2025020017,ราคารวม VAT แล้ว,สีรองพื้นสีดำ,งานสี,,514
สีรองพื้นสีดำ Nuclear-11,PB Paint,30,877.4,26322,,2568-03-25,PB2025030040,ราคารวม VAT แล้ว,สีรองพื้นสีดำ,งานสี,,515
สีรองพื้นสีดำ Nuclear-11,PB Paint,40,820,35096,32800.0,2568-05-21,PB2025050032,,สีรองพื้นสีดำ,งานสี,,516
สีรองพื้นสีดำ Nuclear-11,PB Paint,30,820,26322,24600.0,2568-06-16,PB2025060025,,สีรองพื้นสีดำ,งานสี,,517
สีรองพื้นสีดำกลบรอยอเนกประสงค์ LEZZON 2370,บจก. วีที คัลเลอร์ โปร,40,530,22684,21200.0,2568-09-17,IV6809124,,1ลัง = 4กป.,งานสี,,518
สีรองพื้นสีดำกลบรอยอเนกประสงค์ LEZZON 2370,บจก. วีที คัลเลอร์ โปร,40,530,22684,21200.0,2568-11-26,IV6811186,,1ลัง = 4กป.,งานสี,,519
สีรองพื้นสีดำกลบรอยอเนกประสงค์ LEZZON 2370,บจก. วีที คัลเลอร์ โปร,20,530,11342,10600.0,2569-03-06,IV6903059,,1ลัง = 4กป.,งานสี,,520
ฮาร์ดเดนเนอร์ สีรองพื้น 4:1,PB Paint,32,380,12160,,2562-07-05,,ราคาที่ลง ยังไม่รวมภาษี,1ลัง = 4กป.,งานสี,,521
ฮาร์ดเดนเนอร์ สีรองพื้น 4:1,PB Paint,32,380,12160,,2562-08-08,,ราคาที่ลง ยังไม่รวมภาษี,1ลัง = 4กป.,งานสี,,522
ฮาร์ดเดนเนอร์ สีรองพื้น 4:1,PB Paint,40,380,15200,,2562-09-10,,ราคาที่ลง ยังไม่รวมภาษี,1ลัง = 4กป.,งานสี,,523
ฮาร์ดเดนเนอร์ สีรองพื้น 4:1,PB Paint,50,380,19000,,2562-12-18,,ราคาที่ลง ยังไม่รวมภาษี,1ลัง = 4กป.,งานสี,,524
ฮาร์ดเดนเนอร์ สีรองพื้น 4:1,PB Paint,30,380,11400,,2563-03-25,,ราคาที่ลง ยังไม่รวมภาษี,1ลัง = 4กป.,งานสี,,525
ฮาร์ดเดนเนอร์ สีรองพื้น 4:1,PB Paint,40,380,15200,,2563-04-20,,ราคาที่ลง ยังไม่รวมภาษี,1ลัง = 4กป.,งานสี,,526
ฮาร์ดเดนเนอร์ สีรองพื้น 4:1,PB Paint,40,380,15200,,2563-06-02,,ราคาที่ลง ยังไม่รวมภาษี,1ลัง = 4กป.,งานสี,,527
ฮาร์ดเดนเนอร์ สีรองพื้น 4:1,PB Paint,40,380,15200,,2563-08-20,,ราคาที่ลง ยังไม่รวมภาษี,1ลัง = 4กป.,งานสี,,528
ฮาร์ดเดนเนอร์ สีรองพื้น 4:1,PB Paint,40,380,15200,,2563-11-01,,ราคาที่ลง ยังไม่รวมภาษี,1ลัง = 4กป.,งานสี,,529
ฮาร์ดเดนเนอร์ สีรองพื้น 4:1,PB Paint,40,380,15200,,2563-12-09,,ราคาที่ลง ยังไม่รวมภาษี,1ลัง = 4กป.,งานสี,,530
ฮาร์ดเดนเนอร์ สีรองพื้น 4:1,PB Paint,40,380,15200,,2564-01-25,,ราคาที่ลง ยังไม่รวมภาษี,1ลัง = 4กป.,งานสี,,531
ฮาร์ดเดนเนอร์ สีรองพื้น 4:1,PB Paint,40,380,15200,,2564-03-08,,ราคาที่ลง ยังไม่รวมภาษี,1ลัง = 4กป.,งานสี,,532
ฮาร์ดเดนเนอร์ สีรองพื้น 4:1,PB Paint,40,380,15200,,2564-04-05,,ราคาที่ลง ยังไม่รวมภาษี,1ลัง = 4กป.,งานสี,,533
ฮาร์ดเดนเนอร์ สีรองพื้น 4:1,PB Paint,40,380,15200,,2564-09-15,,ราคาที่ลง ยังไม่รวมภาษี,1ลัง = 4กป.,งานสี,,534
ฮาร์ดเดนเนอร์ สีรองพื้น 4:1,PB Paint,40,380,15200,,2564-11-10,64/690,ราคาที่ลง ยังไม่รวมภาษี,1ลัง = 4กป.,งานสี,,535
ฮาร์ดเดนเนอร์ สีรองพื้น 4:1,PB Paint,48,380,18240,,2564-12-09,64/756,ราคาที่ลง ยังไม่รวมภาษี,1ลัง = 4กป.,งานสี,,536
ฮาร์ดเดนเนอร์ สีพื้นกลบลอย LEZZON H-4400,บจก. วีที คัลเลอร์ โปร,24,230,5520,,2565-10-25,IV227-65,ราคาที่ลง ยังไม่รวมภาษี,1ลัง = 4กป.,งานสี,,537
ฮาร์ดเดนเนอร์ สีพื้นกลบลอย LEZZON H-4400,บจก. วีที คัลเลอร์ โปร,20,300,6000,,2565-11-23,IV275-65,ราคาที่ลง ยังไม่รวมภาษี,1ลัง = 4กป.,งานสี,,538
ฮาร์ดเดนเนอร์ สีพื้นกลบลอย LEZZON H-4400,บจก. วีที คัลเลอร์ โปร,20,300,6000,,2566-02-22,IV114-66,ราคาที่ลง ยังไม่รวมภาษี,1ลัง = 4กป.,งานสี,,539
ฮาร์ดเดนเนอร์ สีพื้นกลบลอย LEZZON H-4400,บจก. วีที คัลเลอร์ โปร,20,300,6000,,2566-03-23,IV177-66,ราคาที่ลง ยังไม่รวมภาษี,1ลัง = 4กป.,งานสี,,540
ฮาร์ดเดนเนอร์ สีพื้นกลบลอย LEZZON H-4400,บจก. วีที คัลเลอร์ โปร,5,300,1500,,2566-07-27,IV425-66,ราคาที่ลง ยังไม่รวมภาษี,1ลัง = 4กป.,งานสี,,541
ฮาร์ดเดนเนอร์ สีพื้นกลบลอย LEZZON H-4400,บจก. วีที คัลเลอร์ โปร,24,300,7200,,2566-08-21,IV470-66,ราคาที่ลง ยังไม่รวมภาษี,1ลัง = 4กป.,งานสี,,542
ฮาร์ดเดนเนอร์ สีพื้นกลบลอย LEZZON H-4400,บจก. วีที คัลเลอร์ โปร,16,300,4800,,2566-10-24,IV620-66,ราคาที่ลง ยังไม่รวมภาษี,1ลัง = 4กป.,งานสี,,543
ฮาร์ดเดนเนอร์ สีพื้นกลบลอย LEZZON H-4400,บจก. วีที คัลเลอร์ โปร,20,300,6000,,2566-12-21,IV764-66,ราคาที่ลง ยังไม่รวมภาษี,1ลัง = 4กป.,งานสี,,544
ฮาร์ดเดนเนอร์ สีพื้นกลบลอย LEZZON H-4400,บจก. วีที คัลเลอร์ โปร,12,300,3600,,2567-01-24,IV6701080,ราคาที่ลง ยังไม่รวมภาษี,1ลัง = 4กป.,งานสี,,545
ฮาร์ดเดนเนอร์ สีพื้นกลบลอย LEZZON H-4400,บจก. วีที คัลเลอร์ โปร,12,300,3600,,2567-02-26,IV6702104,ราคาที่ลง ยังไม่รวมภาษี,1ลัง = 4กป.,งานสี,,546
ฮาร์ดเดนเนอร์ สีพื้นกลบลอย LEZZON H-4400,บจก. วีที คัลเลอร์ โปร,15,300,4500,,2567-03-19,IV6703087,ราคาที่ลง ยังไม่รวมภาษี,1ลัง = 4กป.,งานสี,,547
ฮาร์ดเดนเนอร์ สีพื้นกลบลอย LEZZON H-4400,บจก. วีที คัลเลอร์ โปร,24,300,7200,,2567-04-22,IV6704071,ราคาที่ลง ยังไม่รวมภาษี,1ลัง = 4กป.,งานสี,,548
ฮาร์ดเดนเนอร์ สีรองพื้น 4:1,PB Paint,48,380,18240,,2565-02-21,65/113,ราคาที่ลง ยังไม่รวมภาษี,1ลัง = 4กป.,งานสี,,549
ฮาร์ดเดนเนอร์ สีรองพื้น 4:1,PB Paint,40,380,15200,,2565-05-20,65/307,ราคาที่ลง ยังไม่รวมภาษี,1ลัง = 4กป.,งานสี,,550
ฮาร์ดเดนเนอร์ สีรองพื้น 4:1,PB Paint,40,380,15200,,2565-07-01,65/399,ราคาที่ลง ยังไม่รวมภาษี,1ลัง = 4กป.,งานสี,,551
ฮาร์ดเดนเนอร์ สีรองพื้น 4:1,PB Paint,40,380,15200,,2565-09-16,65/582,ราคาที่ลง ยังไม่รวมภาษี,1ลัง = 4กป.,งานสี,,552
ฮาร์ดเดนเนอร์ สีรองพื้น 4:1,PB Paint,40,380,15200,,2565-10-25,65/673,ราคาที่ลง ยังไม่รวมภาษี,1ลัง = 4กป.,งานสี,,553
ฮาร์ดเดนเนอร์ สีรองพื้น 4:1,PB Paint,40,380,15200,,2565-12-14,65/800,ราคาที่ลง ยังไม่รวมภาษี,1ลัง = 4กป.,งานสี,,554
ฮาร์ดเดนเนอร์ สีรองพื้น 4:1,PB Paint,40,380,15200,,2566-02-09,66/078,ราคาที่ลง ยังไม่รวมภาษี,1ลัง = 4กป.,งานสี,,555
ฮาร์ดเดนเนอร์ สีรองพื้น 4:1,PB Paint,40,380,15200,,2566-03-21,66/175,ราคาที่ลง ยังไม่รวมภาษี,1ลัง = 4กป.,งานสี,,556
ฮาร์ดเดนเนอร์ สีรองพื้น 4:1,PB Paint,40,380,15200,,2566-05-15,66/287,ราคาที่ลง ยังไม่รวมภาษี,1ลัง = 4กป.,งานสี,,557
ฮาร์ดเดนเนอร์ สีรองพื้น 4:1,PB Paint,40,380,15200,,2566-06-26,66/393,ราคาที่ลง ยังไม่รวมภาษี,1ลัง = 4กป.,งานสี,,558
ฮาร์ดเดนเนอร์ สีรองพื้น 4:1,PB Paint,40,380,15200,,2566-07-25,66456,ราคาที่ลง ยังไม่รวมภาษี,1ลัง = 4กป.,งานสี,,559
ฮาร์ดเดนเนอร์ สีรองพื้น 4:1,PB Paint,40,380,15200,,2566-08-22,66/521,ราคาที่ลง ยังไม่รวมภาษี,1ลัง = 4กป.,งานสี,,560
ฮาร์ดเดนเนอร์ สีรองพื้น 4:1,PB Paint,40,380,15200,,2566-09-22,66/601,ราคาที่ลง ยังไม่รวมภาษี,1ลัง = 4กป.,งานสี,,561
ฮาร์ดเดนเนอร์ สีรองพื้น 4:1,PB Paint,40,380,15200,,2566-10-24,66/667,ราคาที่ลง ยังไม่รวมภาษี,1ลัง = 4กป.,งานสี,,562
ฮาร์ดเดนเนอร์ สีรองพื้น 4:1,PB Paint,40,380,15200,,2566-11-23,66/746,ราคาที่ลง ยังไม่รวมภาษี,1ลัง = 4กป.,งานสี,,563
ฮาร์ดเดนเนอร์ สีรองพื้น 4:1,PB Paint,40,380,15200,,2566-12-21,66/823,ราคาที่ลง ยังไม่รวมภาษี,1ลัง = 4กป.,งานสี,,564
ฮาร์ดเดนเนอร์ สีรองพื้น 4:1,PB Paint,40,380,15200,,2567-03-21,67/163,ราคาที่ลง ยังไม่รวมภาษี,1ลัง = 4กป.,งานสี,,565
ฮาร์ดเดนเนอร์ สีรองพื้น 4:1,PB Paint,40,380,15200,,2567-05-21,67/278,ราคาที่ลง ยังไม่รวมภาษี,1ลัง = 4กป.,งานสี,,566
ฮาร์ดเดนเนอร์ สีรองพื้น 4:1,PB Paint,40,380,15200,,2567-06-26,67/370,ราคาที่ลง ยังไม่รวมภาษี,1ลัง = 4กป.,งานสี,,567
ฮาร์ดเดนเนอร์ สีรองพื้น 4:1,PB Paint,30,380,11400,,2567-08-22,67/481,ราคาที่ลง ยังไม่รวมภาษี,1ลัง = 4กป.,งานสี,,568
ฮาร์ดเดนเนอร์ สีรองพื้น 4:1,PB Paint,30,380,11400,,2567-10-17,67601,ราคาที่ลง ยังไม่รวมภาษี,1ลัง = 4กป.,งานสี,,569
ฮาร์ดเดนเนอร์ สีรองพื้น 4:1,PB Paint,30,380,11400,,2567-11-20,67/666,ราคาที่ลง ยังไม่รวมภาษี,1ลัง = 4กป.,งานสี,,570
ฮาร์ดเดนเนอร์ สีรองพื้น 4:1,PB Paint,30,380,11400,,2567-12-13,67/720,ราคาที่ลง ยังไม่รวมภาษี,1ลัง = 4กป.,งานสี,,571
ฮาร์ดเดนเนอร์ สีรองพื้น Nuclear-01,PB Paint,40,406.6,16264,,2568-02-13,PB2025020017,ราคารวม VAT แล้ว,1ลัง = 4กป.,งานสี,,572
ฮาร์ดเดนเนอร์ สีรองพื้น Nuclear-01,PB Paint,30,406.6,12198,,2568-03-25,PB2025030040,ราคารวม VAT แล้ว,1ลัง = 4กป.,งานสี,,573
ฮาร์ดเดนเนอร์สีรองพื้นสีดำ Nuclear-01,PB Paint,40,380,16264,15200.0,2568-05-21,PB2025050032,ราคารวม VAT แล้ว,1ลัง = 4กป.,งานสี,,574
ฮาร์ดเดนเนอร์ สีรองพื้น Nuclear-01,PB Paint,30,380,12198,11400.0,2568-06-16,PB2025060025,ราคารวม VAT แล้ว,1ลัง = 4กป.,งานสี,,575
ฮาร์ดเดนเนอร์ สีรองพื้น Nuclear-01,PB Paint,7,380,2846.2,2660.0,2568-09-17,PB2025090039,ราคารวม VAT แล้ว,1ลัง = 4กป.,งานสี,,576
ฮาร์ดเดนเนอร์ สีรองพื้นสีดำ LEZZON 4400,บจก. วีที คัลเลอร์ โปร,40,220,9416,8800.0,2568-09-17,IV6809124,,1ลัง = 6กป.,งานสี,,577
ฮาร์ดเดนเนอร์ สีรองพื้นสีดำ LEZZON 4400,บจก. วีที คัลเลอร์ โปร,40,220,9416,8800.0,2568-11-26,IV6811186,,1ลัง = 6กป.,งานสี,,578
ฮาร์ดเดนเนอร์ สีรองพื้นสีดำ LEZZON 4400,บจก. วีที คัลเลอร์ โปร,20,220,4708,4400.0,2569-03-06,IV6903059,,1ลัง = 6กป.,งานสี,,579
สีรองพื้น นิวเคลีย + ฮาร์ดเดนเนอร์ (มาเป็นชุด),บจก. วีที คัลเลอร์ โปร,15,1070,16050,,2568-03-26,IV6803172,ราคารวม VAT แล้ว,1ลัง = 6กป.,งานสี,,580
พื้นเทา Matrix MPV-212 (GREY) 3L.  3:1,ทรัพย์สินไทย,60,700,42000,,2562-05-24,,ราคาที่ลง ยังไม่รวมภาษี,สีรองพื้นสีเทา,งานสี,,581
พื้นเทา Matrix MPV-212 (GREY) 3L.  3:1,ทรัพย์สินไทย,60,700,42000,,2562-06-24,,ราคาที่ลง ยังไม่รวมภาษี,สีรองพื้นสีเทา,งานสี,,582
พื้นเทา Matrix MPV-212 (GREY) 3L.  3:1,ทรัพย์สินไทย,30,700,21000,,2562-08-26,,ราคาที่ลง ยังไม่รวมภาษี,สีรองพื้นสีเทา,งานสี,,583
พื้นเทา Matrix MPV-212 (GREY) 3L.  3:1,ทรัพย์สินไทย,30,700,21000,,2563-02-20,,ราคาที่ลง ยังไม่รวมภาษี,สีรองพื้นสีเทา,งานสี,,584
พื้นเทา Matrix MPV-212 (GREY) 3L.  3:1,ทรัพย์สินไทย,30,700,21000,,2563-04-23,,ราคาที่ลง ยังไม่รวมภาษี,สีรองพื้นสีเทา,งานสี,,585
พื้นเทา Matrix MPV-212 (GREY) 3L.  3:1,ทรัพย์สินไทย,32,700,22400,,2563-07-24,,ราคาที่ลง ยังไม่รวมภาษี,สีรองพื้นสีเทา,งานสี,,586
พื้นเทา Matrix MPV-212 (GREY) 3L.  3:1,ทรัพย์สินไทย,32,700,22400,,2563-11-22,,ราคาที่ลง ยังไม่รวมภาษี,สีรองพื้นสีเทา,งานสี,,587
พื้นเทา Matrix MPV-212 (GREY) 3L.  3:1,ทรัพย์สินไทย,24,700,16800,,2563-11-25,,ราคาที่ลง ยังไม่รวมภาษี,สีรองพื้นสีเทา,งานสี,,588
พื้นเทา Matrix MPV-212 (GREY) 3L.  3:1,ทรัพย์สินไทย,30,700,21000,,2563-12-21,,ราคาที่ลง ยังไม่รวมภาษี,สีรองพื้นสีเทา,งานสี,,589
พื้นเทา Matrix MPV-212 (GREY) 3L.  3:1,ทรัพย์สินไทย,30,700,21000,,2564-03-24,,ราคาที่ลง ยังไม่รวมภาษี,สีรองพื้นสีเทา,งานสี,,590
พื้นเทา Matrix MPV-212 (GREY) 3L.  3:1,ทรัพย์สินไทย,30,700,21000,,2564-06-18,,ราคาที่ลง ยังไม่รวมภาษี,สีรองพื้นสีเทา,งานสี,,591
พื้นเทา Matrix MPV-212 (GREY) 3L.  3:1,ทรัพย์สินไทย,32,700,22400,,2564-09-22,IV6409286,ราคาที่ลง ยังไม่รวมภาษี,สีรองพื้นสีเทา,งานสี,,592
พื้นเทา Matrix MPV-212 (GREY) 3L.  3:1,ทรัพย์สินไทย,24,700,16800,,2565-03-23,IV6504237,ราคาที่ลง ยังไม่รวมภาษี,สีรองพื้นสีเทา,งานสี,,593
พื้นเทา Matrix MPV-212 (GREY) 3L.  3:1,ทรัพย์สินไทย,24,700,16800,,2565-04-27,IV6504237,ราคาที่ลง ยังไม่รวมภาษี,สีรองพื้นสีเทา,งานสี,,594
ฮาร์ด พื้นเทา Matrix MAV-4048 1L.  ,ทรัพย์สินไทย,60,550,33000,,2562-05-24,,ราคาที่ลง ยังไม่รวมภาษี,สีรองพื้นสีเทา,งานสี,,595
ฮาร์ด พื้นเทา Matrix MAV-4048 1L.  ,ทรัพย์สินไทย,60,550,33000,,2562-06-24,,ราคาที่ลง ยังไม่รวมภาษี,สีรองพื้นสีเทา,งานสี,,596
ฮาร์ด พื้นเทา Matrix MAV-4048 1L.  ,ทรัพย์สินไทย,30,550,16500,,2562-08-26,,ราคาที่ลง ยังไม่รวมภาษี,สีรองพื้นสีเทา,งานสี,,597
ฮาร์ด พื้นเทา Matrix MAV-4048 1L.  ,ทรัพย์สินไทย,30,550,16500,,2563-02-20,,ราคาที่ลง ยังไม่รวมภาษี,สีรองพื้นสีเทา,งานสี,,598
ฮาร์ด พื้นเทา Matrix MAV-4048 1L.  ,ทรัพย์สินไทย,30,550,16500,,2563-04-23,,ราคาที่ลง ยังไม่รวมภาษี,สีรองพื้นสีเทา,งานสี,,599
ฮาร์ด พื้นเทา Matrix MAV-4048 1L.  ,ทรัพย์สินไทย,32,550,17600,,2563-07-24,,ราคาที่ลง ยังไม่รวมภาษี,สีรองพื้นสีเทา,งานสี,,600
ฮาร์ด พื้นเทา Matrix MAV-4048 1L.  ,ทรัพย์สินไทย,32,550,17600,,2563-11-22,,ราคาที่ลง ยังไม่รวมภาษี,สีรองพื้นสีเทา,งานสี,,601
ฮาร์ด พื้นเทา Matrix MAV-4048 1L.  ,ทรัพย์สินไทย,24,550,13200,,2563-11-25,,ราคาที่ลง ยังไม่รวมภาษี,สีรองพื้นสีเทา,งานสี,,602
ฮาร์ด พื้นเทา Matrix MAV-4048 1L.  ,ทรัพย์สินไทย,30,550,16500,,2563-12-21,,ราคาที่ลง ยังไม่รวมภาษี,สีรองพื้นสีเทา,งานสี,,603
ฮาร์ด พื้นเทา Matrix MAV-4048 1L.  ,ทรัพย์สินไทย,30,550,16500,,2564-03-24,,ราคาที่ลง ยังไม่รวมภาษี,สีรองพื้นสีเทา,งานสี,,604
ฮาร์ด พื้นเทา Matrix MAV-4048 1L.  ,ทรัพย์สินไทย,30,550,16500,,2564-06-18,,ราคาที่ลง ยังไม่รวมภาษี,สีรองพื้นสีเทา,งานสี,,605
ฮาร์ด พื้นเทา Matrix MAV-4048 1L.  ,ทรัพย์สินไทย,32,550,17600,,2564-09-22,IV6409286,ราคาที่ลง ยังไม่รวมภาษี,สีรองพื้นสีเทา,งานสี,,606
ฮาร์ด พื้นเทา Matrix MAV-4048 1L.  ,ทรัพย์สินไทย,24,550,13200,,2565-03-23,IV6503299,ราคาที่ลง ยังไม่รวมภาษี,สีรองพื้นสีเทา,งานสี,,607
ฮาร์ด พื้นเทา Matrix MAV-4048 1L.  ,ทรัพย์สินไทย,24,550,13200,,2565-04-27,IV6504237,ราคาที่ลง ยังไม่รวมภาษี,สีรองพื้นสีเทา,งานสี,,608
สีรองพื้นสีเทา Nuclear 4000,PB Paint,10,750,7500,,2567-08-22,67/481,ราคาที่ลง ยังไม่รวมภาษี,สีรองพื้นสีเทา,งานสี,,609
สีรองพื้นสีเทา Nuclear 4000,PB Paint,10,750,7500,,2567-10-17,67/601,ราคาที่ลง ยังไม่รวมภาษี,สีรองพื้นสีเทา,งานสี,,610
สีรองพื้นสีเทา Nuclear 4000,PB Paint,10,750,7500,,2567-11-20,67/666,ราคาที่ลง ยังไม่รวมภาษี,สีรองพื้นสีเทา,งานสี,,611
สีรองพื้นสีเทา Nuclear 4000,PB Paint,10,750,7500,,2567-12-13,67/720,ราคาที่ลง ยังไม่รวมภาษี,สีรองพื้นสีเทา,งานสี,,612
สีรองพื้นสีเทา Nuclear-02,PB Paint,10,802.5,8025,,2568-03-25,PB2025030040,ราคารวม VAT แล้ว,สีรองพื้นสีเทา,งานสี,,613
สีรองพื้นสีเทา Nuclear-02,PB Paint,20,750,16050,15000.0,2568-06-16,PB2025060025,,สีรองพื้นสีเทา,งานสี,0.07,614
สีรองพื้นสีเทา Nuclear-02,PB Paint,20,750,16050,15000.0,2568-07-22,PB2025070040,,สีรองพื้นสีเทา,งานสี,0.07,615
ฮาร์ดเดนเนอร์ สีรองพื้นสีเทา Nuclear-02,PB Paint,10,350,3500,,2567-08-22,67/481,ราคาที่ลง ยังไม่รวมภาษี,สีรองพื้นสีเทา,งานสี,,616
ฮาร์ดเดนเนอร์ สีรองพื้นสีเทา Nuclear-02,PB Paint,10,350,3500,,2567-10-17,67/601,ราคาที่ลง ยังไม่รวมภาษี,สีรองพื้นสีเทา,งานสี,,617
ฮาร์ดเดนเนอร์ สีรองพื้นสีเทา Nuclear-02,PB Paint,10,350,3500,,2567-11-20,67/666,ราคาที่ลง ยังไม่รวมภาษี,สีรองพื้นสีเทา,งานสี,,618
ฮาร์ดเดนเนอร์ สีรองพื้นสีเทา Nuclear-02,PB Paint,10,350,3500,,2567-12-13,67/720,ราคาที่ลง ยังไม่รวมภาษี,สีรองพื้นสีเทา,งานสี,,619
ฮาร์ดเดนเนอร์ สีรองพื้นสีเทา Nuclear-02,PB Paint,10,374.5,3745,,2568-03-25,PB2025030040,ราคารวม VAT แล้ว,สีรองพื้นสีเทา,งานสี,,620
ฮาร์ดเดนเนอร์ สีรองพื้นสีเทา Nuclear-02,PB Paint,20,350,7490,7000.0,2568-06-16,PB2025060025,,สีรองพื้นสีเทา,งานสี,0.07,621
ฮาร์ดเดนเนอร์ สีรองพื้นสีเทา Nuclear-02,PB Paint,20,350,7490,7000.0,2568-07-22,PB2025070040,,สีรองพื้นสีเทา,งานสี,0.07,622
ฮาร์ดเดนเนอร์ สีรองพื้นสีเทา Nuclear-02,PB Paint,2,350,749,700.0,2568-09-17,PB2025090039,ราคารวม VAT แล้ว,สีรองพื้นสีเทา,งานสี,,623
ฮาร์ดเดนเนอร์ สีรองพื้นสีเทา Nuclear-- สูตรของร้าน PB,บจก. วีที คัลเลอร์ โปร,2,300,642,600.0,2568-11-14,IV6811111,ราคารวม VAT แล้ว,สีรองพื้นสีเทา,งานสี,,624
สีรองพื้นสีเทาชนิดความเข้มข้นสูง 2K 4:1 LEZZON P-2617  -- พร้อมฮาร์ดเดนเนอร์ สีพื้นกลบลอย LEZZON H-4400,บจก. วีที คัลเลอร์ โปร,24,1100,26400,,2565-08-24,IV147-65,ราคาที่ลง ยังไม่รวมภาษี,สีรองพื้นสีเทา,งานสี,,625
สีรองพื้นสีเทาชนิดความเข้มข้นสูง 2K 4:1 LEZZON P-2617,บจก. วีที คัลเลอร์ โปร,24,620,14880,,2565-10-25,IV227-65,ราคาที่ลง ยังไม่รวมภาษี,1ลัง = 4กป.,งานสี,,626
สีรองพื้นสีเทาชนิดความเข้มข้นสูง 2K 4:1 LEZZON P-2617,บจก. วีที คัลเลอร์ โปร,20,800,16000,,2565-11-23,IV275-65,ราคาที่ลง ยังไม่รวมภาษี,1ลัง = 4กป.,งานสี,,627
สีรองพื้นสีเทาชนิดความเข้มข้นสูง 2K 4:1 LEZZON P-2617,บจก. วีที คัลเลอร์ โปร,20,800,16000,,2566-02-22,IV114-66,ราคาที่ลง ยังไม่รวมภาษี,1ลัง = 4กป.,งานสี,,628
สีรองพื้นสีเทาชนิดความเข้มข้นสูง 2K 4:1 LEZZON P-2617,บจก. วีที คัลเลอร์ โปร,20,800,16000,,2566-03-23,IV177-66,ราคาที่ลง ยังไม่รวมภาษี,1ลัง = 4กป.,งานสี,,629
สีรองพื้นสีเทาชนิดความเข้มข้นสูง 2K 4:1 LEZZON P-2617,บจก. วีที คัลเลอร์ โปร,24,800,19200,,2566-08-21,IV470-66,ราคาที่ลง ยังไม่รวมภาษี,1ลัง = 4กป.,งานสี,,630
สีรองพื้นสีเทาชนิดความเข้มข้นสูง 2K 4:1 LEZZON P-2617,บจก. วีที คัลเลอร์ โปร,16,800,12800,,2566-10-24,IV620-66,ราคาที่ลง ยังไม่รวมภาษี,1ลัง = 4กป.,งานสี,,631
สีรองพื้นสีเทาชนิดความเข้มข้นสูง 2K 4:1 LEZZON P-2617,บจก. วีที คัลเลอร์ โปร,20,800,16000,,2566-12-21,IV764-66,ราคาที่ลง ยังไม่รวมภาษี,1ลัง = 4กป.,งานสี,,632
สีรองพื้นสีเทาชนิดความเข้มข้นสูง 2K 4:1 LEZZON P-2617,บจก. วีที คัลเลอร์ โปร,12,800,9600,,2567-01-24,IV6701080,ราคาที่ลง ยังไม่รวมภาษี,1ลัง = 4กป.,งานสี,,633
สีรองพื้นสีเทาชนิดความเข้มข้นสูง 2K 4:1 LEZZON P-2617,บจก. วีที คัลเลอร์ โปร,12,800,9600,,2567-02-26,IV6702104,ราคาที่ลง ยังไม่รวมภาษี,1ลัง = 4กป.,งานสี,,634
สีรองพื้นสีเทาชนิดความเข้มข้นสูง 2K 4:1 LEZZON P-2617,บจก. วีที คัลเลอร์ โปร,12,800,9600,,2567-03-19,IV6703087,ราคาที่ลง ยังไม่รวมภาษี,1ลัง = 4กป.,งานสี,,635
สีรองพื้นสีเทาชนิดความเข้มข้นสูง 2K 4:1 LEZZON P-2617,บจก. วีที คัลเลอร์ โปร,24,800,19200,,2567-04-22,IV6704071,ราคาที่ลง ยังไม่รวมภาษี,1ลัง = 4กป.,งานสี,,636
สีรองพื้นสีเทาชนิดความเข้มข้นสูง 2K 4:1 LEZZON P-2617,บจก. วีที คัลเลอร์ โปร,12,580,7447.2,6960.0,2568-04-01,IV6804015,,1ลัง = 4กป.,งานสี,,637
สีรองพื้นสีเทาชนิดความเข้มข้นสูง 2K 4:1 LEZZON P-2617,บจก. วีที คัลเลอร์ โปร,12,580,7447.2,6960.0,2568-08-19,IV6808112,,1ลัง = 4กป.,งานสี,,638
สีรองพื้นสีเทาชนิดความเข้มข้นสูง 2K 4:1 LEZZON P-2617,บจก. วีที คัลเลอร์ โปร,20,580,12412,11600.0,2568-09-17,IV6809124,,1ลัง = 4กป.,งานสี,,639
ฮาร์ดเดนเนอร์สีรองพื้นสีเทา LEZZON 4122,บจก. วีที คัลเลอร์ โปร,12,220,2824.8,2640.0,2568-08-19,IV6808112,,1ลัง = 6กป.,งานสี,,640
ฮาร์ดเดนเนอร์สีรองพื้นสีเทา LEZZON 4122,บจก. วีที คัลเลอร์ โปร,20,220,4708,4400.0,2568-09-17,IV6809124,,1ลัง = 6กป.,งานสี,,641
ทินเนอร์ Extra Slow New 5L. (ใส่ผสมกับทินเนอร์),ทรัพย์สินไทย,6,660,3960,,2562-05-24,,ราคาที่ลง ยังไม่รวมภาษี,Extra Slow,งานสี,,642
ทินเนอร์ Extra Slow New 5L. (ใส่ผสมกับทินเนอร์),ทรัพย์สินไทย,12,660,7920,,2562-06-24,,ราคาที่ลง ยังไม่รวมภาษี,Extra Slow,งานสี,,643
ทินเนอร์ Extra Slow New 5L. (ใส่ผสมกับทินเนอร์),ทรัพย์สินไทย,12,660,7920,,2562-07-24,,ราคาที่ลง ยังไม่รวมภาษี,Extra Slow,งานสี,,644
ทินเนอร์ Extra Slow New 5L. (ใส่ผสมกับทินเนอร์),ทรัพย์สินไทย,18,660,11880,,2562-09-24,,ราคาที่ลง ยังไม่รวมภาษี,Extra Slow,งานสี,,645
ทินเนอร์ Extra Slow New 5L. (ใส่ผสมกับทินเนอร์),ทรัพย์สินไทย,12,660,7920,,2563-02-20,,ราคาที่ลง ยังไม่รวมภาษี,Extra Slow,งานสี,,646
ทินเนอร์ Extra Slow New 5L. (ใส่ผสมกับทินเนอร์),ทรัพย์สินไทย,12,660,7920,,2563-07-24,,ราคาที่ลง ยังไม่รวมภาษี,Extra Slow,งานสี,,647
ทินเนอร์ Extra Slow New 5L. (ใส่ผสมกับทินเนอร์),ทรัพย์สินไทย,12,660,7920,,2563-08-24,,ราคาที่ลง ยังไม่รวมภาษี,Extra Slow,งานสี,,648
ทินเนอร์ Extra Slow New 5L. (ใส่ผสมกับทินเนอร์),ทรัพย์สินไทย,12,660,7920,,2563-11-22,,ราคาที่ลง ยังไม่รวมภาษี,Extra Slow,งานสี,,649
ทินเนอร์ Extra Slow New 5L. (ใส่ผสมกับทินเนอร์),ทรัพย์สินไทย,8,660,5280,,2563-11-25,,ราคาที่ลง ยังไม่รวมภาษี,Extra Slow,งานสี,,650
ทินเนอร์ Extra Slow New 5L. (ใส่ผสมกับทินเนอร์),ทรัพย์สินไทย,12,660,7920,,2563-12-21,,ราคาที่ลง ยังไม่รวมภาษี,Extra Slow,งานสี,,651
ทินเนอร์ Extra Slow New 5L. (ใส่ผสมกับทินเนอร์),ทรัพย์สินไทย,12,660,7920,,2564-02-26,,ราคาที่ลง ยังไม่รวมภาษี,Extra Slow,งานสี,,652
ทินเนอร์ Extra Slow New 5L. (ใส่ผสมกับทินเนอร์),ทรัพย์สินไทย,12,660,7920,,2564-03-24,,ราคาที่ลง ยังไม่รวมภาษี,Extra Slow,งานสี,,653
ทินเนอร์ Extra Slow New 5L. (ใส่ผสมกับทินเนอร์),ทรัพย์สินไทย,12,660,7920,,2564-06-18,,ราคาที่ลง ยังไม่รวมภาษี,Extra Slow,งานสี,,654
ทินเนอร์ Extra Slow New 5L. (ใส่ผสมกับทินเนอร์),ทรัพย์สินไทย,12,660,7920,,2564-08-26,,ราคาที่ลง ยังไม่รวมภาษี,Extra Slow,งานสี,,655
ทินเนอร์ Extra Slow New 5L. (ใส่ผสมกับทินเนอร์),ทรัพย์สินไทย,12,660,7920,,2564-11-23,IV6411321,ราคาที่ลง ยังไม่รวมภาษี,Extra Slow,งานสี,,656
ทินเนอร์ Extra Slow New 5L. (ใส่ผสมกับทินเนอร์),ทรัพย์สินไทย,12,660,7920,,2564-12-22,IV6412301,ราคาที่ลง ยังไม่รวมภาษี,Extra Slow,งานสี,,657
ทินเนอร์ Extra Slow New 5L. (ใส่ผสมกับทินเนอร์),ทรัพย์สินไทย,8,660,5280,,2565-01-21,IV6501226,ราคาที่ลง ยังไม่รวมภาษี,Extra Slow,งานสี,,658
ทินเนอร์ Extra Slow New 5L. (ใส่ผสมกับทินเนอร์),ทรัพย์สินไทย,8,660,5280,,2565-02-22,IV6502260,ราคาที่ลง ยังไม่รวมภาษี,Extra Slow,งานสี,,659
ทินเนอร์ Extra Slow New 5L. (ใส่ผสมกับทินเนอร์),ทรัพย์สินไทย,4,660,2640,,2565-03-18,IV6503254,ราคาที่ลง ยังไม่รวมภาษี,Extra Slow,งานสี,,660
ทินเนอร์ Extra Slow New 5L. (ใส่ผสมกับทินเนอร์),ทรัพย์สินไทย,8,660,7920,,2565-03-23,IV6503299,ราคาที่ลง ยังไม่รวมภาษี,Extra Slow,งานสี,,661
ทินเนอร์ Extra Slow New 5L. (ใส่ผสมกับทินเนอร์),ทรัพย์สินไทย,8,660,5280,,2565-04-27,IV6504237,ราคาที่ลง ยังไม่รวมภาษี,Extra Slow,งานสี,,662
ทินเนอร์ Extra Slow New 5L. (ใส่ผสมกับทินเนอร์),ทรัพย์สินไทย,12,740,8880,,2565-05-25,IV6505292,ราคาที่ลง ยังไม่รวมภาษี,Extra Slow,งานสี,,663
ยาขัดสีแห้งช้า Lezzon Extre 100 กล.,ไทยนคร,8,815,5216,,2561-03-01,,ราคาที่ระบุเป็นก่อนหักส่วนลด,ยาขัด,งานสี,20.0,664
ยาขัดสีแห้งช้า Lezzon Extre 100 กล.,ไทยนคร,8,815,5216,,2561-04-05,,ราคาที่ระบุเป็นก่อนหักส่วนลด,ยาขัด,งานสี,20.0,665
ยาขัดสีแห้งช้า Lezzon Extre 100 กล.,ไทยนคร,4,815,3260,,2561-05-14,,ราคาที่ระบุเป็นก่อนหักส่วนลด,ยาขัด,งานสี,20.0,666
ยาขัดสีแห้งช้า Lezzon Extre 100 กล.,ไทยนคร,4,815,3260,,2561-07-05,,ราคาที่ระบุเป็นก่อนหักส่วนลด,ยาขัด,งานสี,20.0,667
ยาขัดเงา 6064,ทาเลนท์,3,635,1905,,2562-08-13,,ราคาที่ลง ยังไม่รวมภาษี,ยาขัด,งานสี,,668
ยาขัดเงา 6064,ทาเลนท์,3,635,1905,,2562-10-22,,ราคาที่ลง ยังไม่รวมภาษี,ยาขัด,งานสี,,669
ยาขัดเงา 6064,ทาเลนท์,2,635,1270,,2563-11-16,,ราคาที่ลง ยังไม่รวมภาษี,ยาขัด,งานสี,,670
ยาขัดเงาแห้งช้า 3M เบอร์ 13084,ไทยนคร,11,290,3190,,2561-03-01,,แถม 1 ขวด,ยาขัด,งานสี,,671
ยาขัดเงาแห้งช้า 3M เบอร์ 13084,ไทยนคร,11,290,3190,,2561-04-05,,แถม 1 ขวด,ยาขัด,งานสี,,672
ยาขัดเงาแห้งช้า 3M เบอร์ 13084,ไทยนคร,11,290,3190,,2561-05-14,,แถม 1 ขวด,ยาขัด,งานสี,,673
ยาขัดเงาแห้งช้า 3M เบอร์ 13084,ไทยนคร,11,290,3190,,2561-07-05,,แถม 1 ขวด,ยาขัด,งานสี,,674
ยาขัดเงาฝาแดง 3M,ทาเลนท์,12,265,3180,,2563-03-24,,ราคายังไม่รวม VAT 7%,ยาขัด,งานสี,,675
ยาขัดเงาฝาแดง 3M,ทาเลนท์,6,235,1410,,2563-04-24,,ราคายังไม่รวม VAT 7%,ยาขัด,งานสี,,676
ยาขัดเงาฝาแดง 3M,ทาเลนท์,6,235,1410,,2563-07-20,,ราคายังไม่รวม VAT 7%,ยาขัด,งานสี,,677
ยาขัดเงาฝาแดง 3M,ทาเลนท์,6,235,1410,,2563-08-21,,ราคายังไม่รวม VAT 7%,ยาขัด,งานสี,,678
ยาขัดเงาฝาแดง 3M,ทาเลนท์,6,235,1410,,2563-09-18,,ราคายังไม่รวม VAT 7%,ยาขัด,งานสี,,679
ยาขัดเงาฝาแดง 3M,ทาเลนท์,6,235,1410,,2563-12-04,,ราคายังไม่รวม VAT 7%,ยาขัด,งานสี,,680
ยาขัดเงาฝาแดง 3M,ทาเลนท์,12,235,2820,,2564-02-02,,ราคายังไม่รวม VAT 7%,ยาขัด,งานสี,,681
ยาขัดเงาฝาแดง 3M,ทาเลนท์,6,235,1410,,2564-02-02,,ราคายังไม่รวม VAT 7%,ยาขัด,งานสี,,682
ยาขัดเงาฝาแดง 3M,ทาเลนท์,6,235,1410,,2564-06-17,IV6406631,ราคายังไม่รวม VAT 7%,ยาขัด,งานสี,,683
ยาขัดเงาฝาแดง 3M ,ทาเลนท์,12,235,2820,,2564-10-08,IV6413092,ราคายังไม่รวม VAT 7%,ยาขัด,งานสี,,684
ยาขัดเงาฝาแดง 3M ,ทาเลนท์,12,235,2820,,2565-02-02,IV6502098,ราคายังไม่รวม VAT 7%,ยาขัด,งานสี,,685
ยาขัดเงาฝาแดง 3M ,ทาเลนท์,6,235,1410,,2565-03-28,IV6505825,ราคายังไม่รวม VAT 7%,ยาขัด,งานสี,,686
ยาขัดเงาฝาแดง 3M ,ทาเลนท์,6,236,1416,,2565-05-16,IB3000910,ราคายังไม่รวม VAT 7%,ยาขัด,งานสี,,687
ยาขัดเงาฝาแดง 3M ,ทาเลนท์,12,248,2976,,2565-07-07,IB3003750,ราคายังไม่รวม VAT 7%,ยาขัด,งานสี,,688
ยาขัดเงาฝาแดง 3M ,ทาเลนท์,12,248,2976,,2565-09-19,IV2204141,ราคายังไม่รวม VAT 7%,ยาขัด,งานสี,,689
ยาขัดเงาฝาแดง 3M ,ทาเลนท์,12,273,3276,,2565-12-06,IV2207853,ราคายังไม่รวม VAT 7%,ยาขัด,งานสี,,690
ยาขัดเงาฝาแดง 3M ,ทาเลนท์,6,273,1638,,2566-01-19,IB3005285,ราคายังไม่รวม VAT 7%,ยาขัด,งานสี,,691
ยาขัดเงาฝาแดง 3M ,ทาเลนท์,12,273,3276,,2566-05-23,IV2212637,ราคายังไม่รวม VAT 7%,ยาขัด,งานสี,,692
ยาขัดเงาฝาแดง 3M ,ทาเลนท์,12,273,3276,,2566-03-13,IB3008531,ราคายังไม่รวม VAT 7%,ยาขัด,งานสี,,693
ยาขัดเงาฝาแดง 3M ,ทาเลนท์,6,273,1638,,2566-05-02,IV2211226,ราคายังไม่รวม VAT 7%,ยาขัด,งานสี,,694
ยาขัดเงาฝาแดง 3M ,ทาเลนท์,12,273,3276,,2566-05-24,IV2212728,ราคายังไม่รวม VAT 7%,ยาขัด,งานสี,,695
ยาขัดเงาฝาแดง 3M ,บจก. วีที คัลเลอร์ โปร ,24,275,6600,,2566-09-09,**โป๊วเจ้าอื่นมาให้ เลยขอเก็บเงินสด,,ยาขัด,งานสี,,696
ยาขัดเงาฝาแดง 3M ,ทาเลนท์,12,273,3276,,2567-02-22,IV2229289,ราคายังไม่รวม VAT 7%,ยาขัด,งานสี,,697
ยาขัดเงาฝาแดง 3M ,ทาเลนท์,12,285,3420,,2567-05-07,IV2233057,ราคายังไม่รวม VAT 7%,ยาขัด,งานสี,,698
ยาขัด Professional 905 3in1 (ขวดสีดำ/ป้ายน้ำเงิน) ขนาด 500ml.,บจก. วีที คัลเลอร์ โปร ,6,280,1680,,2567-09-14,IV6709078,ราคายังไม่รวม VAT 7%,ยาขัด,งานสี,,699
ยาขัด Professional 905 3in1 (ขวดสีดำ/ป้ายน้ำเงิน) ขนาด 500ml.,บจก. วีที คัลเลอร์ โปร ,12,280,3360,,2567-12-12,IV6712064,ราคายังไม่รวม VAT 7%,ยาขัด,งานสี,,700
ยาขัด Professional 905 3in1 (ขวดสีดำ/ป้ายน้ำเงิน) ขนาด 500ml.,บมจ. วีที คัลเลอร์ โปร,6,280,1797.6,1680.0,2568-06-25,IV6806162,,ยาขัด,งานสี,,701
ยาขัด Professional 905 3in1 (ขวดสีดำ/ป้ายน้ำเงิน) ขนาด 500ml.,บมจ. วีที คัลเลอร์ โปร,4,280,1198.4,1120.0,2568-09-11,IV6809080,,ยาขัด,งานสี,,702
ยาขัด Professional 905 3in1 (ขวดสีดำ/ป้ายน้ำเงิน) ขนาด 500ml.,บมจ. วีที คัลเลอร์ โปร,6,280,1797.6,1680.0,2568-10-27,IV6810167,,ยาขัด,งานสี,,703
ยาขัด Professional 905 3in1 (ขวดสีแดง/ป้ายสีแดง) ขนาด 500ml.,บมจ. วีที คัลเลอร์ โปร,6,280,1797.6,1680.0,2568-06-25,IV6806162,,ยาขัด,งานสี,,704
ยาขัด Professional 905 3in1 (ขวดสีแดง/ป้ายสีแดง) ขนาด 500ml.,บมจ. วีที คัลเลอร์ โปร,2,280,599.2,560.0,2568-09-11,IV6809080,,ยาขัด,งานสี,,705
ยาขัด Professional 905 3in1 (ขวดสีแดง/ป้ายสีแดง) ขนาด 500ml.,บมจ. วีที คัลเลอร์ โปร,4,280,1198.4,1120.0,2568-10-27,IV6810167,,ยาขัด,งานสี,,706
ยาขัดหยาบขาว ปีเตอร์ เบอร์ 202 กล.,ไทยนคร,4,220,880,,2561-05-14,,,ยาขัด,งานสี,,707
ยาขัดหยาบขาว ปีเตอร์ เบอร์ 202 กล.,ไทยนคร,2,220,440,,2562-06-05,,,ยาขัด,งานสี,,708
ยาขัดหยาบขาว ปีเตอร์ เบอร์ 202 กล.,ไทยนคร,2,250,500,,2563-01-29,,,ยาขัด,งานสี,,709
ยาขัดหยาบขาว ปีเตอร์ เบอร์ 202 กล.,ไทยนคร,2,250,500,,2563-04-07,,,ยาขัด,งานสี,,710
ยาขัดหยาบ Matrix -- แถม 1กล.+ผ้าคลุมรถ 5ผืน,ทรัพย์สิน,7,780,5460,,2562-05-24,,ราคาที่ลง ยังไม่รวมภาษี,ยาขัด,งานสี,,711
ยาขัดหยาบ Matrix -- แถม 1กล.+ผ้าคลุมรถ 5ผืน,ทรัพย์สิน,7,780,5460,,2562-07-24,,ราคาที่ลง ยังไม่รวมภาษี,ยาขัด,งานสี,,712
ยาขัดหยาบ Matrix -- แถม 1กล.,ทรัพย์สิน,7,780,5460,,2563-02-20,,ราคาที่ลง ยังไม่รวมภาษี,ยาขัด,งานสี,,713
ยาขัดหยาบ Matrix -- แถม 1กล.,ทรัพย์สิน,7,780,5460,,2563-03-25,,ราคาที่ลง ยังไม่รวมภาษี,ยาขัด,งานสี,,714
ยาขัดหยาบ Matrix -- แถม 1กล.,ทรัพย์สิน,7,780,5460,,2563-06-01,,ราคาที่ลง ยังไม่รวมภาษี,ยาขัด,งานสี,,715
ยาขัดหยาบ Matrix -- แถม 1กล.,ทรัพย์สิน,7,780,5460,,2563-07-29,,ราคาที่ลง ยังไม่รวมภาษี,ยาขัด,งานสี,,716
ยาขัดหยาบ Matrix -- แถม 1กล.,ทรัพย์สิน,7,780,5460,,2563-10-27,,ราคาที่ลง ยังไม่รวมภาษี,ยาขัด,งานสี,,717
ยาขัดหยาบ Matrix -- แถม 1กล.+ผ้าคลุมรถ 5ผืน (ขัดสีใหม่),ทรัพย์สิน,7,780,5460,,2564-02-23,,ราคาที่ลง ยังไม่รวมภาษี,ยาขัด,งานสี,,718
ยาขัดหยาบ Matrix -- แถม 1กล.+ผ้าคลุมรถ 5ผืน (ขัดสีใหม่),ทรัพย์สิน,7,780,5460,,2564-07-12,,ราคาที่ลง ยังไม่รวมภาษี,ยาขัด,งานสี,,719
ยาขัดหยาบ Matrix -- แถม 1กล.+ผ้าคลุมรถ 5ผืน (ขัดสีใหม่),ทรัพย์สิน,7,780,5460,,2564-11-15,IV6411213,ราคาที่ลง ยังไม่รวมภาษี,ยาขัด,งานสี,,720
ยาขัดหยาบ Matrix -- แถม 1กล.+ผ้าคลุมรถ 5ผืน (ขัดสีใหม่),ทรัพย์สิน,7,780,5460,,2565-04-28,IV6504246,ราคาที่ลง ยังไม่รวมภาษี,ยาขัด,งานสี,,721
ยาขัดหยาบ Matrix -- แถม 1กล.+ผ้าคลุมรถ 5ผืน (ขัดสีใหม่),ทรัพย์สิน,7,780,5460,,2565-07-13,IV6507157,ราคาที่ลง ยังไม่รวมภาษี,ยาขัด,งานสี,,722
ยาขัดหยาบ POWER (ยาขัดสีเก่า/แกลลอนสีเหลือง),ทาเลนท์,1,690,690,,2563-12-09,,ราคาที่ลง ยังไม่รวมภาษี,ยาขัด,งานสี,,723
ยาขัดหยาบ POWER (ยาขัดสีเก่า/แกลลอนสีเหลือง),ทาเลนท์,2,690,1380,,2564-01-16,,ราคาที่ลง ยังไม่รวมภาษี,ยาขัด,งานสี,,724
ยาขัดหยาบ POWER (ยาขัดสีเก่า/แกลลอนสีเหลือง),ทาเลนท์,2,690,1380,,2564-06-17,IV6406631,ราคาที่ลง ยังไม่รวมภาษี,ยาขัด,งานสี,,725
ยาขัดหยาบ POWER (ยาขัดสีเก่า/แกลลอนสีเหลือง),ทาเลนท์,2,690,1380,,2564-10-08,IV6413092,ราคาที่ลง ยังไม่รวมภาษี,ยาขัด,งานสี,,726
ยาขัดหยาบ POWER (ยาขัดสีเก่า/แกลลอนสีเหลือง),ทาเลนท์,3,690,2070,,2564-12-03,IV6416686,ราคาที่ลง ยังไม่รวมภาษี,ยาขัด,งานสี,,727
ยาขัดหยาบ POWER (ยาขัดสีเก่า/แกลลอนสีเหลือง),ทาเลนท์,2,690,1380,,2565-05-16,IB3000910,ราคาที่ลง ยังไม่รวมภาษี,ยาขัด,งานสี,,728
ยาขัดหยาบ POWER (ยาขัดสีเก่า/แกลลอนสีเหลือง),ทาเลนท์,4,690,2760,,2565-08-10,IV2201850,ราคาที่ลง ยังไม่รวมภาษี,ยาขัด,งานสี,,729
ยาขัดหยาบ POWER (ยาขัดสีเก่า/แกลลอนสีเหลือง),ทาเลนท์,2,690,1380,,2565-11-12,IV2206487,ราคาที่ลง ยังไม่รวมภาษี,ยาขัด,งานสี,,730
ยาขัดหยาบ WINSTAR (แกลลอนสีเขียว),บจก. วีที คัลเลอร์ โปร,4,700,2800,,2565-11-15,IV261-65,ราคาที่ลง ยังไม่รวมภาษี,ยาขัด,งานสี,,731
ยาขัดหยาบ WINSTAR (แกลลอนสีเขียว),บจก. วีที คัลเลอร์ โปร,8,700,5600,,2565-12-20,IV322-65,ราคาที่ลง ยังไม่รวมภาษี,ยาขัด,งานสี,,732
ยาขัดหยาบ WINSTAR (แกลลอนสีเขียว),บจก. วีที คัลเลอร์ โปร,8,700,5600,,2566-04-25,IV230-66,ราคาที่ลง ยังไม่รวมภาษี,ยาขัด,งานสี,,733
ยาขัดหยาบ WINSTAR (แกลลอนสีเขียว),บจก. วีที คัลเลอร์ โปร,4,700,2800,,2566-07-05,IV374-66,ราคาที่ลง ยังไม่รวมภาษี,ยาขัด,งานสี,,734
ยาขัดหยาบ WINSTAR (แกลลอนสีเขียว),บจก. วีที คัลเลอร์ โปร,8,700,5600,,2566-07-27,IV425-66,ราคาที่ลง ยังไม่รวมภาษี,ยาขัด,งานสี,,735
ยาขัดหยาบ WINSTAR (แกลลอนสีเขียว),บจก. วีที คัลเลอร์ โปร,4,700,2800,,2566-09-08,IV516-66,ราคาที่ลง ยังไม่รวมภาษี,ยาขัด,งานสี,,736
ยาขัดหยาบ WINSTAR (แกลลอนสีเขียว),บจก. วีที คัลเลอร์ โปร,6,700,4200,,2566-10-27,IV695-66,ราคาที่ลง ยังไม่รวมภาษี,ยาขัด,งานสี,,737
ยาขัดหยาบ Cheetahs,ทาเลนท์,4,700,2800,,2566-10-26,IV2222638,ราคาที่ลง ยังไม่รวมภาษี,ยาขัด,งานสี,,738
ยาขัดหยาบ HYBRID ONE,บจก. วีที คัลเลอร์ โปร,8,700,5600,,2567-02-28,IV6702114,ราคาที่ลง ยังไม่รวมภาษี,ยาขัด,งานสี,,739
ยาขัดหยาบ HYBRID ONE,บจก. วีที คัลเลอร์ โปร,8,700,5600,,2567-05-21,IV6705106,ราคาที่ลง ยังไม่รวมภาษี,ยาขัด,งานสี,,740
ยาขัดหยาบ HYBRID ONE,บจก. วีที คัลเลอร์ โปร,8,700,5600,,2567-08-14,IV6708065,ราคาที่ลง ยังไม่รวมภาษี,ยาขัด,งานสี,,741
ยาขัดหยาบ HYBRID ONE,บจก. วีที คัลเลอร์ โปร,8,700,5600,,2567-10-23,IV6710117,ราคาที่ลง ยังไม่รวมภาษี,ยาขัด,งานสี,,742
ยาขัดหยาบ HYBRID ONE,บจก. วีที คัลเลอร์ โปร,8,700,5600,,2568-02-21,IV6802127,ราคาที่ลง ยังไม่รวมภาษี,ยาขัด,งานสี,,743
ยาขัดหยาบ HYBRID ONE,บจก. วีที คัลเลอร์ โปร,12,700,8988,8400.0,2568-05-26,IV6805173,,ยาขัด,งานสี,,744
ยาขัดหยาบ HYBRID ONE,บจก. วีที คัลเลอร์ โปร,4,700,2996,2800.0,2568-08-29,IV6808186,,ยาขัด,งานสี,,745
ยาขัดหยาบ HYBRID ONE,บจก. วีที คัลเลอร์ โปร,8,700,5992,5600.0,2568-10-14,IV6810085,ราคาที่ลง ยังไม่รวมภาษี,ยาขัด,งานสี,,746
ยาขัดหยาบ Big Ben 2.5กิโล,ร้านโชติศิริ,1,600,600,,2568-02-24,,,ยาขัด,งานสี,,747
ยาขัดหยาบฝาแดง 500 ml.,เบรนเวิร์ค,12,260,3120,,2562-09-12,,ราคาที่ลง ยังไม่รวมภาษี,ยาขัด,งานสี,,748
ยาขัดเงา คาน่า,ทาเลนท์,12,55,660,,2563-10-02,,ราคาที่ลง ยังไม่รวมภาษี,ยาขัด,งานสี,,749
ยาขัดเงา คาน่า,ทาเลนท์,12,60,720,,2564-11-09,IV6415061,ราคาที่ลง ยังไม่รวมภาษี,ยาขัด,งานสี,,750
ยาขัดเงา คาน่า,ทาเลนท์,12,60,720,,2565-09-10,IV2203682,ราคาที่ลง ยังไม่รวมภาษี,ยาขัด,งานสี,,751
กระดาษทรายกลม Rhynogrip (แรด) 6รู เบอร์ 80,ออโต้ สมาร์ท,100,9,900,,2562-07-13,,ราคาที่ลง ยังไม่รวมภาษี,กระดาษทราย,งานสี,,752
กระดาษทรายกลม Rhynogrip (แรด) 6รู เบอร์ 80,ออโต้ สมาร์ท,100,9,900,,2562-08-13,,ราคาที่ลง ยังไม่รวมภาษี,**กระดาษทรายกลมไม่มีโปรแถมฟรี,งานสี,,753
กระดาษทรายกลม Rhynogrip (แรด) 6รู เบอร์ 80,ออโต้ สมาร์ท,100,9,900,,2562-09-09,,ราคาที่ลง ยังไม่รวมภาษี,**กระดาษทรายกลมไม่มีโปรแถมฟรี,งานสี,,754
กระดาษทรายกลม Rhynogrip (แรด) 6รู เบอร์ 80,ออโต้ สมาร์ท,100,9,900,,2562-12-17,,ราคาที่ลง ยังไม่รวมภาษี,**กระดาษทรายกลมไม่มีโปรแถมฟรี,งานสี,,755
กระดาษทรายกลม Rhynogrip (แรด) 6รู เบอร์ 80,ออโต้ สมาร์ท,100,9,900,,2563-02-22,,ราคาที่ลง ยังไม่รวมภาษี,**กระดาษทรายกลมไม่มีโปรแถมฟรี,งานสี,,756
กระดาษทรายกลม Rhynogrip (แรด) 6รู เบอร์ 80,ออโต้ สมาร์ท,100,9,900,,2563-03-10,,ราคาที่ลง ยังไม่รวมภาษี,**กระดาษทรายกลมไม่มีโปรแถมฟรี,งานสี,,757
กระดาษทรายกลม Rhynogrip (แรด) 6รู เบอร์ 80,ออโต้ สมาร์ท,100,9,900,,2563-04-09,,ราคาที่ลง ยังไม่รวมภาษี,**กระดาษทรายกลมไม่มีโปรแถมฟรี,งานสี,,758
กระดาษทรายกลม Rhynogrip (แรด) 6รู เบอร์ 80,ออโต้ สมาร์ท,100,9,900,,2563-06-10,,ราคาที่ลง ยังไม่รวมภาษี,**กระดาษทรายกลมไม่มีโปรแถมฟรี,งานสี,,759
กระดาษทรายกลม Rhynogrip (แรด) 6รู เบอร์ 80,ออโต้ สมาร์ท,100,9,900,,2563-07-10,,ราคาที่ลง ยังไม่รวมภาษี,**กระดาษทรายกลมไม่มีโปรแถมฟรี,งานสี,,760
กระดาษทรายกลม Rhynogrip (แรด) 6รู เบอร์ 80,ออโต้ สมาร์ท,100,9,900,,2563-08-07,,ราคาที่ลง ยังไม่รวมภาษี,**กระดาษทรายกลมไม่มีโปรแถมฟรี,งานสี,,761
กระดาษทรายกลม Rhynogrip (แรด) 6รู เบอร์ 80,ออโต้ สมาร์ท,100,9,900,,2563-09-15,,ราคาที่ลง ยังไม่รวมภาษี,**กระดาษทรายกลมไม่มีโปรแถมฟรี,งานสี,,762
กระดาษทรายกลม Rhynogrip (แรด) 6รู เบอร์ 80,ออโต้ สมาร์ท,100,9,900,,2563-10-09,,ราคาที่ลง ยังไม่รวมภาษี,**กระดาษทรายกลมไม่มีโปรแถมฟรี,งานสี,,763
กระดาษทรายกลม Rhynogrip (แรด) 6รู เบอร์ 80,ออโต้ สมาร์ท,100,9,900,,2563-11-20,,ราคาที่ลง ยังไม่รวมภาษี,**กระดาษทรายกลมไม่มีโปรแถมฟรี,งานสี,,764
กระดาษทรายกลม Rhynogrip (แรด) 6รู เบอร์ 80,ออโต้ สมาร์ท,100,9,900,,2563-12-04,,ราคาที่ลง ยังไม่รวมภาษี,**กระดาษทรายกลมไม่มีโปรแถมฟรี,งานสี,,765
กระดาษทรายกลม Rhynogrip (แรด) 6รู เบอร์ 80,ออโต้ สมาร์ท,100,9,900,,2564-02-04,,ราคาที่ลง ยังไม่รวมภาษี,**กระดาษทรายกลมไม่มีโปรแถมฟรี,งานสี,,766
กระดาษทรายกลม Rhynogrip (แรด) 6รู เบอร์ 80,ออโต้ สมาร์ท,100,9,900,,2564-03-19,,ราคาที่ลง ยังไม่รวมภาษี,**กระดาษทรายกลมไม่มีโปรแถมฟรี,งานสี,,767
กระดาษทรายกลม Rhynogrip (แรด) 6รู เบอร์ 80,ออโต้ สมาร์ท,100,9,900,,2564-07-19,,ราคาที่ลง ยังไม่รวมภาษี,**กระดาษทรายกลมไม่มีโปรแถมฟรี,งานสี,,768
กระดาษทรายกลม Rhynogrip (แรด) 6รู เบอร์ 80,ออโต้ สมาร์ท,100,9,900,,2564-08-09,,ราคาที่ลง ยังไม่รวมภาษี,**กระดาษทรายกลมไม่มีโปรแถมฟรี,งานสี,,769
กระดาษทรายกลม Rhynogrip (แรด) 6รู เบอร์ 80,ออโต้ สมาร์ท,100,9,900,,2564-08-31,202108203,ราคาที่ลง ยังไม่รวมภาษี,**กระดาษทรายกลมไม่มีโปรแถมฟรี,งานสี,,770
กระดาษทรายกลม Rhynogrip (แรด) 6รู เบอร์ 80,ออโต้ สมาร์ท,100,9,900,,2564-09-23,202109165,ราคาที่ลง ยังไม่รวมภาษี,**กระดาษทรายกลมไม่มีโปรแถมฟรี,งานสี,,771
กระดาษทรายกลม Rhynogrip (แรด) 6รู เบอร์ 80,ออโต้ สมาร์ท,100,9,900,,2564-12-07,202112058,ราคาที่ลง ยังไม่รวมภาษี,**กระดาษทรายกลมไม่มีโปรแถมฟรี,งานสี,,772
กระดาษทรายกลม Rhynogrip (แรด) 6รู เบอร์ 80,ออโต้ สมาร์ท,100,9,900,,2565-01-20,202201143,ราคาที่ลง ยังไม่รวมภาษี,**กระดาษทรายกลมไม่มีโปรแถมฟรี,งานสี,,773
"กระดาษทรายกลม CAPTAIN 6"" 6รู เบอร์ 80",ทาเลนท์อินเตอร์เทรด,100,5.5,550,,2565-03-08,IV6504527,ราคาที่ลง ยังไม่รวมภาษี,**กระดาษทรายกลมไม่มีโปรแถมฟรี,งานสี,,774
กระดาษทรายกลม Rhynogrip (แรด) 6รู เบอร์ 80,ออโต้เทรด,500,5.56,2781.25,,2565-06-08,IV1417113,ราคาที่ลง ยังไม่รวมภาษี,โปรซื้อ 19แถมฟรี 8,งานสี,,775
กระดาษทรายกลม Rhynogrip (แรด) 6รู เบอร์ 80,ออโต้เทรด,2,650,1300,,2565-10-06,IV1422486,ราคาที่ลง ยังไม่รวมภาษี,โปรซื้อ 19แถมฟรี 8,งานสี,,776
กระดาษทรายกลม Rhynogrip (แรด) 6รู เบอร์ 80,ออโต้เทรด,2,650,1300,,2565-12-08,IV1425090,ราคาที่ลง ยังไม่รวมภาษี,โปรซื้อ 20แถมฟรี 10,งานสี,,777
กระดาษทรายกลม Rhynogrip (แรด) 6รู เบอร์ 80,ออโต้เทรด,4,650,2600,,2566-10-05,IV1438645,ราคาที่ลง ยังไม่รวมภาษี,โปรซื้อ 20แถมฟรี 8,งานสี,,778
กระดาษทรายกลม Rhynogrip (แรด) 6รู เบอร์ 80,ออโต้เทรด,12,695.5,8346,,2568-01-09,IV1459290,ราคารวม VAT แล้ว,โปรซื้อ 38แถมฟรี 14,งานสี,,779
กระดาษทรายกลม Rhynogrip (แรด) 6รู เบอร์ 80,ออโต้เทรด,12,695.5,8346,,2567-02-13,IV1444437,ราคารวม VAT แล้ว,โปรซื้อ 24แถมฟรี 8,งานสี,,780
กระดาษทรายกลม Rhynogrip (แรด) 6รู เบอร์ 80,ออโต้เทรด มาร์เก็ตติ้ง,4,650,2782,,2568-10-24,IV1472726,ราคาที่ลง ยังไม่รวมภาษี,โปรซื้อ 24แถมฟรี 8,งานสี,,781
"กระดาษทรายกลม Oslong 6"" 6รู เบอร์ 120",เบรนเวิคส์,100,7.5,750,,2561-05-22,,ราคาที่ลง ยังไม่รวมภาษี,** เบอร์นี้ใช้เยอะ ** ,งานสี,,782
"กระดาษทรายกลม Oslong 6"" 6รู เบอร์ 120",เบรนเวิคส์,100,7.5,750,,2561-06-01,,ราคาที่ลง ยังไม่รวมภาษี,** เบอร์นี้ใช้เยอะ ** ,งานสี,,783
กระดาษทรายกลม Rhynogrip (แรด) 6รู เบอร์ 120,ออโต้ สมาร์ท,100,9,900,,2562-07-13,,ราคาที่ลง ยังไม่รวมภาษี,** เบอร์นี้ใช้เยอะ ** ,งานสี,,784
กระดาษทรายกลม Rhynogrip (แรด) 6รู เบอร์ 120,ออโต้ สมาร์ท,100,9,900,,2562-07-22,,ราคาที่ลง ยังไม่รวมภาษี,** เบอร์นี้ใช้เยอะ ** ,งานสี,,785
กระดาษทรายกลม Rhynogrip (แรด) 6รู เบอร์ 120,ออโต้ สมาร์ท,100,9,900,,2562-08-05,,ราคาที่ลง ยังไม่รวมภาษี,** เบอร์นี้ใช้เยอะ ** ,งานสี,,786
กระดาษทรายกลม Rhynogrip (แรด) 6รู เบอร์ 120,ออโต้ สมาร์ท,100,9,900,,2562-08-24,,ราคาที่ลง ยังไม่รวมภาษี,** เบอร์นี้ใช้เยอะ ** ,งานสี,,787
กระดาษทรายกลม Rhynogrip (แรด) 6รู เบอร์ 120,ออโต้ สมาร์ท,100,9,900,,2562-09-04,,ราคาที่ลง ยังไม่รวมภาษี,** เบอร์นี้ใช้เยอะ ** ,งานสี,,788
กระดาษทรายกลม Rhynogrip (แรด) 6รู เบอร์ 120,ออโต้ สมาร์ท,200,9,1800,,2562-12-17,,ราคาที่ลง ยังไม่รวมภาษี,** เบอร์นี้ใช้เยอะ ** ,งานสี,,789
กระดาษทรายกลม Rhynogrip (แรด) 6รู เบอร์ 120,ออโต้ สมาร์ท,200,9,1800,,2563-02-22,,ราคาที่ลง ยังไม่รวมภาษี,** เบอร์นี้ใช้เยอะ ** ,งานสี,,790
กระดาษทรายกลม Rhynogrip (แรด) 6รู เบอร์ 120,ออโต้ สมาร์ท,100,9,900,,2563-03-10,,ราคาที่ลง ยังไม่รวมภาษี,** เบอร์นี้ใช้เยอะ ** ,งานสี,,791
กระดาษทรายกลม Rhynogrip (แรด) 6รู เบอร์ 120,ออโต้ สมาร์ท,100,9,900,,2563-03-17,,ราคาที่ลง ยังไม่รวมภาษี,** เบอร์นี้ใช้เยอะ ** ,งานสี,,792
กระดาษทรายกลม Rhynogrip (แรด) 6รู เบอร์ 120,ออโต้ สมาร์ท,200,9,1800,,2563-03-25,,ราคาที่ลง ยังไม่รวมภาษี,** เบอร์นี้ใช้เยอะ ** ,งานสี,,793
กระดาษทรายกลม Rhynogrip (แรด) 6รู เบอร์ 120,ออโต้ สมาร์ท,100,9,900,,2563-04-09,,ราคาที่ลง ยังไม่รวมภาษี,** เบอร์นี้ใช้เยอะ ** ,งานสี,,794
กระดาษทรายกลม Rhynogrip (แรด) 6รู เบอร์ 120,ออโต้ สมาร์ท,200,9,1800,,2563-05-11,,ราคาที่ลง ยังไม่รวมภาษี,** เบอร์นี้ใช้เยอะ ** ,งานสี,,795
กระดาษทรายกลม Rhynogrip (แรด) 6รู เบอร์ 120,ออโต้ สมาร์ท,200,9,1800,,2563-05-26,,ราคาที่ลง ยังไม่รวมภาษี,** เบอร์นี้ใช้เยอะ ** ,งานสี,,796
กระดาษทรายกลม Rhynogrip (แรด) 6รู เบอร์ 120,ออโต้ สมาร์ท,100,9,900,,2563-06-10,,ราคาที่ลง ยังไม่รวมภาษี,** เบอร์นี้ใช้เยอะ ** ,งานสี,,797
กระดาษทรายกลม Rhynogrip (แรด) 6รู เบอร์ 120,ออโต้ สมาร์ท,200,9,1800,,2563-06-24,,ราคาที่ลง ยังไม่รวมภาษี,** เบอร์นี้ใช้เยอะ ** ,งานสี,,798
กระดาษทรายกลม Rhynogrip (แรด) 6รู เบอร์ 120,ออโต้ สมาร์ท,100,9,900,,2563-07-10,,ราคาที่ลง ยังไม่รวมภาษี,** เบอร์นี้ใช้เยอะ ** ,งานสี,,799
กระดาษทรายกลม Rhynogrip (แรด) 6รู เบอร์ 120,ออโต้ สมาร์ท,100,9,900,,2563-07-20,,ราคาที่ลง ยังไม่รวมภาษี,** เบอร์นี้ใช้เยอะ ** ,งานสี,,800
กระดาษทรายกลม Rhynogrip (แรด) 6รู เบอร์ 120,ออโต้ สมาร์ท,200,9,1800,,2563-08-07,,ราคาที่ลง ยังไม่รวมภาษี,** เบอร์นี้ใช้เยอะ ** ,งานสี,,801
กระดาษทรายกลม Rhynogrip (แรด) 6รู เบอร์ 120,ออโต้ สมาร์ท,200,9,1800,,2563-08-31,,ราคาที่ลง ยังไม่รวมภาษี,** เบอร์นี้ใช้เยอะ ** ,งานสี,,802
กระดาษทรายกลม Rhynogrip (แรด) 6รู เบอร์ 120,ออโต้ สมาร์ท,100,9,900,,2563-09-15,,ราคาที่ลง ยังไม่รวมภาษี,** เบอร์นี้ใช้เยอะ ** ,งานสี,,803
กระดาษทรายกลม Rhynogrip (แรด) 6รู เบอร์ 120,ออโต้ สมาร์ท,200,9,1800,,2563-10-09,,ราคาที่ลง ยังไม่รวมภาษี,** เบอร์นี้ใช้เยอะ ** ,งานสี,,804
กระดาษทรายกลม Rhynogrip (แรด) 6รู เบอร์ 120,ออโต้ สมาร์ท,200,9,1800,,2563-10-24,,ราคาที่ลง ยังไม่รวมภาษี,** เบอร์นี้ใช้เยอะ ** ,งานสี,,805
กระดาษทรายกลม Rhynogrip (แรด) 6รู เบอร์ 120,ออโต้ สมาร์ท,200,9,1800,,2563-11-20,,ราคาที่ลง ยังไม่รวมภาษี,** เบอร์นี้ใช้เยอะ ** ,งานสี,,806
กระดาษทรายกลม Rhynogrip (แรด) 6รู เบอร์ 120,ออโต้ สมาร์ท,200,9,1800,,2563-12-04,,ราคาที่ลง ยังไม่รวมภาษี,** เบอร์นี้ใช้เยอะ ** ,งานสี,,807
กระดาษทรายกลม Rhynogrip (แรด) 6รู เบอร์ 120,ออโต้ สมาร์ท,100,9,900,,2563-12-09,,ราคาที่ลง ยังไม่รวมภาษี,** เบอร์นี้ใช้เยอะ ** ,งานสี,,808
กระดาษทรายกลม Rhynogrip (แรด) 6รู เบอร์ 120,ออโต้ สมาร์ท,100,9,900,,2564-01-11,,ราคาที่ลง ยังไม่รวมภาษี,** เบอร์นี้ใช้เยอะ ** ,งานสี,,809
กระดาษทรายกลม Rhynogrip (แรด) 6รู เบอร์ 120,ออโต้ สมาร์ท,100,9,900,,2564-01-23,,ราคาที่ลง ยังไม่รวมภาษี,** เบอร์นี้ใช้เยอะ ** ,งานสี,,810
กระดาษทรายกลม Rhynogrip (แรด) 6รู เบอร์ 120,ออโต้ สมาร์ท,200,9,1800,,2564-02-04,,ราคาที่ลง ยังไม่รวมภาษี,** เบอร์นี้ใช้เยอะ ** ,งานสี,,811
กระดาษทรายกลม Rhynogrip (แรด) 6รู เบอร์ 120,ออโต้ สมาร์ท,100,9,900,,2564-03-06,,ราคาที่ลง ยังไม่รวมภาษี,** เบอร์นี้ใช้เยอะ ** ,งานสี,,812
กระดาษทรายกลม Rhynogrip (แรด) 6รู เบอร์ 120,ออโต้ สมาร์ท,200,9,1800,,2564-03-19,,ราคาที่ลง ยังไม่รวมภาษี,** เบอร์นี้ใช้เยอะ ** ,งานสี,,813
กระดาษทรายกลม Rhynogrip (แรด) 6รู เบอร์ 120,ออโต้ สมาร์ท,100,9,900,,2564-03-26,,ราคาที่ลง ยังไม่รวมภาษี,** เบอร์นี้ใช้เยอะ ** ,งานสี,,814
กระดาษทรายกลม Rhynogrip (แรด) 6รู เบอร์ 120,ออโต้ สมาร์ท,100,9,900,,2564-05-06,,ราคาที่ลง ยังไม่รวมภาษี,** เบอร์นี้ใช้เยอะ ** ,งานสี,,815
กระดาษทรายกลม Rhynogrip (แรด) 6รู เบอร์ 120,ออโต้ สมาร์ท,100,9,900,,2564-07-13,,ราคาที่ลง ยังไม่รวมภาษี,** เบอร์นี้ใช้เยอะ ** ,งานสี,,816
กระดาษทรายกลม Rhynogrip (แรด) 6รู เบอร์ 120,ออโต้ สมาร์ท,100,9,900,,2564-08-09,,ราคาที่ลง ยังไม่รวมภาษี,** เบอร์นี้ใช้เยอะ ** ,งานสี,,817
กระดาษทรายกลม Rhynogrip (แรด) 6รู เบอร์ 120,ออโต้ สมาร์ท,200,9,1800,,2564-08-31,202108203,ราคาที่ลง ยังไม่รวมภาษี,** เบอร์นี้ใช้เยอะ ** ,งานสี,,818
กระดาษทรายกลม Rhynogrip (แรด) 6รู เบอร์ 120,ออโต้ สมาร์ท,200,9,1800,,2564-09-23,202109165,ราคาที่ลง ยังไม่รวมภาษี,** เบอร์นี้ใช้เยอะ ** ,งานสี,,819
กระดาษทรายกลม Rhynogrip (แรด) 6รู เบอร์ 120,ออโต้ สมาร์ท,200,9,1800,,2564-10-11,202110080,ราคาที่ลง ยังไม่รวมภาษี,** เบอร์นี้ใช้เยอะ ** ,งานสี,,820
กระดาษทรายกลม Rhynogrip (แรด) 6รู เบอร์ 120,ออโต้ สมาร์ท,200,9,1800,,2564-11-05,202111060,ราคาที่ลง ยังไม่รวมภาษี,** เบอร์นี้ใช้เยอะ ** ,งานสี,,821
กระดาษทรายกลม Rhynogrip (แรด) 6รู เบอร์ 120,ออโต้ สมาร์ท,100,9,900,,2564-12-07,202112058,ราคาที่ลง ยังไม่รวมภาษี,** เบอร์นี้ใช้เยอะ ** ,งานสี,,822
กระดาษทรายกลม Rhynogrip (แรด) 6รู เบอร์ 120,ออโต้ สมาร์ท,150,9,1350,,2565-01-20,202201143,ราคาที่ลง ยังไม่รวมภาษี,** เบอร์นี้ใช้เยอะ ** ,งานสี,,823
"กระดาษทรายกลม CAPTAIN 6"" 6รู เบอร์ 120",ทาเลนท์อินเตอร์เทรด,300,5.5,1650,,2565-03-11,IV6504806,ราคาที่ลง ยังไม่รวมภาษี,** เบอร์นี้ใช้เยอะ ** ,งานสี,,824
กระดาษทรายกลม Rhynogrip (แรด) 6รู เบอร์ 120,ออโต้เทรด,600,5.56,3337.5,,2565-06-08,IV1417113,ราคาที่ลง ยังไม่รวมภาษี,โปรซื้อ 19แถมฟรี 8,งานสี,,825
กระดาษทรายกลม Rhynogrip (แรด) 6รู เบอร์ 120,ออโต้เทรด,9,556.25,5006.25,,2565-07-21,IV1419112,ราคาที่ลง ยังไม่รวมภาษี,โปรซื้อ 19แถมฟรี 8,งานสี,,826
กระดาษทรายกลม Rhynogrip (แรด) 6รู เบอร์ 120,ออโต้เทรด,1,650,650,,2565-10-06,IV1422486,ราคาที่ลง ยังไม่รวมภาษี,โปรซื้อ 19แถมฟรี 8,งานสี,,827
กระดาษทรายกลม Rhynogrip (แรด) 6รู เบอร์ 120,ออโต้เทรด,9,650,5850,,2565-12-08,IV1425090,ราคาที่ลง ยังไม่รวมภาษี,โปรซื้อ 19แถมฟรี 8,งานสี,,828
กระดาษทรายกลม Rhynogrip (แรด) 6รู เบอร์ 120,ออโต้เทรด,6,650,3900,,2566-06-14,IV1433445,ราคาที่ลง ยังไม่รวมภาษี,โปรซื้อ 20แถมฟรี 8,งานสี,,829
กระดาษทรายกลม Rhynogrip (แรด) 6รู เบอร์ 120 ,ออโต้เทรด,10,650,6500,,2566-10-05,IV1438645,ราคาที่ลง ยังไม่รวมภาษี,โปรซื้อ 20แถมฟรี 8,งานสี,,830
กระดาษทรายกลม Rhynogrip (แรด) 6รู เบอร์ 120,ออโต้เทรด,12,650,7800,,2567-02-13,IV1444437,ราคาที่ลง ยังไม่รวมภาษี,โปรซื้อ 24แถมฟรี 8,งานสี,,831
กระดาษทรายกลม Rhynogrip (แรด) 6รู เบอร์ 120,ออโต้เทรด,6,650,3900,,2567-04-25,IV1447634,ราคาที่ลง ยังไม่รวมภาษี,โปรซื้อ 24แถมฟรี 8,งานสี,,832
กระดาษทรายกลม Rhynogrip (แรด) 6รู เบอร์ 120,ออโต้เทรด,13,695.5,9041.5,,2568-01-09,IV1459290,ราคารวม VAT แล้ว,โปรซื้อ 38แถมฟรี 14,งานสี,,833
กระดาษทรายกลม Rhynogrip (แรด) 6รู เบอร์ 120,ออโต้เทรด,11,650,7650.5,7150.0,2568-06-07,IV1466221,ราคารวม VAT แล้ว,โปรซื้อ 38แถมฟรี 14,งานสี,,834
กระดาษทรายกลม Rhynogrip (แรด) 6รู เบอร์ 120,ออโต้เทรด มาร์เก็ตติ้ง,14,650,9737,,2568-10-24,IV1472726,ราคาที่ลง ยังไม่รวมภาษี,โปรซื้อ 38แถมฟรี 14,งานสี,,835
"กระดาษทรายกลม Oslong 6"" 6รู เบอร์ 320",เบรนเวิคส์,100,7.5,750,,2561-05-22,,ราคาที่ลง ยังไม่รวมภาษี,** เบอร์นี้ใช้เยอะ ** ,งานสี,,836
"กระดาษทรายกลม Oslong 6"" 6รู เบอร์ 320",เบรนเวิคส์,200,7.5,1500,,2561-06-01,,ราคาที่ลง ยังไม่รวมภาษี,** เบอร์นี้ใช้เยอะ ** ,งานสี,,837
กระดาษทรายกลม Rhynogrip (แรด)  6รู เบอร์ 320,ออโต้ สมาร์ท,100,9,900,,2562-07-13,,ราคาที่ลง ยังไม่รวมภาษี,** เบอร์นี้ใช้เยอะ ** ,งานสี,,838
กระดาษทรายกลม Rhynogrip (แรด)  6รู เบอร์ 320,ออโต้ สมาร์ท,100,9,900,,2562-07-22,,ราคาที่ลง ยังไม่รวมภาษี,** เบอร์นี้ใช้เยอะ ** ,งานสี,,839
กระดาษทรายกลม Rhynogrip (แรด)  6รู เบอร์ 320,ออโต้ สมาร์ท,100,9,900,,2562-08-05,,ราคาที่ลง ยังไม่รวมภาษี,** เบอร์นี้ใช้เยอะ ** ,งานสี,,840
กระดาษทรายกลม Rhynogrip (แรด)  6รู เบอร์ 320,ออโต้ สมาร์ท,100,9,900,,2562-08-13,,ราคาที่ลง ยังไม่รวมภาษี,** เบอร์นี้ใช้เยอะ ** ,งานสี,,841
กระดาษทรายกลม Rhynogrip (แรด)  6รู เบอร์ 320,ออโต้ สมาร์ท,200,9,1800,,2562-08-24,,ราคาที่ลง ยังไม่รวมภาษี,** เบอร์นี้ใช้เยอะ ** ,งานสี,,842
กระดาษทรายกลม Rhynogrip (แรด)  6รู เบอร์ 320,ออโต้ สมาร์ท,100,9,900,,2562-09-04,,ราคาที่ลง ยังไม่รวมภาษี,** เบอร์นี้ใช้เยอะ ** ,งานสี,,843
กระดาษทรายกลม Rhynogrip (แรด)  6รู เบอร์ 320,ออโต้ สมาร์ท,200,9,1800,,2562-09-09,,ราคาที่ลง ยังไม่รวมภาษี,** เบอร์นี้ใช้เยอะ ** ,งานสี,,844
กระดาษทรายกลม Rhynogrip (แรด)  6รู เบอร์ 320,ออโต้ สมาร์ท,200,9,1800,,2562-12-17,,ราคาที่ลง ยังไม่รวมภาษี,** เบอร์นี้ใช้เยอะ ** ,งานสี,,845
กระดาษทรายกลม Rhynogrip (แรด)  6รู เบอร์ 320,ออโต้ สมาร์ท,200,9,1800,,2563-02-22,,ราคาที่ลง ยังไม่รวมภาษี,** เบอร์นี้ใช้เยอะ ** ,งานสี,,846
กระดาษทรายกลม Rhynogrip (แรด)  6รู เบอร์ 320,ออโต้ สมาร์ท,100,9,900,,2563-03-10,,ราคาที่ลง ยังไม่รวมภาษี,** เบอร์นี้ใช้เยอะ ** ,งานสี,,847
กระดาษทรายกลม Rhynogrip (แรด)  6รู เบอร์ 320,ออโต้ สมาร์ท,200,9,1800,,2563-03-17,,ราคาที่ลง ยังไม่รวมภาษี,** เบอร์นี้ใช้เยอะ ** ,งานสี,,848
กระดาษทรายกลม Rhynogrip (แรด)  6รู เบอร์ 320,ออโต้ สมาร์ท,200,9,1800,,2563-03-25,,ราคาที่ลง ยังไม่รวมภาษี,** เบอร์นี้ใช้เยอะ ** ,งานสี,,849
กระดาษทรายกลม Rhynogrip (แรด)  6รู เบอร์ 320,ออโต้ สมาร์ท,200,9,1800,,2563-04-09,,ราคาที่ลง ยังไม่รวมภาษี,** เบอร์นี้ใช้เยอะ ** ,งานสี,,850
กระดาษทรายกลม Rhynogrip (แรด)  6รู เบอร์ 320,ออโต้ สมาร์ท,200,9,1800,,2563-05-11,,ราคาที่ลง ยังไม่รวมภาษี,** เบอร์นี้ใช้เยอะ ** ,งานสี,,851
กระดาษทรายกลม Rhynogrip (แรด)  6รู เบอร์ 320,ออโต้ สมาร์ท,100,9,900,,2563-05-20,,ราคาที่ลง ยังไม่รวมภาษี,** เบอร์นี้ใช้เยอะ ** ,งานสี,,852
กระดาษทรายกลม Rhynogrip (แรด)  6รู เบอร์ 320,ออโต้ สมาร์ท,200,9,1800,,2563-05-26,,ราคาที่ลง ยังไม่รวมภาษี,** เบอร์นี้ใช้เยอะ ** ,งานสี,,853
กระดาษทรายกลม Rhynogrip (แรด)  6รู เบอร์ 320,ออโต้ สมาร์ท,200,9,1800,,2563-06-10,,ราคาที่ลง ยังไม่รวมภาษี,** เบอร์นี้ใช้เยอะ ** ,งานสี,,854
กระดาษทรายกลม Rhynogrip (แรด)  6รู เบอร์ 320,ออโต้ สมาร์ท,200,9,1800,,2563-06-24,,ราคาที่ลง ยังไม่รวมภาษี,** เบอร์นี้ใช้เยอะ ** ,งานสี,,855
กระดาษทรายกลม Rhynogrip (แรด)  6รู เบอร์ 320,ออโต้ สมาร์ท,200,9,1800,,2563-07-10,,ราคาที่ลง ยังไม่รวมภาษี,** เบอร์นี้ใช้เยอะ ** ,งานสี,,856
กระดาษทรายกลม Rhynogrip (แรด)  6รู เบอร์ 320,ออโต้ สมาร์ท,200,9,1800,,2563-07-20,,ราคาที่ลง ยังไม่รวมภาษี,** เบอร์นี้ใช้เยอะ ** ,งานสี,,857
กระดาษทรายกลม Rhynogrip (แรด)  6รู เบอร์ 320,ออโต้ สมาร์ท,200,9,1800,,2563-08-07,,ราคาที่ลง ยังไม่รวมภาษี,** เบอร์นี้ใช้เยอะ ** ,งานสี,,858
กระดาษทรายกลม Rhynogrip (แรด)  6รู เบอร์ 320,ออโต้ สมาร์ท,200,9,1800,,2563-08-31,,ราคาที่ลง ยังไม่รวมภาษี,** เบอร์นี้ใช้เยอะ ** ,งานสี,,859
กระดาษทรายกลม Rhynogrip (แรด)  6รู เบอร์ 320,ออโต้ สมาร์ท,200,9,1800,,2563-09-15,,ราคาที่ลง ยังไม่รวมภาษี,** เบอร์นี้ใช้เยอะ ** ,งานสี,,860
กระดาษทรายกลม Rhynogrip (แรด)  6รู เบอร์ 320,ออโต้ สมาร์ท,100,9,900,,2563-09-25,,ราคาที่ลง ยังไม่รวมภาษี,** เบอร์นี้ใช้เยอะ ** ,งานสี,,861
กระดาษทรายกลม Rhynogrip (แรด)  6รู เบอร์ 320,ออโต้ สมาร์ท,200,9,1800,,2563-10-09,,ราคาที่ลง ยังไม่รวมภาษี,** เบอร์นี้ใช้เยอะ ** ,งานสี,,862
กระดาษทรายกลม Rhynogrip (แรด)  6รู เบอร์ 320,ออโต้ สมาร์ท,200,9,1800,,2563-10-24,,ราคาที่ลง ยังไม่รวมภาษี,** เบอร์นี้ใช้เยอะ ** ,งานสี,,863
กระดาษทรายกลม Rhynogrip (แรด)  6รู เบอร์ 320,ออโต้ สมาร์ท,200,9,1800,,2563-11-07,,ราคาที่ลง ยังไม่รวมภาษี,** เบอร์นี้ใช้เยอะ ** ,งานสี,,864
กระดาษทรายกลม Rhynogrip (แรด)  6รู เบอร์ 320,ออโต้ สมาร์ท,200,9,1800,,2563-11-20,,ราคาที่ลง ยังไม่รวมภาษี,** เบอร์นี้ใช้เยอะ ** ,งานสี,,865
กระดาษทรายกลม Rhynogrip (แรด)  6รู เบอร์ 320,ออโต้ สมาร์ท,200,9,1800,,2563-12-04,,ราคาที่ลง ยังไม่รวมภาษี,** เบอร์นี้ใช้เยอะ ** ,งานสี,,866
กระดาษทรายกลม Rhynogrip (แรด)  6รู เบอร์ 320,ออโต้ สมาร์ท,200,9,1800,,2563-12-09,,ราคาที่ลง ยังไม่รวมภาษี,** เบอร์นี้ใช้เยอะ ** ,งานสี,,867
กระดาษทรายกลม Rhynogrip (แรด)  6รู เบอร์ 320,ออโต้ สมาร์ท,200,9,1800,,2564-01-11,,ราคาที่ลง ยังไม่รวมภาษี,** เบอร์นี้ใช้เยอะ ** ,งานสี,,868
กระดาษทรายกลม Rhynogrip (แรด)  6รู เบอร์ 320,ออโต้ สมาร์ท,200,9,1800,,2564-01-23,,ราคาที่ลง ยังไม่รวมภาษี,** เบอร์นี้ใช้เยอะ ** ,งานสี,,869
กระดาษทรายกลม Rhynogrip (แรด)  6รู เบอร์ 320,ออโต้ สมาร์ท,200,9,1800,,2564-02-04,,ราคาที่ลง ยังไม่รวมภาษี,** เบอร์นี้ใช้เยอะ ** ,งานสี,,870
กระดาษทรายกลม Rhynogrip (แรด)  6รู เบอร์ 320,ออโต้ สมาร์ท,200,9,1800,,2564-03-06,,ราคาที่ลง ยังไม่รวมภาษี,** เบอร์นี้ใช้เยอะ ** ,งานสี,,871
กระดาษทรายกลม Rhynogrip (แรด)  6รู เบอร์ 320,ออโต้ สมาร์ท,200,9,1800,,2564-03-19,,ราคาที่ลง ยังไม่รวมภาษี,** เบอร์นี้ใช้เยอะ ** ,งานสี,,872
กระดาษทรายกลม Rhynogrip (แรด)  6รู เบอร์ 320,ออโต้ สมาร์ท,200,9,1800,,2564-03-26,,ราคาที่ลง ยังไม่รวมภาษี,** เบอร์นี้ใช้เยอะ ** ,งานสี,,873
กระดาษทรายกลม Rhynogrip (แรด)  6รู เบอร์ 320,ออโต้ สมาร์ท,200,9,1800,,2564-05-06,,ราคาที่ลง ยังไม่รวมภาษี,** เบอร์นี้ใช้เยอะ ** ,งานสี,,874
กระดาษทรายกลม Rhynogrip (แรด)  6รู เบอร์ 320,ออโต้ สมาร์ท,200,9,1800,,2564-07-13,,ราคาที่ลง ยังไม่รวมภาษี,** เบอร์นี้ใช้เยอะ ** ,งานสี,,875
กระดาษทรายกลม Rhynogrip (แรด)  6รู เบอร์ 320,ออโต้ สมาร์ท,200,9,1800,,2564-07-19,,ราคาที่ลง ยังไม่รวมภาษี,** เบอร์นี้ใช้เยอะ ** ,งานสี,,876
กระดาษทรายกลม Rhynogrip (แรด)  6รู เบอร์ 320,ออโต้ สมาร์ท,200,9,1800,,2564-08-09,,ราคาที่ลง ยังไม่รวมภาษี,** เบอร์นี้ใช้เยอะ ** ,งานสี,,877
กระดาษทรายกลม Rhynogrip (แรด)  6รู เบอร์ 320,ออโต้ สมาร์ท,200,9,1800,,2564-08-31,202108203,ราคาที่ลง ยังไม่รวมภาษี,** เบอร์นี้ใช้เยอะ ** ,งานสี,,878
กระดาษทรายกลม Rhynogrip (แรด)  6รู เบอร์ 320,ออโต้ สมาร์ท,200,9,1800,,2564-09-23,202109165,ราคาที่ลง ยังไม่รวมภาษี,** เบอร์นี้ใช้เยอะ ** ,งานสี,,879
กระดาษทรายกลม Rhynogrip (แรด)  6รู เบอร์ 320,ออโต้ สมาร์ท,200,9,1800,,2564-10-11,202110080,ราคาที่ลง ยังไม่รวมภาษี,** เบอร์นี้ใช้เยอะ ** ,งานสี,,880
กระดาษทรายกลม Rhynogrip (แรด)  6รู เบอร์ 320,ออโต้ สมาร์ท,200,9,1800,,2564-10-28,202110201,ราคาที่ลง ยังไม่รวมภาษี,** เบอร์นี้ใช้เยอะ ** ,งานสี,,881
กระดาษทรายกลม Rhynogrip (แรด)  6รู เบอร์ 320,ออโต้ สมาร์ท,300,9,2700,,2565-01-20,202201143,ราคาที่ลง ยังไม่รวมภาษี,** เบอร์นี้ใช้เยอะ ** ,งานสี,,882
กระดาษทรายกลม  6รู เบอร์ 320 -- รุ่นฟิล์ม (สีเขียว) Smart Tool,ไทยนคร,50,7.58,379,,2565-02-11,INV22020466,ราคาที่ลง ยังไม่รวมภาษี,** เบอร์นี้ใช้เยอะ ** ,งานสี,,883
กระดาษทรายกลม  6รู เบอร์ 320 -- รุ่นฟิล์ม (สีเขียว) Smart Tool,ไทยนคร,50,7.58,379,,2565-02-11,INV22020427,ราคาที่ลง ยังไม่รวมภาษี,** เบอร์นี้ใช้เยอะ ** ,งานสี,,884
"กระดาษทรายกลม CAPTAIN  6"" 6รู เบอร์ 320",ทาเลนท์อินเตอร์เทรด,100,5.5,550,,2565-02-16,IV6503189,ราคาที่ลง ยังไม่รวมภาษี,** เบอร์นี้ใช้เยอะ ** ,งานสี,,885
กระดาษทรายกลม Rhynogrip (แรด)  6รู เบอร์ 320,ออโต้ สมาร์ท,250,9,2250,,2565-05-06,202205057,ราคาที่ลง ยังไม่รวมภาษี,** เบอร์นี้ใช้เยอะ ** ,งานสี,,886
กระดาษทรายกลม Rhynogrip (แรด) 6รู เบอร์ 320,ออโต้เทรด,800,5.56,4450,,2565-06-08,IV1417113,ราคาที่ลง ยังไม่รวมภาษี,โปรซื้อ 19แถมฟรี 8,งานสี,,887
กระดาษทรายกลม Rhynogrip (แรด)  6รู เบอร์ 320,ออโต้เทรด,10,556.25,5562.5,,2565-07-21,IV1419112,ราคาที่ลง ยังไม่รวมภาษี,โปรซื้อ 19แถมฟรี 8,งานสี,,888
กระดาษทรายกลม Rhynogrip (แรด)  6รู เบอร์ 320,ออโต้เทรด,16,650,10400,,2565-10-06,IV1422486,ราคาที่ลง ยังไม่รวมภาษี,โปรซื้อ 19แถมฟรี 8,งานสี,,889
กระดาษทรายกลม Rhynogrip (แรด)  6รู เบอร์ 320,ออโต้เทรด,9,650,5850,,2565-12-08,IV1425090,ราคาที่ลง ยังไม่รวมภาษี,โปรซื้อ 19แถมฟรี 8,งานสี,,890
กระดาษทรายกลม Rhynogrip (แรด)  6รู เบอร์ 320,ออโต้เทรด,19,650,12350,,2566-02-06,IV1427558,ราคาที่ลง ยังไม่รวมภาษี,โปรซื้อ 19แถมฟรี 8,งานสี,,891
กระดาษทรายกลม Rhynogrip (แรด)  6รู เบอร์ 320,ออโต้เทรด,20,650,13000,,2566-04-05,IV1430190,,โปรซื้อ 20แถมฟรี 8,งานสี,,892
กระดาษทรายกลม Rhynogrip (แรด)  6รู เบอร์ 320,ออโต้เทรด,11,650,7150,,2566-06-14,IV1433445,,โปรซื้อ 20แถมฟรี 8,งานสี,,893
กระดาษทรายกลม Rhynogrip (แรด)  6รู เบอร์ 320,ออโต้เทรด,20,650,13000,,2566-08-07,IV1435877,,โปรซื้อ 20แถมฟรี 8,งานสี,,894
กระดาษทรายกลม Rhynogrip (แรด)  6รู เบอร์ 320,ออโต้เทรด,6,650,3900,,2566-10-05,IV1438645,,โปรซื้อ 20แถมฟรี 8,งานสี,,895
กระดาษทรายกลม Rhynogrip (แรด)  6รู เบอร์ 320,ออโต้เทรด,20,650,13000,,2566-11-28,IV1441081,,โปรซื้อ 20แถมฟรี 8,งานสี,,896
กระดาษทรายกลม Rhynogrip (แรด)  6รู เบอร์ 320,ออโต้เทรด,18,650,11700,,2567-04-25,IV1447634,,โปรซื้อ 20แถมฟรี 8,งานสี,,897
กระดาษทรายกลม Rhynogrip (แรด)  6รู เบอร์ 320,ออโต้เทรด,24,650,15600,,2567-07-05,IV1451048,,โปรซื้อ 24แถมฟรี 8,งานสี,,898
กระดาษทรายกลม Rhynogrip (แรด)  6รู เบอร์ 320,ออโต้เทรด,13,695.5,9041.5,,2568-01-09,IV1459290,ราคารวม VAT แล้ว,โปรซื้อ 38แถมฟรี 14,งานสี,,899
กระดาษทรายกลม Rhynogrip (แรด)  6รู เบอร์ 320,ออโต้เทรด,13,650,9041.5,8450.0,2568-06-07,IV1466221,ราคารวม VAT แล้ว,โปรซื้อ 38แถมฟรี 14,งานสี,,900
กระดาษทรายกลม Rhynogrip (แรด) 6รู เบอร์ 320,ออโต้เทรด มาร์เก็ตติ้ง,6,650,4173,,2568-10-24,IV1472726,ราคาที่ลง ยังไม่รวมภาษี,โปรซื้อ 38แถมฟรี 14,งานสี,,901
"กระดาษทรายกลม Oslong 6"" 6รู เบอร์ 400",เบรนเวิคส์,100,7.5,750,,2561-05-22,,ราคาที่ลง ยังไม่รวมภาษี,โปรซื้อ 38แถมฟรี 14,งานสี,,902
"กระดาษทรายกลม Oslong 6"" 6รู เบอร์ 400",เบรนเวิคส์,200,7.5,1500,,2561-06-01,,ราคาที่ลง ยังไม่รวมภาษี,โปรซื้อ 38แถมฟรี 14,งานสี,,903
กระดาษทรายกลม Rhynogrip (แรด) 6รู เบอร์ 400,ออโต้ สมาร์ท,100,9,900,,2562-07-13,,ราคาที่ลง ยังไม่รวมภาษี,โปรซื้อ 38แถมฟรี 14,งานสี,,904
กระดาษทรายกลม Rhynogrip (แรด) 6รู เบอร์ 400,ออโต้ สมาร์ท,100,9,900,,2562-07-22,,ราคาที่ลง ยังไม่รวมภาษี,โปรซื้อ 38แถมฟรี 14,งานสี,,905
กระดาษทรายกลม Rhynogrip (แรด) 6รู เบอร์ 400,ออโต้ สมาร์ท,100,9,900,,2562-08-05,,ราคาที่ลง ยังไม่รวมภาษี,โปรซื้อ 38แถมฟรี 14,งานสี,,906
กระดาษทรายกลม Rhynogrip (แรด) 6รู เบอร์ 400,ออโต้ สมาร์ท,100,9,900,,2562-08-13,,ราคาที่ลง ยังไม่รวมภาษี,โปรซื้อ 38แถมฟรี 14,งานสี,,907
กระดาษทรายกลม Rhynogrip (แรด) 6รู เบอร์ 400,ออโต้ สมาร์ท,200,9,1800,,2562-08-24,,ราคาที่ลง ยังไม่รวมภาษี,โปรซื้อ 38แถมฟรี 14,งานสี,,908
กระดาษทรายกลม Rhynogrip (แรด) 6รู เบอร์ 400,ออโต้ สมาร์ท,100,9,900,,2562-09-04,,ราคาที่ลง ยังไม่รวมภาษี,โปรซื้อ 38แถมฟรี 14,งานสี,,909
กระดาษทรายกลม Rhynogrip (แรด) 6รู เบอร์ 400,ออโต้ สมาร์ท,100,9,900,,2562-09-09,,ราคาที่ลง ยังไม่รวมภาษี,โปรซื้อ 38แถมฟรี 14,งานสี,,910
กระดาษทรายกลม Rhynogrip (แรด) 6รู เบอร์ 400,ออโต้ สมาร์ท,200,9,1800,,2562-12-17,,ราคาที่ลง ยังไม่รวมภาษี,โปรซื้อ 38แถมฟรี 14,งานสี,,911
กระดาษทรายกลม Rhynogrip (แรด) 6รู เบอร์ 400,ออโต้ สมาร์ท,100,9,900,,2563-02-22,,ราคาที่ลง ยังไม่รวมภาษี,โปรซื้อ 38แถมฟรี 14,งานสี,,912
กระดาษทรายกลม Rhynogrip (แรด) 6รู เบอร์ 400,ออโต้ สมาร์ท,100,9,900,,2563-03-17,,ราคาที่ลง ยังไม่รวมภาษี,โปรซื้อ 38แถมฟรี 14,งานสี,,913
กระดาษทรายกลม Rhynogrip (แรด) 6รู เบอร์ 400,ออโต้ สมาร์ท,200,9,1800,,2563-03-25,,ราคาที่ลง ยังไม่รวมภาษี,โปรซื้อ 38แถมฟรี 14,งานสี,,914
กระดาษทรายกลม Rhynogrip (แรด) 6รู เบอร์ 400,ออโต้ สมาร์ท,100,9,900,,2563-05-11,,ราคาที่ลง ยังไม่รวมภาษี,โปรซื้อ 38แถมฟรี 14,งานสี,,915
กระดาษทรายกลม Rhynogrip (แรด) 6รู เบอร์ 400,ออโต้ สมาร์ท,200,9,1800,,2563-05-26,,ราคาที่ลง ยังไม่รวมภาษี,โปรซื้อ 38แถมฟรี 14,งานสี,,916
กระดาษทรายกลม Rhynogrip (แรด) 6รู เบอร์ 400,ออโต้ สมาร์ท,100,9,900,,2563-06-10,,ราคาที่ลง ยังไม่รวมภาษี,โปรซื้อ 38แถมฟรี 14,งานสี,,917
กระดาษทรายกลม Rhynogrip (แรด) 6รู เบอร์ 400,ออโต้ สมาร์ท,200,9,1800,,2563-06-24,,ราคาที่ลง ยังไม่รวมภาษี,โปรซื้อ 38แถมฟรี 14,งานสี,,918
กระดาษทรายกลม Rhynogrip (แรด) 6รู เบอร์ 400,ออโต้ สมาร์ท,100,9,900,,2563-07-10,,ราคาที่ลง ยังไม่รวมภาษี,โปรซื้อ 38แถมฟรี 14,งานสี,,919
กระดาษทรายกลม Rhynogrip (แรด) 6รู เบอร์ 400,ออโต้ สมาร์ท,100,9,900,,2563-08-07,,ราคาที่ลง ยังไม่รวมภาษี,โปรซื้อ 38แถมฟรี 14,งานสี,,920
กระดาษทรายกลม Rhynogrip (แรด) 6รู เบอร์ 400,ออโต้ สมาร์ท,100,9,900,,2563-08-31,,ราคาที่ลง ยังไม่รวมภาษี,โปรซื้อ 38แถมฟรี 14,งานสี,,921
กระดาษทรายกลม Rhynogrip (แรด) 6รู เบอร์ 400,ออโต้ สมาร์ท,200,9,1800,,2563-09-15,,ราคาที่ลง ยังไม่รวมภาษี,โปรซื้อ 38แถมฟรี 14,งานสี,,922
กระดาษทรายกลม Rhynogrip (แรด) 6รู เบอร์ 400,ออโต้ สมาร์ท,100,9,900,,2563-09-25,,ราคาที่ลง ยังไม่รวมภาษี,โปรซื้อ 38แถมฟรี 14,งานสี,,923
กระดาษทรายกลม Rhynogrip (แรด) 6รู เบอร์ 400,ออโต้ สมาร์ท,100,9,900,,2563-10-09,,ราคาที่ลง ยังไม่รวมภาษี,โปรซื้อ 38แถมฟรี 14,งานสี,,924
กระดาษทรายกลม Rhynogrip (แรด) 6รู เบอร์ 400,ออโต้ สมาร์ท,200,9,1800,,2563-11-07,,ราคาที่ลง ยังไม่รวมภาษี,โปรซื้อ 38แถมฟรี 14,งานสี,,925
กระดาษทรายกลม Rhynogrip (แรด) 6รู เบอร์ 400,ออโต้ สมาร์ท,100,9,900,,2563-11-20,,ราคาที่ลง ยังไม่รวมภาษี,โปรซื้อ 38แถมฟรี 14,งานสี,,926
กระดาษทรายกลม Rhynogrip (แรด) 6รู เบอร์ 400,ออโต้ สมาร์ท,100,9,900,,2563-12-04,,ราคาที่ลง ยังไม่รวมภาษี,โปรซื้อ 38แถมฟรี 14,งานสี,,927
กระดาษทรายกลม Rhynogrip (แรด) 6รู เบอร์ 400,ออโต้ สมาร์ท,100,9,900,,2564-01-11,,ราคาที่ลง ยังไม่รวมภาษี,โปรซื้อ 38แถมฟรี 14,งานสี,,928
กระดาษทรายกลม Rhynogrip (แรด) 6รู เบอร์ 400,ออโต้ สมาร์ท,200,9,1800,,2564-01-23,,ราคาที่ลง ยังไม่รวมภาษี,โปรซื้อ 38แถมฟรี 14,งานสี,,929
กระดาษทรายกลม Rhynogrip (แรด) 6รู เบอร์ 400,ออโต้ สมาร์ท,200,9,1800,,2564-02-04,,ราคาที่ลง ยังไม่รวมภาษี,โปรซื้อ 38แถมฟรี 14,งานสี,,930
กระดาษทรายกลม Rhynogrip (แรด) 6รู เบอร์ 400,ออโต้ สมาร์ท,200,9,1800,,2564-03-06,,ราคาที่ลง ยังไม่รวมภาษี,โปรซื้อ 38แถมฟรี 14,งานสี,,931
กระดาษทรายกลม Rhynogrip (แรด) 6รู เบอร์ 400,ออโต้ สมาร์ท,100,9,900,,2564-03-19,,ราคาที่ลง ยังไม่รวมภาษี,โปรซื้อ 38แถมฟรี 14,งานสี,,932
กระดาษทรายกลม Rhynogrip (แรด) 6รู เบอร์ 400,ออโต้ สมาร์ท,200,9,1800,,2564-03-26,,ราคาที่ลง ยังไม่รวมภาษี,โปรซื้อ 38แถมฟรี 14,งานสี,,933
กระดาษทรายกลม Rhynogrip (แรด) 6รู เบอร์ 400,ออโต้ สมาร์ท,200,9,1800,,2564-05-06,,ราคาที่ลง ยังไม่รวมภาษี,โปรซื้อ 38แถมฟรี 14,งานสี,,934
กระดาษทรายกลม Rhynogrip (แรด) 6รู เบอร์ 400,ออโต้ สมาร์ท,200,9,1800,,2564-07-13,,ราคาที่ลง ยังไม่รวมภาษี,โปรซื้อ 38แถมฟรี 14,งานสี,,935
กระดาษทรายกลม Rhynogrip (แรด) 6รู เบอร์ 400,ออโต้ สมาร์ท,100,9,900,,2564-07-19,,ราคาที่ลง ยังไม่รวมภาษี,โปรซื้อ 38แถมฟรี 14,งานสี,,936
กระดาษทรายกลม Rhynogrip (แรด) 6รู เบอร์ 400,ออโต้ สมาร์ท,100,9,900,,2564-08-31,202108203,ราคาที่ลง ยังไม่รวมภาษี,โปรซื้อ 38แถมฟรี 14,งานสี,,937
กระดาษทรายกลม Rhynogrip (แรด) 6รู เบอร์ 400,ออโต้ สมาร์ท,100,9,900,,2564-09-23,202109165,ราคาที่ลง ยังไม่รวมภาษี,โปรซื้อ 38แถมฟรี 14,งานสี,,938
กระดาษทรายกลม Rhynogrip (แรด) 6รู เบอร์ 400,ออโต้ สมาร์ท,100,9,900,,2564-10-11,202110080,ราคาที่ลง ยังไม่รวมภาษี,โปรซื้อ 38แถมฟรี 14,งานสี,,939
กระดาษทรายกลม Rhynogrip (แรด) 6รู เบอร์ 400,ออโต้ สมาร์ท,100,9,900,,2564-10-28,202110201,ราคาที่ลง ยังไม่รวมภาษี,โปรซื้อ 38แถมฟรี 14,งานสี,,940
กระดาษทรายกลม Rhynogrip (แรด) 6รู เบอร์ 400,ออโต้ สมาร์ท,100,9,900,,2565-02-14,202202131,ราคาที่ลง ยังไม่รวมภาษี,โปรซื้อ 38แถมฟรี 14,งานสี,,941
"กระดาษทรายกลม CAPTAIN 6"" 6รู เบอร์ 400",ทาเลนท์อินเตอร์เทรด,400,5.5,2200,,2565-03-08,IV6504527,ราคาที่ลง ยังไม่รวมภาษี,โปรซื้อ 38แถมฟรี 14,งานสี,,942
กระดาษทรายกลม Rhynogrip (แรด) 6รู เบอร์ 400,ออโต้ สมาร์ท,150,9,1350,,2565-05-26,202205231,ราคาที่ลง ยังไม่รวมภาษี,โปรซื้อ 38แถมฟรี 14,งานสี,,943
กระดาษทรายกลม Rhynogrip (แรด) 6รู เบอร์ 400,ออโต้ สมาร์ท,3,650,1950,,2566-06-14,IV1433445,ราคาที่ลง ยังไม่รวมภาษี,โปรซื้อ 20แถมฟรี 8,งานสี,,944
กระดาษทรายเหลี่ยมขัดน้ำ 230มม.*280มม. เบอร์ 80 ,ออโต้ สมาร์ท,100,7,700,,2563-12-04,,ราคาที่ลง ยังไม่รวมภาษี,ออโต้เทรด **โปร 11-20 กล่อง ลด 30%,งานสี,,945
กระดาษทรายเหลี่ยมขัดน้ำ 230มม.*280มม. เบอร์ 80 ,ออโต้ สมาร์ท,100,8,800,,2564-12-07,202112058,ราคาที่ลง ยังไม่รวมภาษี,ออโต้เทรด **โปร 51-100 กล่อง ลด 35%+5%,งานสี,,946
กระดาษทรายเหลี่ยมขัดน้ำ 230มม.*280มม. เบอร์ 80 ,ออโต้ สมาร์ท,100,8,800,,2565-03-28,202203217,ราคาที่ลง ยังไม่รวมภาษี,ออโต้เทรด **โปร 101-200 กล่อง ลด 35%+7%,งานสี,,947
กระดาษทรายเหลี่ยมขัดน้ำ 230มม.*280มม. เบอร์ 80 ,ออโต้เทรด มาร์เก็ตติ้ง,200,8,1040,,2565-06-14,IV1417481,ราคาที่ลง ยังไม่รวมภาษี,ออโต้เทรด **โปร 101-200 กล่อง ลด 35%+7%,งานสี,0.35,948
กระดาษทรายเหลี่ยมขัดน้ำ 230มม.*280มม. เบอร์ 80 ,ออโต้เทรด มาร์เก็ตติ้ง,1,800,560,,2566-06-14,IV1433445,ราคาที่ลง ยังไม่รวมภาษี,โปรซื้อ 11-19แพ็ค ลด 30%,งานสี,0.3,949
กระดาษทรายเหลี่ยมขัดน้ำ 230มม.*280มม. เบอร์ 80 ,ออโต้เทรด มาร์เก็ตติ้ง,1,800,560,,2566-10-05,IV1438645,ราคาที่ลง ยังไม่รวมภาษี,โปรซื้อ 20แพ็ค ลด 35%,งานสี,0.3,950
กระดาษทรายเหลี่ยมขัดน้ำ 230มม.*280มม. เบอร์ 80 ,ออโต้เทรด มาร์เก็ตติ้ง,2,800,1600,,2567-04-25,IV1447634,ราคาที่ลง ยังไม่รวมภาษี,โปรซื้อ 20แพ็ค ลด 35%,งานสี,0.35,951
กระดาษทรายเหลี่ยมขัดน้ำ 230มม.*280มม. เบอร์ 80 (จำนวนแพ็ค),ออโต้เทรด,2,800,1112.8,1600.0,2568-06-07,IV1466221,ราคารวม VAT แล้ว,โปรซื้อ 20แพ็ค ลด 35%,งานสี,0.35,952
กระดาษทรายเหลี่ยมขัดน้ำ 230มม.*280มม. เบอร์ 100 -- แถมฟรี,ออโต้ สมาร์ท,100,7,700,,2562-08-05,,ราคาที่ลง ยังไม่รวมภาษี,โปรซื้อ 20แพ็ค ลด 35%,งานสี,,953
กระดาษทรายเหลี่ยมขัดน้ำ 230มม.*280มม. เบอร์ 100  ,ออโต้ สมาร์ท,100,7,700,,2562-08-24,,ราคาที่ลง ยังไม่รวมภาษี,โปรซื้อ 20แพ็ค ลด 35%,งานสี,,954
กระดาษทรายเหลี่ยมขัดน้ำ 230มม.*280มม. เบอร์ 100  ,ออโต้ สมาร์ท,100,7,700,,2563-02-22,,ราคาที่ลง ยังไม่รวมภาษี,โปรซื้อ 20แพ็ค ลด 35%,งานสี,,955
กระดาษทรายเหลี่ยมขัดน้ำ 230มม.*280มม. เบอร์ 100  ,ออโต้ สมาร์ท,100,7,700,,2563-03-25,,ราคาที่ลง ยังไม่รวมภาษี,โปรซื้อ 20แพ็ค ลด 35%,งานสี,,956
กระดาษทรายเหลี่ยมขัดน้ำ 230มม.*280มม. เบอร์ 100  ,ออโต้ สมาร์ท,100,7,700,,2563-04-09,,ราคาที่ลง ยังไม่รวมภาษี,โปรซื้อ 20แพ็ค ลด 35%,งานสี,,957
กระดาษทรายเหลี่ยมขัดน้ำ 230มม.*280มม. เบอร์ 100  ,ออโต้ สมาร์ท,100,7,700,,2563-05-20,,ราคาที่ลง ยังไม่รวมภาษี,โปรซื้อ 20แพ็ค ลด 35%,งานสี,,958
กระดาษทรายเหลี่ยมขัดน้ำ 230มม.*280มม. เบอร์ 100 -- แถมฟรี,ออโต้ สมาร์ท,100,7,700,,2563-07-10,,ราคาที่ลง ยังไม่รวมภาษี,โปรซื้อ 20แพ็ค ลด 35%,งานสี,,959
กระดาษทรายเหลี่ยมขัดน้ำ 230มม.*280มม. เบอร์ 100  ,ออโต้ สมาร์ท,100,7,700,,2563-12-04,,ราคาที่ลง ยังไม่รวมภาษี,โปรซื้อ 20แพ็ค ลด 35%,งานสี,,960
กระดาษทรายเหลี่ยมขัดน้ำ 230มม.*280มม. เบอร์ 100  ,ออโต้ สมาร์ท,100,7,700,,2564-07-13,,ราคาที่ลง ยังไม่รวมภาษี,โปรซื้อ 20แพ็ค ลด 35%,งานสี,,961
กระดาษทรายเหลี่ยมขัดน้ำ 230มม.*280มม. เบอร์ 100  ,ออโต้ สมาร์ท,100,7,700,,2564-12-07,202112058,ราคาที่ลง ยังไม่รวมภาษี,โปรซื้อ 20แพ็ค ลด 35%,งานสี,,962
กระดาษทรายเหลี่ยมขัดน้ำ 230มม.*280มม. เบอร์ 100  ,ออโต้ สมาร์ท,200,7,1400,,2565-02-14,202202131,ราคาที่ลง ยังไม่รวมภาษี,โปรซื้อ 20แพ็ค ลด 35%,งานสี,,963
กระดาษทรายเหลี่ยมขัดน้ำ 230มม.*280มม. เบอร์ 100 ตราม้าส้ม ,ออโต้เทรด มาร์เก็ตติ้ง,100,7,455,,2565-06-14,IV1417481,ราคาที่ลง ยังไม่รวมภาษี,โปรซื้อ 20แพ็ค ลด 35%,งานสี,0.35,964
กระดาษทรายเหลี่ยมขัดน้ำ 230มม.*280มม. เบอร์ 100 ตราม้าส้ม ,ออโต้เทรด มาร์เก็ตติ้ง,300,7,1365,,2565-09-12,IV1421363,ราคาที่ลง ยังไม่รวมภาษี,โปรซื้อ 20แพ็ค ลด 35%,งานสี,0.35,965
กระดาษทรายเหลี่ยมขัดน้ำ 230มม.*280มม. เบอร์ 100 ตราม้าส้ม ,ออโต้เทรด มาร์เก็ตติ้ง,1,700,490,,2566-10-05,IV1438645,ราคาที่ลง ยังไม่รวมภาษี,โปรซื้อ 20แพ็ค ลด 35%,งานสี,0.3,966
กระดาษทรายเหลี่ยมขัดน้ำ 230มม.*280มม. เบอร์ 100 ตราม้าส้ม ,ออโต้เทรด มาร์เก็ตติ้ง,400,7,1959.9999999999998,,2567-02-13,IV1444437,ราคาที่ลง ยังไม่รวมภาษี,โปรซื้อ 20แพ็ค ลด 35%,งานสี,0.3,967
กระดาษทรายเหลี่ยมขัดน้ำ 230มม.*280มม. เบอร์ 120,ออโต้ สมาร์ท,100,7,700,,2562-07-22,,ราคาที่ลง ยังไม่รวมภาษี,โปรซื้อ 20แพ็ค ลด 35%,งานสี,,968
กระดาษทรายเหลี่ยมขัดน้ำ 230มม.*280มม. เบอร์ 120,ออโต้ สมาร์ท,100,7,700,,2562-12-17,,ราคาที่ลง ยังไม่รวมภาษี,โปรซื้อ 20แพ็ค ลด 35%,งานสี,,969
กระดาษทรายเหลี่ยมขัดน้ำ 230มม.*280มม. เบอร์ 120,ออโต้ สมาร์ท,100,7,700,,2563-04-09,,ราคาที่ลง ยังไม่รวมภาษี,โปรซื้อ 20แพ็ค ลด 35%,งานสี,,970
กระดาษทรายเหลี่ยมขัดน้ำ 230มม.*280มม. เบอร์ 120,ออโต้ สมาร์ท,100,7,700,,2563-05-26,,ราคาที่ลง ยังไม่รวมภาษี,โปรซื้อ 20แพ็ค ลด 35%,งานสี,,971
กระดาษทรายเหลี่ยมขัดน้ำ 230มม.*280มม. เบอร์ 120,ออโต้ สมาร์ท,100,7,700,,2563-08-07,,ราคาที่ลง ยังไม่รวมภาษี,โปรซื้อ 20แพ็ค ลด 35%,งานสี,,972
กระดาษทรายเหลี่ยมขัดน้ำ 230มม.*280มม. เบอร์ 120,ออโต้ สมาร์ท,100,7,700,,2563-08-31,,ราคาที่ลง ยังไม่รวมภาษี,โปรซื้อ 20แพ็ค ลด 35%,งานสี,,973
กระดาษทรายเหลี่ยมขัดน้ำ 230มม.*280มม. เบอร์ 120,ออโต้ สมาร์ท,100,7,700,,2563-09-25,,ราคาที่ลง ยังไม่รวมภาษี,โปรซื้อ 20แพ็ค ลด 35%,งานสี,,974
กระดาษทรายเหลี่ยมขัดน้ำ 230มม.*280มม. เบอร์ 120,ออโต้ สมาร์ท,100,7,700,,2563-11-20,,ราคาที่ลง ยังไม่รวมภาษี,โปรซื้อ 20แพ็ค ลด 35%,งานสี,,975
กระดาษทรายเหลี่ยมขัดน้ำ 230มม.*280มม. เบอร์ 120,ออโต้ สมาร์ท,100,7,700,,2563-12-04,,ราคาที่ลง ยังไม่รวมภาษี,โปรซื้อ 20แพ็ค ลด 35%,งานสี,,976
กระดาษทรายเหลี่ยมขัดน้ำ 230มม.*280มม. เบอร์ 120,ออโต้ สมาร์ท,100,7,700,,2564-03-26,,ราคาที่ลง ยังไม่รวมภาษี,โปรซื้อ 20แพ็ค ลด 35%,งานสี,,977
กระดาษทรายเหลี่ยมขัดน้ำ 230มม.*280มม. เบอร์ 120,ออโต้ สมาร์ท,100,7,700,,2564-08-09,,ราคาที่ลง ยังไม่รวมภาษี,โปรซื้อ 20แพ็ค ลด 35%,งานสี,,978
กระดาษทรายเหลี่ยมขัดน้ำ 230มม.*280มม. เบอร์ 120,ออโต้ สมาร์ท,200,7,1400,,2564-12-07,202112058,ราคาที่ลง ยังไม่รวมภาษี,โปรซื้อ 20แพ็ค ลด 35%,งานสี,,979
กระดาษทรายเหลี่ยมขัดน้ำ 230มม.*280มม. เบอร์ 120,ออโต้ สมาร์ท,100,7,700,,2565-05-06,202205057,ราคาที่ลง ยังไม่รวมภาษี,โปรซื้อ 20แพ็ค ลด 35%,งานสี,,980
กระดาษทรายเหลี่ยมขัดน้ำ 230มม.*280มม. เบอร์ 120,ออโต้ สมาร์ท,100,7,700,,2565-05-26,202205231,ราคาที่ลง ยังไม่รวมภาษี,โปรซื้อ 20แพ็ค ลด 35%,งานสี,,981
กระดาษทรายเหลี่ยมขัดน้ำ 230มม.*280มม. เบอร์ 120 ตราม้าส้ม,ออโต้เทรด มาร์เก็ตติ้ง,4,700,1820,,2565-12-08,IV1425090,ราคาที่ลง ยังไม่รวมภาษี,โปรซื้อ 11-19แพ็ค ลด 30%,งานสี,0.35,982
กระดาษทรายเหลี่ยมขัดน้ำ 230มม.*280มม. เบอร์ 120 ตราม้าส้ม,ออโต้เทรด มาร์เก็ตติ้ง,5,700,2450,,2566-04-05,IV1430190,ราคาที่ลง ยังไม่รวมภาษี,โปรซื้อ 20แพ็ค ลด 35%,งานสี,0.3,983
กระดาษทรายเหลี่ยมขัดน้ำ 230มม.*280มม. เบอร์ 120,ออโต้ สมาร์ท,400,7,1959.9999999999998,,2566-11-18,IV1440657,ราคาที่ลง ยังไม่รวมภาษี,โปรซื้อ 20แพ็ค ลด 35%,งานสี,30.0,984
กระดาษทรายเหลี่ยมขัดน้ำ 230มม.*280มม. เบอร์ 120,ออโต้ สมาร์ท,100,7,455,,2567-08-26,IV1453250,ราคาที่ลง ยังไม่รวมภาษี,โปรซื้อ 20แพ็ค ลด 35%,งานสี,35.0,985
กระดาษทรายเหลี่ยมขัดน้ำ 230มม.*280มม. เบอร์ 120 (จำนวนแพ็ค),ออโต้เทรด,3,700,1460.55,2100.0,2568-06-07,IV1466221,ราคารวม VAT แล้ว,โปรซื้อ 20แพ็ค ลด 35%,งานสี,0.35,986
กระดาษทรายเหลี่ยมขัดน้ำ 230มม.*280มม. เบอร์ 150,ออโต้ สมาร์ท,100,7,700,,2562-07-22,,ราคาที่ลง ยังไม่รวมภาษี,โปรซื้อ 20แพ็ค ลด 35%,งานสี,,987
กระดาษทรายเหลี่ยมขัดน้ำ 230มม.*280มม. เบอร์ 150,ออโต้ สมาร์ท,100,7,700,,2562-08-13,,ราคาที่ลง ยังไม่รวมภาษี,โปรซื้อ 20แพ็ค ลด 35%,งานสี,,988
กระดาษทรายเหลี่ยมขัดน้ำ 230มม.*280มม. เบอร์ 150,ออโต้ สมาร์ท,100,7,700,,2562-08-24,,ราคาที่ลง ยังไม่รวมภาษี,โปรซื้อ 20แพ็ค ลด 35%,งานสี,,989
กระดาษทรายเหลี่ยมขัดน้ำ 230มม.*280มม. เบอร์ 150,ออโต้ สมาร์ท,100,7,700,,2563-03-17,,ราคาที่ลง ยังไม่รวมภาษี,โปรซื้อ 20แพ็ค ลด 35%,งานสี,,990
กระดาษทรายเหลี่ยมขัดน้ำ 230มม.*280มม. เบอร์ 150,ออโต้ สมาร์ท,100,7,700,,2563-04-09,,ราคาที่ลง ยังไม่รวมภาษี,โปรซื้อ 20แพ็ค ลด 35%,งานสี,,991
กระดาษทรายเหลี่ยมขัดน้ำ 230มม.*280มม. เบอร์ 150,ออโต้ สมาร์ท,100,7,700,,2563-05-20,,ราคาที่ลง ยังไม่รวมภาษี,โปรซื้อ 20แพ็ค ลด 35%,งานสี,,992
กระดาษทรายเหลี่ยมขัดน้ำ 230มม.*280มม. เบอร์ 150,ออโต้ สมาร์ท,100,7,700,,2563-06-10,,ราคาที่ลง ยังไม่รวมภาษี,โปรซื้อ 20แพ็ค ลด 35%,งานสี,,993
กระดาษทรายเหลี่ยมขัดน้ำ 230มม.*280มม. เบอร์ 150,ออโต้ สมาร์ท,100,7,700,,2563-07-10,,ราคาที่ลง ยังไม่รวมภาษี,โปรซื้อ 20แพ็ค ลด 35%,งานสี,,994
กระดาษทรายเหลี่ยมขัดน้ำ 230มม.*280มม. เบอร์ 150,ออโต้ สมาร์ท,100,7,700,,2563-08-07,,ราคาที่ลง ยังไม่รวมภาษี,โปรซื้อ 20แพ็ค ลด 35%,งานสี,,995
กระดาษทรายเหลี่ยมขัดน้ำ 230มม.*280มม. เบอร์ 150,ออโต้ สมาร์ท,100,7,700,,2563-09-25,,ราคาที่ลง ยังไม่รวมภาษี,โปรซื้อ 20แพ็ค ลด 35%,งานสี,,996
กระดาษทรายเหลี่ยมขัดน้ำ 230มม.*280มม. เบอร์ 150,ออโต้ สมาร์ท,100,7,700,,2563-11-07,,ราคาที่ลง ยังไม่รวมภาษี,โปรซื้อ 20แพ็ค ลด 35%,งานสี,,997
กระดาษทรายเหลี่ยมขัดน้ำ 230มม.*280มม. เบอร์ 150,ออโต้ สมาร์ท,100,7,700,,2564-01-11,,ราคาที่ลง ยังไม่รวมภาษี,โปรซื้อ 20แพ็ค ลด 35%,งานสี,,998
กระดาษทรายเหลี่ยมขัดน้ำ 230มม.*280มม. เบอร์ 150,ออโต้ สมาร์ท,100,7,700,,2564-01-23,,ราคาที่ลง ยังไม่รวมภาษี,โปรซื้อ 20แพ็ค ลด 35%,งานสี,,999
กระดาษทรายเหลี่ยมขัดน้ำ 230มม.*280มม. เบอร์ 150,ออโต้ สมาร์ท,100,7,700,,2564-02-04,,ราคาที่ลง ยังไม่รวมภาษี,โปรซื้อ 20แพ็ค ลด 35%,งานสี,,1000
กระดาษทรายเหลี่ยมขัดน้ำ 230มม.*280มม. เบอร์ 150,ออโต้ สมาร์ท,100,7,700,,2564-03-06,,ราคาที่ลง ยังไม่รวมภาษี,โปรซื้อ 20แพ็ค ลด 35%,งานสี,,1001
กระดาษทรายเหลี่ยมขัดน้ำ 230มม.*280มม. เบอร์ 150  -- แถมฟรี,ออโต้ สมาร์ท,100,,ได้โปรแถมฟรี,,2564-03-19,,ราคาที่ลง ยังไม่รวมภาษี,โปรซื้อ 20แพ็ค ลด 35%,งานสี,,1002
กระดาษทรายเหลี่ยมขัดน้ำ 230มม.*280มม. เบอร์ 150,ออโต้ สมาร์ท,100,7,700,,2564-05-06,,ราคาที่ลง ยังไม่รวมภาษี,โปรซื้อ 20แพ็ค ลด 35%,งานสี,,1003
กระดาษทรายเหลี่ยมขัดน้ำ 230มม.*280มม. เบอร์ 150,ออโต้ สมาร์ท,100,7,700,,2564-07-13,,ราคาที่ลง ยังไม่รวมภาษี,โปรซื้อ 20แพ็ค ลด 35%,งานสี,,1004
กระดาษทรายเหลี่ยมขัดน้ำ 230มม.*280มม. เบอร์ 150,ออโต้ สมาร์ท,100,7,700,,2564-08-09,,ราคาที่ลง ยังไม่รวมภาษี,โปรซื้อ 20แพ็ค ลด 35%,งานสี,,1005
กระดาษทรายเหลี่ยมขัดน้ำ 230มม.*280มม. เบอร์ 150,ออโต้ สมาร์ท,100,7,700,,2564-08-31,202108203,ราคาที่ลง ยังไม่รวมภาษี,โปรซื้อ 20แพ็ค ลด 35%,งานสี,,1006
กระดาษทรายเหลี่ยมขัดน้ำ 230มม.*280มม. เบอร์ 150  -- แถมฟรี,ออโต้ สมาร์ท,100,,ได้โปรแถมฟรี,,2564-09-23,202109165,ราคาที่ลง ยังไม่รวมภาษี,โปรซื้อ 20แพ็ค ลด 35%,งานสี,,1007
กระดาษทรายเหลี่ยมขัดน้ำ 230มม.*280มม. เบอร์ 150,ออโต้ สมาร์ท,200,7,1400,,2565-02-14,202202131,ราคาที่ลง ยังไม่รวมภาษี,โปรซื้อ 20แพ็ค ลด 35%,งานสี,,1008
กระดาษทรายเหลี่ยมขัดน้ำ 230มม.*280มม. เบอร์ 150,ออโต้ สมาร์ท,200,7,700,,2565-05-06,202205057,ราคาที่ลง ยังไม่รวมภาษี,โปรซื้อ 20แพ็ค ลด 35%,งานสี,,1009
กระดาษทรายเหลี่ยมขัดน้ำ 230มม.*280มม. เบอร์ 150,ออโต้เทรด มาร์เก็ตติ้ง,300,7,1365,,2565-06-14,IV1417481,ราคาที่ลง ยังไม่รวมภาษี,โปรซื้อ 20แพ็ค ลด 35%,งานสี,0.35,1010
กระดาษทรายเหลี่ยมขัดน้ำ 230มม.*280มม. เบอร์ 150 ตราม้าส้ม ,ออโต้เทรด มาร์เก็ตติ้ง,300,7,1365,,2565-09-12,IV1421363,ราคาที่ลง ยังไม่รวมภาษี,โปรซื้อ 20แพ็ค ลด 35%,งานสี,0.35,1011
กระดาษทรายเหลี่ยมขัดน้ำ 230มม.*280มม. เบอร์ 150 ตราม้าส้ม ,ออโต้เทรด มาร์เก็ตติ้ง,3,700,1365,,2565-12-08,IV1425090,ราคาที่ลง ยังไม่รวมภาษี,โปรซื้อ 20แพ็ค ลด 35%,งานสี,0.35,1012
กระดาษทรายเหลี่ยมขัดน้ำ 230มม.*280มม. เบอร์ 150 ตราม้าส้ม ,ออโต้เทรด มาร์เก็ตติ้ง,400,7,1959.9999999999998,,2567-02-13,IV1444437,ราคาที่ลง ยังไม่รวมภาษี,โปรซื้อ 20แพ็ค ลด 35%,งานสี,0.3,1013
กระดาษทรายเหลี่ยมขัดน้ำ 230มม.*280มม. เบอร์ 150 ตราม้าส้ม ,ออโต้เทรด มาร์เก็ตติ้ง,100,7,486.85,,2568-10-24,IV1472726,ราคาที่ลง ยังไม่รวมภาษี,โปรซื้อ 20แพ็ค ลด 35%,งานสี,0.3,1014
"กระดาษทรายน้ำ Oslong 9""x11"" เบอร์ 320",เบรนเวิคส์,100,7.5,750,,2561-05-22,,ราคาที่ลง ยังไม่รวมภาษี,โปรซื้อ 20แพ็ค ลด 35%,งานสี,,1015
กระดาษทรายเหลี่ยมขัดน้ำ 230มม.*280มม. เบอร์ 320,ออโต้ สมาร์ท,100,7,700,,2562-07-13,,ราคาที่ลง ยังไม่รวมภาษี,โปรซื้อ 20แพ็ค ลด 35%,งานสี,,1016
กระดาษทรายเหลี่ยมขัดน้ำ 230มม.*280มม. เบอร์ 320,ออโต้ สมาร์ท,100,7,700,,2562-08-05,,ราคาที่ลง ยังไม่รวมภาษี,โปรซื้อ 20แพ็ค ลด 35%,งานสี,,1017
กระดาษทรายเหลี่ยมขัดน้ำ 230มม.*280มม. เบอร์ 320,ออโต้ สมาร์ท,100,7,700,,2562-08-13,,ราคาที่ลง ยังไม่รวมภาษี,โปรซื้อ 20แพ็ค ลด 35%,งานสี,,1018
กระดาษทรายเหลี่ยมขัดน้ำ 230มม.*280มม. เบอร์ 320,ออโต้ สมาร์ท,200,7,1400,,2562-08-24,,ราคาที่ลง ยังไม่รวมภาษี,โปรซื้อ 20แพ็ค ลด 35%,งานสี,,1019
กระดาษทรายเหลี่ยมขัดน้ำ 230มม.*280มม. เบอร์ 320,ออโต้ สมาร์ท,200,7,1400,,2562-09-04,,ราคาที่ลง ยังไม่รวมภาษี,โปรซื้อ 20แพ็ค ลด 35%,งานสี,,1020
กระดาษทรายเหลี่ยมขัดน้ำ 230มม.*280มม. เบอร์ 320,ออโต้ สมาร์ท,100,7,700,,2562-09-09,,ราคาที่ลง ยังไม่รวมภาษี,โปรซื้อ 20แพ็ค ลด 35%,งานสี,,1021
กระดาษทรายเหลี่ยมขัดน้ำ 230มม.*280มม. เบอร์ 320,ออโต้ สมาร์ท,100,7,700,,2562-12-17,,ราคาที่ลง ยังไม่รวมภาษี,โปรซื้อ 20แพ็ค ลด 35%,งานสี,,1022
กระดาษทรายเหลี่ยมขัดน้ำ 230มม.*280มม. เบอร์ 320,ออโต้ สมาร์ท,200,7,1400,,2563-02-22,,ราคาที่ลง ยังไม่รวมภาษี,โปรซื้อ 20แพ็ค ลด 35%,งานสี,,1023
กระดาษทรายเหลี่ยมขัดน้ำ 230มม.*280มม. เบอร์ 320,ออโต้ สมาร์ท,100,7,700,,2563-03-10,,ราคาที่ลง ยังไม่รวมภาษี,โปรซื้อ 20แพ็ค ลด 35%,งานสี,,1024
กระดาษทรายเหลี่ยมขัดน้ำ 230มม.*280มม. เบอร์ 320,ออโต้ สมาร์ท,100,7,700,,2563-03-17,,ราคาที่ลง ยังไม่รวมภาษี,โปรซื้อ 20แพ็ค ลด 35%,งานสี,,1025
กระดาษทรายเหลี่ยมขัดน้ำ 230มม.*280มม. เบอร์ 320,ออโต้ สมาร์ท,100,7,700,,2563-03-25,,ราคาที่ลง ยังไม่รวมภาษี,โปรซื้อ 20แพ็ค ลด 35%,งานสี,,1026
กระดาษทรายเหลี่ยมขัดน้ำ 230มม.*280มม. เบอร์ 320,ออโต้ สมาร์ท,100,7,700,,2563-04-09,,ราคาที่ลง ยังไม่รวมภาษี,โปรซื้อ 20แพ็ค ลด 35%,งานสี,,1027
กระดาษทรายเหลี่ยมขัดน้ำ 230มม.*280มม. เบอร์ 320,ออโต้ สมาร์ท,300,7,2100,,2563-05-11,,ราคาที่ลง ยังไม่รวมภาษี,โปรซื้อ 20แพ็ค ลด 35%,งานสี,,1028
กระดาษทรายเหลี่ยมขัดน้ำ 230มม.*280มม. เบอร์ 320,ออโต้ สมาร์ท,100,7,700,,2563-05-20,,ราคาที่ลง ยังไม่รวมภาษี,โปรซื้อ 20แพ็ค ลด 35%,งานสี,,1029
กระดาษทรายเหลี่ยมขัดน้ำ 230มม.*280มม. เบอร์ 320,ออโต้ สมาร์ท,100,7,700,,2563-05-26,,ราคาที่ลง ยังไม่รวมภาษี,โปรซื้อ 20แพ็ค ลด 35%,งานสี,,1030
กระดาษทรายเหลี่ยมขัดน้ำ 230มม.*280มม. เบอร์ 320,ออโต้ สมาร์ท,100,7,700,,2563-06-10,,ราคาที่ลง ยังไม่รวมภาษี,โปรซื้อ 20แพ็ค ลด 35%,งานสี,,1031
กระดาษทรายเหลี่ยมขัดน้ำ 230มม.*280มม. เบอร์ 320,ออโต้ สมาร์ท,200,7,1400,,2563-06-24,,ราคาที่ลง ยังไม่รวมภาษี,โปรซื้อ 20แพ็ค ลด 35%,งานสี,,1032
กระดาษทรายเหลี่ยมขัดน้ำ 230มม.*280มม. เบอร์ 320,ออโต้ สมาร์ท,100,7,700,,2563-07-10,,ราคาที่ลง ยังไม่รวมภาษี,โปรซื้อ 20แพ็ค ลด 35%,งานสี,,1033
กระดาษทรายเหลี่ยมขัดน้ำ 230มม.*280มม. เบอร์ 320,ออโต้ สมาร์ท,100,7,700,,2563-07-20,,ราคาที่ลง ยังไม่รวมภาษี,โปรซื้อ 20แพ็ค ลด 35%,งานสี,,1034
กระดาษทรายเหลี่ยมขัดน้ำ 230มม.*280มม. เบอร์ 320,ออโต้ สมาร์ท,100,7,700,,2563-08-07,,ราคาที่ลง ยังไม่รวมภาษี,โปรซื้อ 20แพ็ค ลด 35%,งานสี,,1035
กระดาษทรายเหลี่ยมขัดน้ำ 230มม.*280มม. เบอร์ 320,ออโต้ สมาร์ท,100,7,700,,2563-08-31,,ราคาที่ลง ยังไม่รวมภาษี,โปรซื้อ 20แพ็ค ลด 35%,งานสี,,1036
กระดาษทรายเหลี่ยมขัดน้ำ 230มม.*280มม. เบอร์ 320,ออโต้ สมาร์ท,100,7,700,,2563-09-15,,ราคาที่ลง ยังไม่รวมภาษี,โปรซื้อ 20แพ็ค ลด 35%,งานสี,,1037
กระดาษทรายเหลี่ยมขัดน้ำ 230มม.*280มม. เบอร์ 320,ออโต้ สมาร์ท,100,7,700,,2563-09-25,,ราคาที่ลง ยังไม่รวมภาษี,โปรซื้อ 20แพ็ค ลด 35%,งานสี,,1038
กระดาษทรายเหลี่ยมขัดน้ำ 230มม.*280มม. เบอร์ 320,ออโต้ สมาร์ท,200,7,1400,,2563-10-09,,ราคาที่ลง ยังไม่รวมภาษี,โปรซื้อ 20แพ็ค ลด 35%,งานสี,,1039
กระดาษทรายเหลี่ยมขัดน้ำ 230มม.*280มม. เบอร์ 320,ออโต้ สมาร์ท,200,7,1400,,2563-11-07,,ราคาที่ลง ยังไม่รวมภาษี,โปรซื้อ 20แพ็ค ลด 35%,งานสี,,1040
กระดาษทรายเหลี่ยมขัดน้ำ 230มม.*280มม. เบอร์ 320,ออโต้ สมาร์ท,200,7,1400,,2563-11-20,,ราคาที่ลง ยังไม่รวมภาษี,โปรซื้อ 20แพ็ค ลด 35%,งานสี,,1041
กระดาษทรายเหลี่ยมขัดน้ำ 230มม.*280มม. เบอร์ 320,ออโต้ สมาร์ท,100,7,700,,2564-01-11,,ราคาที่ลง ยังไม่รวมภาษี,โปรซื้อ 20แพ็ค ลด 35%,งานสี,,1042
กระดาษทรายเหลี่ยมขัดน้ำ 230มม.*280มม. เบอร์ 320,ออโต้ สมาร์ท,100,7,700,,2564-01-23,,ราคาที่ลง ยังไม่รวมภาษี,โปรซื้อ 20แพ็ค ลด 35%,งานสี,,1043
กระดาษทรายเหลี่ยมขัดน้ำ 230มม.*280มม. เบอร์ 320,ออโต้ สมาร์ท,200,7,1400,,2564-02-04,,ราคาที่ลง ยังไม่รวมภาษี,โปรซื้อ 20แพ็ค ลด 35%,งานสี,,1044
กระดาษทรายเหลี่ยมขัดน้ำ 230มม.*280มม. เบอร์ 320,ออโต้ สมาร์ท,100,7,700,,2564-03-06,,ราคาที่ลง ยังไม่รวมภาษี,โปรซื้อ 20แพ็ค ลด 35%,งานสี,,1045
กระดาษทรายเหลี่ยมขัดน้ำ 230มม.*280มม. เบอร์ 320,ออโต้ สมาร์ท,200,7,1400,,2564-03-19,,ราคาที่ลง ยังไม่รวมภาษี,โปรซื้อ 20แพ็ค ลด 35%,งานสี,,1046
กระดาษทรายเหลี่ยมขัดน้ำ 230มม.*280มม. เบอร์ 320,ออโต้ สมาร์ท,200,7,1400,,2564-03-26,,ราคาที่ลง ยังไม่รวมภาษี,โปรซื้อ 20แพ็ค ลด 35%,งานสี,,1047
กระดาษทรายเหลี่ยมขัดน้ำ 230มม.*280มม. เบอร์ 320,ออโต้ สมาร์ท,200,7,1400,,2564-05-06,,ราคาที่ลง ยังไม่รวมภาษี,โปรซื้อ 20แพ็ค ลด 35%,งานสี,,1048
กระดาษทรายเหลี่ยมขัดน้ำ 230มม.*280มม. เบอร์ 320,ออโต้ สมาร์ท,100,7,700,,2564-07-13,,ราคาที่ลง ยังไม่รวมภาษี,โปรซื้อ 20แพ็ค ลด 35%,งานสี,,1049
กระดาษทรายเหลี่ยมขัดน้ำ 230มม.*280มม. เบอร์ 320,ออโต้ สมาร์ท,200,7,1400,,2564-07-19,,ราคาที่ลง ยังไม่รวมภาษี,โปรซื้อ 20แพ็ค ลด 35%,งานสี,,1050
กระดาษทรายเหลี่ยมขัดน้ำ 230มม.*280มม. เบอร์ 320,ออโต้ สมาร์ท,100,7,700,,2564-08-09,,ราคาที่ลง ยังไม่รวมภาษี,โปรซื้อ 20แพ็ค ลด 35%,งานสี,,1051
กระดาษทรายเหลี่ยมขัดน้ำ 230มม.*280มม. เบอร์ 320,ออโต้ สมาร์ท,200,7,1400,,2564-08-31,202108203,ราคาที่ลง ยังไม่รวมภาษี,โปรซื้อ 20แพ็ค ลด 35%,งานสี,,1052
กระดาษทรายเหลี่ยมขัดน้ำ 230มม.*280มม. เบอร์ 320,ออโต้ สมาร์ท,100,7,700,,2564-09-23,202109165,ราคาที่ลง ยังไม่รวมภาษี,โปรซื้อ 20แพ็ค ลด 35%,งานสี,,1053
กระดาษทรายเหลี่ยมขัดน้ำ 230มม.*280มม. เบอร์ 320,ออโต้ สมาร์ท,200,7,1400,,2564-10-11,202110080,ราคาที่ลง ยังไม่รวมภาษี,โปรซื้อ 20แพ็ค ลด 35%,งานสี,,1054
กระดาษทรายเหลี่ยมขัดน้ำ 230มม.*280มม. เบอร์ 320,ออโต้ สมาร์ท,200,7,1400,,2564-11-10,202111095,ราคาที่ลง ยังไม่รวมภาษี,โปรซื้อ 20แพ็ค ลด 35%,งานสี,,1055
กระดาษทรายเหลี่ยมขัดน้ำ 230มม.*280มม. เบอร์ 320,ออโต้ สมาร์ท,300,7,2100,,2564-12-07,202112058,ราคาที่ลง ยังไม่รวมภาษี,โปรซื้อ 20แพ็ค ลด 35%,งานสี,,1056
กระดาษทรายเหลี่ยมขัดน้ำ 230มม.*280มม. เบอร์ 320 -- แถมฟรี,ออโต้ สมาร์ท,100,,ได้โปรแถมฟรี,,2564-12-07,202112058,ราคาที่ลง ยังไม่รวมภาษี,โปรซื้อ 20แพ็ค ลด 35%,งานสี,,1057
กระดาษทรายเหลี่ยมขัดน้ำ 230มม.*280มม. เบอร์ 320,ออโต้ สมาร์ท,300,7,2100,,2565-01-20,202201143,ราคาที่ลง ยังไม่รวมภาษี,โปรซื้อ 20แพ็ค ลด 35%,งานสี,,1058
กระดาษทรายเหลี่ยมขัดน้ำ 230มม.*280มม. เบอร์ 320,ออโต้ สมาร์ท,100,7,700,,2565-03-28,202203217,ราคาที่ลง ยังไม่รวมภาษี,โปรซื้อ 20แพ็ค ลด 35%,งานสี,,1059
กระดาษทรายเหลี่ยมขัดน้ำ 230มม.*280มม. เบอร์ 320,ออโต้ สมาร์ท,200,7,1400,,2565-05-06,202205057,ราคาที่ลง ยังไม่รวมภาษี,โปรซื้อ 20แพ็ค ลด 35%,งานสี,,1060
กระดาษทรายเหลี่ยมขัดน้ำ 230มม.*280มม. เบอร์ 320,ออโต้ สมาร์ท,100,7,700,,2565-05-26,202205231,ราคาที่ลง ยังไม่รวมภาษี,โปรซื้อ 20แพ็ค ลด 35%,งานสี,,1061
กระดาษทรายเหลี่ยมขัดน้ำ 230มม.*280มม. เบอร์ 320,ออโต้เทรด มาร์เก็ตติ้ง,800,7,3640,,2565-06-14,IV1417481,ราคาที่ลง ยังไม่รวมภาษี,โปรซื้อ 20แพ็ค ลด 35%,งานสี,0.35,1062
กระดาษทรายเหลี่ยมขัดน้ำ 230มม.*280มม. เบอร์ 320 ตราม้าส้ม ,ออโต้เทรด มาร์เก็ตติ้ง,600,7,2730,,2565-09-12,IV1421363,ราคาที่ลง ยังไม่รวมภาษี,โปรซื้อ 20แพ็ค ลด 35%,งานสี,0.35,1063
กระดาษทรายเหลี่ยมขัดน้ำ 230มม.*280มม. เบอร์ 320 ตราม้าส้ม ,ออโต้เทรด มาร์เก็ตติ้ง,7,700,3185,,2565-12-08,IV1425090,ราคาที่ลง ยังไม่รวมภาษี,โปรซื้อ 20แพ็ค ลด 35%,งานสี,0.35,1064
กระดาษทรายเหลี่ยมขัดน้ำ 230มม.*280มม. เบอร์ 320 ตราม้าส้ม ,ออโต้เทรด มาร์เก็ตติ้ง,5,700,2450,,2566-02-07,IV1427669,ราคาที่ลง ยังไม่รวมภาษี,โปรซื้อ 20แพ็ค ลด 35%,งานสี,0.35,1065
กระดาษทรายเหลี่ยมขัดน้ำ 230มม.*280มม. เบอร์ 320,ออโต้เทรด มาร์เก็ตติ้ง,6,700,2940,,2566-06-14,IV1433445,ราคาที่ลง ยังไม่รวมภาษี,โปรซื้อ 11-19แพ็ค ลด 30%,งานสี,0.3,1066
กระดาษทรายเหลี่ยมขัดน้ำ 230มม.*280มม. เบอร์ 320,ออโต้เทรด มาร์เก็ตติ้ง,9,700,4410,,2566-08-07,IV1435877,ราคาที่ลง ยังไม่รวมภาษี,โปรซื้อ 20แพ็ค ลด 35%,งานสี,0.3,1067
กระดาษทรายเหลี่ยมขัดน้ำ 230มม.*280มม. เบอร์ 320,ออโต้เทรด มาร์เก็ตติ้ง,4,700,1960,,2566-10-05,IV1438645,ราคาที่ลง ยังไม่รวมภาษี,โปรซื้อ 20แพ็ค ลด 35%,งานสี,0.3,1068
กระดาษทรายเหลี่ยมขัดน้ำ 230มม.*280มม. เบอร์ 320,ออโต้ สมาร์ท,200,7,979.9999999999999,,2566-11-18,IV1440657,ราคาที่ลง ยังไม่รวมภาษี,โปรซื้อ 20แพ็ค ลด 35%,งานสี,30.0,1069
กระดาษทรายเหลี่ยมขัดน้ำ 230มม.*280มม. เบอร์ 320 ตราม้าส้ม ,ออโต้เทรด มาร์เก็ตติ้ง,500,7,2450,,2567-02-13,IV1444437,ราคาที่ลง ยังไม่รวมภาษี,โปรซื้อ 20แพ็ค ลด 35%,งานสี,0.3,1070
กระดาษทรายเหลี่ยมขัดน้ำ 230มม.*280มม. เบอร์ 320,ออโต้เทรด มาร์เก็ตติ้ง,8,700,5600,,2567-04-25,IV1447634,ราคาที่ลง ยังไม่รวมภาษี,โปรซื้อ 20แพ็ค ลด 35%,งานสี,0.35,1071
กระดาษทรายเหลี่ยมขัดน้ำ 230มม.*280มม. เบอร์ 320,ออโต้เทรด มาร์เก็ตติ้ง,9,700,6300,,2567-08-26,IV1453250,ราคาที่ลง ยังไม่รวมภาษี,โปรซื้อ 20แพ็ค ลด 35%,งานสี,0.35,1072
กระดาษทรายเหลี่ยมขัดน้ำ 230มม.*280มม. เบอร์ 320,ออโต้เทรด,10,749,7490,,2568-01-09,IV1459290,ราคารวม VAT แล้ว,โปรซื้อ 20แพ็ค ลด 35%,งานสี,0.35,1073
กระดาษทรายเหลี่ยมขัดน้ำ 230มม.*280มม. เบอร์ 320 (จำนวนแพ็ค),ออโต้เทรด,7,700,3407.9500000000003,4900.0,2568-06-07,IV1466221,ราคารวม VAT แล้ว,โปรซื้อ 20แพ็ค ลด 35%,งานสี,0.35,1074
กระดาษทรายเหลี่ยมขัดน้ำ 230มม.*280มม. เบอร์ 320 ตราม้าส้ม ,ออโต้เทรด มาร์เก็ตติ้ง,700,7,3407.95,,2568-10-24,IV1472726,ราคาที่ลง ยังไม่รวมภาษี,โปรซื้อ 20แพ็ค ลด 35%,งานสี,0.3,1075
"กระดาษทรายน้ำ Oslong 9""x11"" เบอร์ 600",เบรนเวิคส์,400,7.5,3000,,2561-05-22,,ราคาที่ลง ยังไม่รวมภาษี,โปรซื้อ 20แพ็ค ลด 35%,งานสี,,1076
กระดาษทรายเหลี่ยมขัดน้ำ 230มม.*280มม. เบอร์ 600,ออโต้ สมาร์ท,300,7,2100,,2562-07-13,,ราคาที่ลง ยังไม่รวมภาษี,โปรซื้อ 20แพ็ค ลด 35%,งานสี,,1077
กระดาษทรายเหลี่ยมขัดน้ำ 230มม.*280มม. เบอร์ 600,ออโต้ สมาร์ท,300,7,2100,,2562-07-22,,ราคาที่ลง ยังไม่รวมภาษี,โปรซื้อ 20แพ็ค ลด 35%,งานสี,,1078
กระดาษทรายเหลี่ยมขัดน้ำ 230มม.*280มม. เบอร์ 600,ออโต้ สมาร์ท,300,7,2100,,2562-08-05,,ราคาที่ลง ยังไม่รวมภาษี,โปรซื้อ 20แพ็ค ลด 35%,งานสี,,1079
กระดาษทรายเหลี่ยมขัดน้ำ 230มม.*280มม. เบอร์ 600,ออโต้ สมาร์ท,300,7,2100,,2562-08-13,,ราคาที่ลง ยังไม่รวมภาษี,โปรซื้อ 20แพ็ค ลด 35%,งานสี,,1080
กระดาษทรายเหลี่ยมขัดน้ำ 230มม.*280มม. เบอร์ 600,ออโต้ สมาร์ท,200,7,1400,,2562-08-24,,ราคาที่ลง ยังไม่รวมภาษี,โปรซื้อ 20แพ็ค ลด 35%,งานสี,,1081
กระดาษทรายเหลี่ยมขัดน้ำ 230มม.*280มม. เบอร์ 600,ออโต้ สมาร์ท,300,7,2100,,2562-09-04,,ราคาที่ลง ยังไม่รวมภาษี,โปรซื้อ 20แพ็ค ลด 35%,งานสี,,1082
กระดาษทรายเหลี่ยมขัดน้ำ 230มม.*280มม. เบอร์ 600,ออโต้ สมาร์ท,300,7,2100,,2562-09-09,,ราคาที่ลง ยังไม่รวมภาษี,โปรซื้อ 20แพ็ค ลด 35%,งานสี,,1083
กระดาษทรายเหลี่ยมขัดน้ำ 230มม.*280มม. เบอร์ 600,ออโต้ สมาร์ท,300,7,2100,,2562-12-17,,ราคาที่ลง ยังไม่รวมภาษี,โปรซื้อ 20แพ็ค ลด 35%,งานสี,,1084
กระดาษทรายเหลี่ยมขัดน้ำ 230มม.*280มม. เบอร์ 600,ออโต้ สมาร์ท,300,7,2100,,2563-02-22,,ราคาที่ลง ยังไม่รวมภาษี,โปรซื้อ 20แพ็ค ลด 35%,งานสี,,1085
กระดาษทรายเหลี่ยมขัดน้ำ 230มม.*280มม. เบอร์ 600,ออโต้ สมาร์ท,400,7,2800,,2563-03-10,,ราคาที่ลง ยังไม่รวมภาษี,โปรซื้อ 20แพ็ค ลด 35%,งานสี,,1086
กระดาษทรายเหลี่ยมขัดน้ำ 230มม.*280มม. เบอร์ 600,ออโต้ สมาร์ท,300,7,2100,,2563-03-17,,ราคาที่ลง ยังไม่รวมภาษี,โปรซื้อ 20แพ็ค ลด 35%,งานสี,,1087
กระดาษทรายเหลี่ยมขัดน้ำ 230มม.*280มม. เบอร์ 600,ออโต้ สมาร์ท,300,7,2100,,2563-03-25,,ราคาที่ลง ยังไม่รวมภาษี,โปรซื้อ 20แพ็ค ลด 35%,งานสี,,1088
กระดาษทรายเหลี่ยมขัดน้ำ 230มม.*280มม. เบอร์ 600,ออโต้ สมาร์ท,200,7,1400,,2563-04-09,,ราคาที่ลง ยังไม่รวมภาษี,โปรซื้อ 20แพ็ค ลด 35%,งานสี,,1089
กระดาษทรายเหลี่ยมขัดน้ำ 230มม.*280มม. เบอร์ 600,ออโต้ สมาร์ท,300,7,2100,,2563-05-11,,ราคาที่ลง ยังไม่รวมภาษี,โปรซื้อ 20แพ็ค ลด 35%,งานสี,,1090
กระดาษทรายเหลี่ยมขัดน้ำ 230มม.*280มม. เบอร์ 600,ออโต้ สมาร์ท,300,7,2100,,2563-05-20,,ราคาที่ลง ยังไม่รวมภาษี,โปรซื้อ 20แพ็ค ลด 35%,งานสี,,1091
กระดาษทรายเหลี่ยมขัดน้ำ 230มม.*280มม. เบอร์ 600,ออโต้ สมาร์ท,200,7,1400,,2563-05-26,,ราคาที่ลง ยังไม่รวมภาษี,โปรซื้อ 20แพ็ค ลด 35%,งานสี,,1092
กระดาษทรายเหลี่ยมขัดน้ำ 230มม.*280มม. เบอร์ 600,ออโต้ สมาร์ท,300,7,2100,,2563-06-10,,ราคาที่ลง ยังไม่รวมภาษี,โปรซื้อ 20แพ็ค ลด 35%,งานสี,,1093
กระดาษทรายเหลี่ยมขัดน้ำ 230มม.*280มม. เบอร์ 600,ออโต้ สมาร์ท,300,7,2100,,2563-06-24,,ราคาที่ลง ยังไม่รวมภาษี,โปรซื้อ 20แพ็ค ลด 35%,งานสี,,1094
กระดาษทรายเหลี่ยมขัดน้ำ 230มม.*280มม. เบอร์ 600,ออโต้ สมาร์ท,300,7,2100,,2563-07-10,,ราคาที่ลง ยังไม่รวมภาษี,โปรซื้อ 20แพ็ค ลด 35%,งานสี,,1095
กระดาษทรายเหลี่ยมขัดน้ำ 230มม.*280มม. เบอร์ 600,ออโต้ สมาร์ท,300,7,2100,,2563-07-20,,ราคาที่ลง ยังไม่รวมภาษี,โปรซื้อ 20แพ็ค ลด 35%,งานสี,,1096
กระดาษทรายเหลี่ยมขัดน้ำ 230มม.*280มม. เบอร์ 600,ออโต้ สมาร์ท,300,7,2100,,2563-08-07,,ราคาที่ลง ยังไม่รวมภาษี,โปรซื้อ 20แพ็ค ลด 35%,งานสี,,1097
กระดาษทรายเหลี่ยมขัดน้ำ 230มม.*280มม. เบอร์ 600,ออโต้ สมาร์ท,300,7,2100,,2563-08-31,,ราคาที่ลง ยังไม่รวมภาษี,โปรซื้อ 20แพ็ค ลด 35%,งานสี,,1098
กระดาษทรายเหลี่ยมขัดน้ำ 230มม.*280มม. เบอร์ 600,ออโต้ สมาร์ท,200,7,1400,,2563-09-15,,ราคาที่ลง ยังไม่รวมภาษี,โปรซื้อ 20แพ็ค ลด 35%,งานสี,,1099
กระดาษทรายเหลี่ยมขัดน้ำ 230มม.*280มม. เบอร์ 600,ออโต้ สมาร์ท,200,7,1400,,2563-09-25,,ราคาที่ลง ยังไม่รวมภาษี,โปรซื้อ 20แพ็ค ลด 35%,งานสี,,1100
กระดาษทรายเหลี่ยมขัดน้ำ 230มม.*280มม. เบอร์ 600,ออโต้ สมาร์ท,300,7,2100,,2563-10-09,,ราคาที่ลง ยังไม่รวมภาษี,โปรซื้อ 20แพ็ค ลด 35%,งานสี,,1101
กระดาษทรายเหลี่ยมขัดน้ำ 230มม.*280มม. เบอร์ 600,ออโต้ สมาร์ท,200,7,1400,,2563-11-07,,ราคาที่ลง ยังไม่รวมภาษี,โปรซื้อ 20แพ็ค ลด 35%,งานสี,,1102
กระดาษทรายเหลี่ยมขัดน้ำ 230มม.*280มม. เบอร์ 600,ออโต้ สมาร์ท,200,7,1400,,2563-11-20,,ราคาที่ลง ยังไม่รวมภาษี,โปรซื้อ 20แพ็ค ลด 35%,งานสี,,1103
กระดาษทรายเหลี่ยมขัดน้ำ 230มม.*280มม. เบอร์ 600,ออโต้ สมาร์ท,200,7,1400,,2563-12-04,,ราคาที่ลง ยังไม่รวมภาษี,โปรซื้อ 20แพ็ค ลด 35%,งานสี,,1104
กระดาษทรายเหลี่ยมขัดน้ำ 230มม.*280มม. เบอร์ 600,ออโต้ สมาร์ท,200,7,1400,,2564-01-11,,ราคาที่ลง ยังไม่รวมภาษี,โปรซื้อ 20แพ็ค ลด 35%,งานสี,,1105
กระดาษทรายเหลี่ยมขัดน้ำ 230มม.*280มม. เบอร์ 600,ออโต้ สมาร์ท,300,7,2100,,2564-01-23,,ราคาที่ลง ยังไม่รวมภาษี,โปรซื้อ 20แพ็ค ลด 35%,งานสี,,1106
กระดาษทรายเหลี่ยมขัดน้ำ 230มม.*280มม. เบอร์ 600,ออโต้ สมาร์ท,200,7,1400,,2564-02-04,,ราคาที่ลง ยังไม่รวมภาษี,โปรซื้อ 20แพ็ค ลด 35%,งานสี,,1107
กระดาษทรายเหลี่ยมขัดน้ำ 230มม.*280มม. เบอร์ 600,ออโต้ สมาร์ท,200,7,1400,,2564-03-06,,ราคาที่ลง ยังไม่รวมภาษี,โปรซื้อ 20แพ็ค ลด 35%,งานสี,,1108
กระดาษทรายเหลี่ยมขัดน้ำ 230มม.*280มม. เบอร์ 600,ออโต้ สมาร์ท,300,7,2100,,2564-03-19,,ราคาที่ลง ยังไม่รวมภาษี,โปรซื้อ 20แพ็ค ลด 35%,งานสี,,1109
กระดาษทรายเหลี่ยมขัดน้ำ 230มม.*280มม. เบอร์ 600,ออโต้ สมาร์ท,200,7,1400,,2564-03-26,,ราคาที่ลง ยังไม่รวมภาษี,โปรซื้อ 20แพ็ค ลด 35%,งานสี,,1110
กระดาษทรายเหลี่ยมขัดน้ำ 230มม.*280มม. เบอร์ 600,ออโต้ สมาร์ท,200,7,1400,,2564-05-06,,ราคาที่ลง ยังไม่รวมภาษี,โปรซื้อ 20แพ็ค ลด 35%,งานสี,,1111
กระดาษทรายเหลี่ยมขัดน้ำ 230มม.*280มม. เบอร์ 600,ออโต้ สมาร์ท,200,7,1400,,2564-07-13,,ราคาที่ลง ยังไม่รวมภาษี,โปรซื้อ 20แพ็ค ลด 35%,งานสี,,1112
กระดาษทรายเหลี่ยมขัดน้ำ 230มม.*280มม. เบอร์ 600,ออโต้ สมาร์ท,200,7,1400,,2564-07-19,,ราคาที่ลง ยังไม่รวมภาษี,โปรซื้อ 20แพ็ค ลด 35%,งานสี,,1113
กระดาษทรายเหลี่ยมขัดน้ำ 230มม.*280มม. เบอร์ 600,ออโต้ สมาร์ท,200,7,1400,,2564-08-09,,ราคาที่ลง ยังไม่รวมภาษี,โปรซื้อ 20แพ็ค ลด 35%,งานสี,,1114
กระดาษทรายเหลี่ยมขัดน้ำ 230มม.*280มม. เบอร์ 600,ออโต้ สมาร์ท,200,7,1400,,2564-08-31,202108203,ราคาที่ลง ยังไม่รวมภาษี,โปรซื้อ 20แพ็ค ลด 35%,งานสี,,1115
กระดาษทรายเหลี่ยมขัดน้ำ 230มม.*280มม. เบอร์ 600,ออโต้ สมาร์ท,400,7,2800,,2564-09-23,202109165,ราคาที่ลง ยังไม่รวมภาษี,โปรซื้อ 20แพ็ค ลด 35%,งานสี,,1116
กระดาษทรายเหลี่ยมขัดน้ำ 230มม.*280มม. เบอร์ 600,ออโต้ สมาร์ท,300,7,2100,,2564-10-11,202110080,ราคาที่ลง ยังไม่รวมภาษี,โปรซื้อ 20แพ็ค ลด 35%,งานสี,,1117
กระดาษทรายเหลี่ยมขัดน้ำ 230มม.*280มม. เบอร์ 600,ออโต้ สมาร์ท,300,7,2100,,2564-11-10,202111095,ราคาที่ลง ยังไม่รวมภาษี,โปรซื้อ 20แพ็ค ลด 35%,งานสี,,1118
กระดาษทรายเหลี่ยมขัดน้ำ 230มม.*280มม. เบอร์ 600,ออโต้ สมาร์ท,300,7,2100,,2564-12-07,202112058,ราคาที่ลง ยังไม่รวมภาษี,โปรซื้อ 20แพ็ค ลด 35%,งานสี,,1119
กระดาษทรายเหลี่ยมขัดน้ำ 230มม.*280มม. เบอร์ 600 -- แถมฟรี,ออโต้ สมาร์ท,100,,ได้โปรแถมฟรี,,2564-12-07,202112058,ราคาที่ลง ยังไม่รวมภาษี,โปรซื้อ 20แพ็ค ลด 35%,งานสี,,1120
กระดาษทรายเหลี่ยมขัดน้ำ 230มม.*280มม. เบอร์ 600,ออโต้ สมาร์ท,200,7,1400,,2565-01-20,202201143,ราคาที่ลง ยังไม่รวมภาษี,โปรซื้อ 20แพ็ค ลด 35%,งานสี,,1121
กระดาษทรายเหลี่ยมขัดน้ำ 230มม.*280มม. เบอร์ 600 -- แถมฟรี,ออโต้ สมาร์ท,100,,ได้โปรแถมฟรี,,2565-01-20,202201143,ราคาที่ลง ยังไม่รวมภาษี,โปรซื้อ 20แพ็ค ลด 35%,งานสี,,1122
กระดาษทรายเหลี่ยมขัดน้ำ 230มม.*280มม. เบอร์ 600,ออโต้ สมาร์ท,300,7,2100,,2565-03-28,202203217,ราคาที่ลง ยังไม่รวมภาษี,โปรซื้อ 20แพ็ค ลด 35%,งานสี,,1123
กระดาษทรายเหลี่ยมขัดน้ำ 230มม.*280มม. เบอร์ 600,ออโต้ สมาร์ท,100,7,700,,2565-05-06,202205057,ราคาที่ลง ยังไม่รวมภาษี,โปรซื้อ 20แพ็ค ลด 35%,งานสี,,1124
กระดาษทรายเหลี่ยมขัดน้ำ 230มม.*280มม. เบอร์ 600 -- แถมฟรี,ออโต้ สมาร์ท,100,,ได้โปรแถมฟรี,,2565-05-06,202205057,ราคาที่ลง ยังไม่รวมภาษี,โปรซื้อ 20แพ็ค ลด 35%,งานสี,,1125
กระดาษทรายเหลี่ยมขัดน้ำ 230มม.*280มม. เบอร์ 600,ออโต้ สมาร์ท,200,7,1400,,2565-05-26,202205231,ราคาที่ลง ยังไม่รวมภาษี,โปรซื้อ 20แพ็ค ลด 35%,งานสี,,1126
กระดาษทรายเหลี่ยมขัดน้ำ 230มม.*280มม. เบอร์ 600,ออโต้เทรด มาร์เก็ตติ้ง,1100,7,5005,,2565-06-14,IV1417481,ราคาที่ลง ยังไม่รวมภาษี,โปรซื้อ 20แพ็ค ลด 35%,งานสี,0.35,1127
กระดาษทรายเหลี่ยมขัดน้ำ 230มม.*280มม. เบอร์ 600 ตราม้าส้ม ,ออโต้เทรด มาร์เก็ตติ้ง,800,7,3640,,2565-09-12,IV1421363,ราคาที่ลง ยังไม่รวมภาษี,โปรซื้อ 20แพ็ค ลด 35%,งานสี,0.35,1128
กระดาษทรายเหลี่ยมขัดน้ำ 230มม.*280มม. เบอร์ 600 ตราม้าส้ม ,ออโต้เทรด มาร์เก็ตติ้ง,7,700,3185,,2565-12-08,IV1425090,ราคาที่ลง ยังไม่รวมภาษี,โปรซื้อ 20แพ็ค ลด 35%,งานสี,0.35,1129
กระดาษทรายเหลี่ยมขัดน้ำ 230มม.*280มม. เบอร์ 600 ตราม้าเขียว,ออโต้เทรด มาร์เก็ตติ้ง,6,900,3510,,2566-01-31,IV1427206,ราคาที่ลง ยังไม่รวมภาษี,โปรซื้อ 20แพ็ค ลด 35%,งานสี,0.35,1130
กระดาษทรายเหลี่ยมขัดน้ำ 230มม.*280มม. เบอร์ 600 ตราม้าส้ม ,ออโต้เทรด มาร์เก็ตติ้ง,15,700,7350,,2566-02-07,IV1427669,ราคาที่ลง ยังไม่รวมภาษี,โปรซื้อ 20แพ็ค ลด 35%,งานสี,0.35,1131
กระดาษทรายเหลี่ยมขัดน้ำ 230มม.*280มม. เบอร์ 600 ตราม้าส้ม ,ออโต้เทรด มาร์เก็ตติ้ง,6,700,2940,,2566-04-05,IV1430190,ราคาที่ลง ยังไม่รวมภาษี,โปรซื้อ 20แพ็ค ลด 35%,งานสี,0.3,1132
กระดาษทรายเหลี่ยมขัดน้ำ 230มม.*280มม. เบอร์ 600,ออโต้เทรด มาร์เก็ตติ้ง,4,700,1960,,2566-06-14,IV1433445,ราคาที่ลง ยังไม่รวมภาษี,โปรซื้อ 20แพ็ค ลด 35%,งานสี,0.3,1133
กระดาษทรายเหลี่ยมขัดน้ำ 230มม.*280มม. เบอร์ 600,ออโต้เทรด มาร์เก็ตติ้ง,9,700,4410,,2566-08-07,IV1435877,ราคาที่ลง ยังไม่รวมภาษี,โปรซื้อ 11-19แพ็ค ลด 30%,งานสี,0.3,1134
กระดาษทรายเหลี่ยมขัดน้ำ 230มม.*280มม. เบอร์ 600,ออโต้เทรด มาร์เก็ตติ้ง,3,700,1470,,2566-10-05,IV1438645,ราคาที่ลง ยังไม่รวมภาษี,โปรซื้อ 20แพ็ค ลด 35%,งานสี,0.3,1135
กระดาษทรายเหลี่ยมขัดน้ำ 230มม.*280มม. เบอร์ 600,ออโต้ สมาร์ท,300,7,1470,,2566-11-18,IV1440657,ราคาที่ลง ยังไม่รวมภาษี,โปรซื้อ 20แพ็ค ลด 35%,งานสี,30.0,1136
กระดาษทรายเหลี่ยมขัดน้ำ 230มม.*280มม. เบอร์ 600 ตราม้าส้ม ,ออโต้เทรด มาร์เก็ตติ้ง,500,7,2450,,2567-02-13,IV1444437,ราคาที่ลง ยังไม่รวมภาษี,โปรซื้อ 20แพ็ค ลด 35%,งานสี,0.3,1137
กระดาษทรายเหลี่ยมขัดน้ำ 230มม.*280มม. เบอร์ 600,ออโต้เทรด มาร์เก็ตติ้ง,10,700,7000,,2567-04-25,IV1447634,ราคาที่ลง ยังไม่รวมภาษี,โปรซื้อ 20แพ็ค ลด 35%,งานสี,0.35,1138
กระดาษทรายเหลี่ยมขัดน้ำ 230มม.*280มม. เบอร์ 600,ออโต้เทรด มาร์เก็ตติ้ง,6,700,4200,,2567-08-26,IV1453250,ราคาที่ลง ยังไม่รวมภาษี,โปรซื้อ 20แพ็ค ลด 35%,งานสี,0.35,1139
กระดาษทรายเหลี่ยมขัดน้ำ 230มม.*280มม. เบอร์ 600,ออโต้เทรด,8,749,5992,,2568-01-09,IV1459290,ราคารวม VAT แล้ว,โปรซื้อ 20แพ็ค ลด 35%,งานสี,0.35,1140
กระดาษทรายเหลี่ยมขัดน้ำ 230มม.*280มม. เบอร์ 600 (จำนวนแพ็ค),ออโต้เทรด,7,700,3407.9500000000003,4900.0,2568-06-07,IV1466221,ราคารวม VAT แล้ว,โปรซื้อ 20แพ็ค ลด 35%,งานสี,0.35,1141
กระดาษทรายเหลี่ยมขัดน้ำ 230มม.*280มม. เบอร์ 600 ตราม้าส้ม ,ออโต้เทรด มาร์เก็ตติ้ง,800,7,3894.8,,2568-10-24,IV1472726,ราคาที่ลง ยังไม่รวมภาษี,โปรซื้อ 20แพ็ค ลด 35%,งานสี,0.3,1142
"กระดาษทรายน้ำ Oslong 9""x11"" เบอร์ 1000",เบรนเวิคส์,100,7.5,750,,2561-05-22,,ราคาที่ลง ยังไม่รวมภาษี,โปรซื้อ 20แพ็ค ลด 35%,งานสี,,1143
กระดาษทรายเหลี่ยมขัดน้ำ 230มม.*280มม. เบอร์ 1000,ออโต้ สมาร์ท,100,7,700,,2561-05-30,,ราคาที่ลง ยังไม่รวมภาษี,โปรซื้อ 20แพ็ค ลด 35%,งานสี,,1144
กระดาษทรายเหลี่ยมขัดน้ำ 230มม.*280มม. เบอร์ 1000,ออโต้ สมาร์ท,100,7,700,,2562-07-13,,ราคาที่ลง ยังไม่รวมภาษี,โปรซื้อ 20แพ็ค ลด 35%,งานสี,,1145
กระดาษทรายเหลี่ยมขัดน้ำ 230มม.*280มม. เบอร์ 1000 -- แถมฟรี,ออโต้ สมาร์ท,100,,ได้โปรแถมฟรี,,2562-08-24,,ราคาที่ลง ยังไม่รวมภาษี,โปรซื้อ 20แพ็ค ลด 35%,งานสี,,1146
กระดาษทรายเหลี่ยมขัดน้ำ 230มม.*280มม. เบอร์ 1000 -- แถมฟรี,ออโต้ สมาร์ท,100,,ได้โปรแถมฟรี,,2563-02-22,,ราคาที่ลง ยังไม่รวมภาษี,โปรซื้อ 20แพ็ค ลด 35%,งานสี,,1147
กระดาษทรายเหลี่ยมขัดน้ำ 230มม.*280มม. เบอร์ 1000 -- แถมฟรี,ออโต้ สมาร์ท,100,,ได้โปรแถมฟรี,,2563-03-10,,ราคาที่ลง ยังไม่รวมภาษี,โปรซื้อ 20แพ็ค ลด 35%,งานสี,,1148
กระดาษทรายเหลี่ยมขัดน้ำ 230มม.*280มม. เบอร์ 1000 -- แถมฟรี,ออโต้ สมาร์ท,100,,ได้โปรแถมฟรี,,2563-04-09,,ราคาที่ลง ยังไม่รวมภาษี,โปรซื้อ 20แพ็ค ลด 35%,งานสี,,1149
กระดาษทรายเหลี่ยมขัดน้ำ 230มม.*280มม. เบอร์ 1000 -- แถมฟรี,ออโต้ สมาร์ท,100,,ได้โปรแถมฟรี,,2563-05-20,,ราคาที่ลง ยังไม่รวมภาษี,โปรซื้อ 20แพ็ค ลด 35%,งานสี,,1150
กระดาษทรายเหลี่ยมขัดน้ำ 230มม.*280มม. เบอร์ 1000 -- แถมฟรี,ออโต้ สมาร์ท,100,,ได้โปรแถมฟรี,,2563-06-10,,ราคาที่ลง ยังไม่รวมภาษี,โปรซื้อ 20แพ็ค ลด 35%,งานสี,,1151
กระดาษทรายเหลี่ยมขัดน้ำ 230มม.*280มม. เบอร์ 1000,ออโต้ สมาร์ท,100,7,700,,2563-07-20,,ราคาที่ลง ยังไม่รวมภาษี,โปรซื้อ 20แพ็ค ลด 35%,งานสี,,1152
กระดาษทรายเหลี่ยมขัดน้ำ 230มม.*280มม. เบอร์ 1000,ออโต้ สมาร์ท,100,7,700,,2563-09-15,,ราคาที่ลง ยังไม่รวมภาษี,โปรซื้อ 20แพ็ค ลด 35%,งานสี,,1153
กระดาษทรายเหลี่ยมขัดน้ำ 230มม.*280มม. เบอร์ 1000 -- แถมฟรี,ออโต้ สมาร์ท,100,,ได้โปรแถมฟรี,,2563-10-09,,ราคาที่ลง ยังไม่รวมภาษี,โปรซื้อ 20แพ็ค ลด 35%,งานสี,,1154
กระดาษทรายเหลี่ยมขัดน้ำ 230มม.*280มม. เบอร์ 1000 -- แถมฟรี,ออโต้ สมาร์ท,100,,ได้โปรแถมฟรี,,2563-11-20,,ราคาที่ลง ยังไม่รวมภาษี,โปรซื้อ 20แพ็ค ลด 35%,งานสี,,1155
กระดาษทรายเหลี่ยมขัดน้ำ 230มม.*280มม. เบอร์ 1000 -- แถมฟรี,ออโต้ สมาร์ท,100,,ได้โปรแถมฟรี,,2564-01-11,,ราคาที่ลง ยังไม่รวมภาษี,โปรซื้อ 20แพ็ค ลด 35%,งานสี,,1156
กระดาษทรายเหลี่ยมขัดน้ำ 230มม.*280มม. เบอร์ 1000 ,ออโต้ สมาร์ท,100,7,700,,2564-03-06,,ราคาที่ลง ยังไม่รวมภาษี,โปรซื้อ 20แพ็ค ลด 35%,งานสี,,1157
กระดาษทรายเหลี่ยมขัดน้ำ 230มม.*280มม. เบอร์ 1000 -- แถมฟรี,ออโต้ สมาร์ท,100,,ได้โปรแถมฟรี,,2564-03-26,,ราคาที่ลง ยังไม่รวมภาษี,โปรซื้อ 20แพ็ค ลด 35%,งานสี,,1158
กระดาษทรายเหลี่ยมขัดน้ำ 230มม.*280มม. เบอร์ 1000 ,ออโต้ สมาร์ท,100,7,700,,2564-07-19,,ราคาที่ลง ยังไม่รวมภาษี,โปรซื้อ 20แพ็ค ลด 35%,งานสี,,1159
กระดาษทรายเหลี่ยมขัดน้ำ 230มม.*280มม. เบอร์ 1000 -- แถมฟรี,ออโต้ สมาร์ท,100,,ได้โปรแถมฟรี,,2564-07-19,,ราคาที่ลง ยังไม่รวมภาษี,โปรซื้อ 20แพ็ค ลด 35%,งานสี,,1160
กระดาษทรายเหลี่ยมขัดน้ำ 230มม.*280มม. เบอร์ 1000 -- แถมฟรี,ออโต้ สมาร์ท,100,,ได้โปรแถมฟรี,,2564-11-10,,ราคาที่ลง ยังไม่รวมภาษี,โปรซื้อ 20แพ็ค ลด 35%,งานสี,,1161
กระดาษทรายเหลี่ยมขัดน้ำ 230มม.*280มม. เบอร์ 1000 -- แถมฟรี,ออโต้ สมาร์ท,100,,ได้โปรแถมฟรี,,2565-03-28,,ราคาที่ลง ยังไม่รวมภาษี,โปรซื้อ 20แพ็ค ลด 35%,งานสี,,1162
กระดาษทรายเหลี่ยมขัดน้ำ 230มม.*280มม. เบอร์ 1000 ,ออโต้ สมาร์ท,100,7,700,,2565-05-26,202205231,ราคาที่ลง ยังไม่รวมภาษี,โปรซื้อ 20แพ็ค ลด 35%,งานสี,,1163
กระดาษทรายเหลี่ยมขัดน้ำ 230มม.*280มม. เบอร์ 1000 ,ออโต้เทรด มาร์เก็ตติ้ง,200,7,910,,2565-06-14,IV1417481,ราคาที่ลง ยังไม่รวมภาษี,โปรซื้อ 20แพ็ค ลด 35%,งานสี,0.35,1164
กระดาษทรายเหลี่ยมขัดน้ำ 230มม.*280มม. เบอร์ 1000 ตราม้าส้ม ,ออโต้เทรด มาร์เก็ตติ้ง,400,7,1820,,2565-09-12,IV1421363,ราคาที่ลง ยังไม่รวมภาษี,โปรซื้อ 20แพ็ค ลด 35%,งานสี,0.35,1165
กระดาษทรายเหลี่ยมขัดน้ำ 230มม.*280มม. เบอร์ 1000,ออโต้เทรด มาร์เก็ตติ้ง,2,700,980,,2566-06-14,IV1433445,ราคาที่ลง ยังไม่รวมภาษี,โปรซื้อ 20แพ็ค ลด 35%,งานสี,0.3,1166
กระดาษทรายเหลี่ยมขัดน้ำ 230มม.*280มม. เบอร์ 1000,ออโต้เทรด มาร์เก็ตติ้ง,1,700,490,,2566-08-07,IV1435877,ราคาที่ลง ยังไม่รวมภาษี,โปรซื้อ 11-19แพ็ค ลด 30%,งานสี,0.3,1167
กระดาษทรายเหลี่ยมขัดน้ำ 230มม.*280มม. เบอร์ 1000,ออโต้เทรด มาร์เก็ตติ้ง,2,700,980,,2566-10-05,IV1438645,ราคาที่ลง ยังไม่รวมภาษี,โปรซื้อ 20แพ็ค ลด 35%,งานสี,0.3,1168
กระดาษทรายเหลี่ยมขัดน้ำ 230มม.*280มม. เบอร์ 1000,ออโต้ สมาร์ท,200,7,979.9999999999999,,2566-11-18,IV1440657,ราคาที่ลง ยังไม่รวมภาษี,โปรซื้อ 20แพ็ค ลด 35%,งานสี,30.0,1169
กระดาษทรายเหลี่ยมขัดน้ำ 230มม.*280มม. เบอร์ 1000,ออโต้เทรด มาร์เก็ตติ้ง,100,7,489.99999999999994,,2567-02-13,IV1444437,ราคาที่ลง ยังไม่รวมภาษี,โปรซื้อ 20แพ็ค ลด 35%,งานสี,0.3,1170
กระดาษทรายเหลี่ยมขัดน้ำ 230มม.*280มม. เบอร์ 1000,ออโต้เทรด มาร์เก็ตติ้ง,300,7,1365,,2567-08-26,IV1453250,ราคาที่ลง ยังไม่รวมภาษี,โปรซื้อ 20แพ็ค ลด 35%,งานสี,35.0,1171
กระดาษทรายเหลี่ยมขัดน้ำ 230มม.*280มม. เบอร์ 1000,ออโต้เทรด,1,749,749,,2568-01-09,IV1459290,ราคารวม VAT แล้ว,โปรซื้อ 20แพ็ค ลด 35%,งานสี,0.35,1172
กระดาษทรายเหลี่ยมขัดน้ำ 230มม.*280มม. เบอร์ 1000 (จำนวนแพ็ค),ออโต้เทรด,1,700,486.85,700.0,2568-06-07,IV1466221,ราคารวม VAT แล้ว,โปรซื้อ 20แพ็ค ลด 35%,งานสี,0.35,1173
กระดาษทรายเหลี่ยมขัดน้ำ 230มม.*280มม. เบอร์ 1000 ตราม้าส้ม ,ออโต้เทรด มาร์เก็ตติ้ง,200,7,973.7,,2568-10-24,IV1472726,ราคาที่ลง ยังไม่รวมภาษี,โปรซื้อ 20แพ็ค ลด 35%,งานสี,0.3,1174
กระดาษทรายเหลี่ยมขัดน้ำ 230มม.*280มม. เบอร์ 1200,ออโต้ สมาร์ท,100,7,700,,2562-09-09,,ราคาที่ลง ยังไม่รวมภาษี,โปรซื้อ 20แพ็ค ลด 35%,งานสี,,1175
กระดาษทรายเหลี่ยมขัดน้ำ 230มม.*280มม. เบอร์ 1200 -- แถมฟรี,ออโต้ สมาร์ท,100,,ได้โปรแถมฟรี,,2563-03-17,,ราคาที่ลง ยังไม่รวมภาษี,โปรซื้อ 20แพ็ค ลด 35%,งานสี,,1176
กระดาษทรายเหลี่ยมขัดน้ำ 230มม.*280มม. เบอร์ 1200 -- แถมฟรี,ออโต้ สมาร์ท,100,,ได้โปรแถมฟรี,,2563-05-26,,ราคาที่ลง ยังไม่รวมภาษี,โปรซื้อ 20แพ็ค ลด 35%,งานสี,,1177
กระดาษทรายเหลี่ยมขัดน้ำ 230มม.*280มม. เบอร์ 1200 -- แถมฟรี,ออโต้ สมาร์ท,100,,ได้โปรแถมฟรี,,2563-07-20,,ราคาที่ลง ยังไม่รวมภาษี,โปรซื้อ 20แพ็ค ลด 35%,งานสี,,1178
กระดาษทรายเหลี่ยมขัดน้ำ 230มม.*280มม. เบอร์ 1200,ออโต้ สมาร์ท,100,7,700,,2563-09-15,,ราคาที่ลง ยังไม่รวมภาษี,โปรซื้อ 20แพ็ค ลด 35%,งานสี,,1179
กระดาษทรายเหลี่ยมขัดน้ำ 230มม.*280มม. เบอร์ 1200,ออโต้ สมาร์ท,100,7,700,,2564-01-11,,ราคาที่ลง ยังไม่รวมภาษี,โปรซื้อ 20แพ็ค ลด 35%,งานสี,,1180
กระดาษทรายเหลี่ยมขัดน้ำ 230มม.*280มม. เบอร์ 1200 -- แถมฟรี,ออโต้ สมาร์ท,100,,ได้โปรแถมฟรี,,2564-03-06,,ราคาที่ลง ยังไม่รวมภาษี,โปรซื้อ 20แพ็ค ลด 35%,งานสี,,1181
กระดาษทรายเหลี่ยมขัดน้ำ 230มม.*280มม. เบอร์ 1200 -- แถมฟรี,ออโต้ สมาร์ท,100,7,ได้โปรแถมฟรี,,2564-05-06,,ราคาที่ลง ยังไม่รวมภาษี,โปรซื้อ 20แพ็ค ลด 35%,งานสี,,1182
กระดาษทรายเหลี่ยมขัดน้ำ 230มม.*280มม. เบอร์ 1200 -- แถมฟรี,ออโต้ สมาร์ท,100,,ได้โปรแถมฟรี,,2564-07-13,,ราคาที่ลง ยังไม่รวมภาษี,โปรซื้อ 20แพ็ค ลด 35%,งานสี,,1183
กระดาษทรายเหลี่ยมขัดน้ำ 230มม.*280มม. เบอร์ 1200 -- แถมฟรี,ออโต้ สมาร์ท,100,,ได้โปรแถมฟรี,,2564-08-09,,ราคาที่ลง ยังไม่รวมภาษี,โปรซื้อ 20แพ็ค ลด 35%,งานสี,,1184
กระดาษทรายเหลี่ยมขัดน้ำ 230มม.*280มม. เบอร์ 1200 -- แถมฟรี,ออโต้ สมาร์ท,100,,ได้โปรแถมฟรี,,2564-10-11,202110080,ราคาที่ลง ยังไม่รวมภาษี,โปรซื้อ 20แพ็ค ลด 35%,งานสี,,1185
กระดาษทรายเหลี่ยมขัดน้ำ 230มม.*280มม. เบอร์ 1200,ออโต้ สมาร์ท,100,7,700,,2565-02-14,202202131,ราคาที่ลง ยังไม่รวมภาษี,โปรซื้อ 20แพ็ค ลด 35%,งานสี,,1186
กระดาษทรายเหลี่ยมขัดน้ำ 230มม.*280มม. เบอร์ 1200 -- แถมฟรี,ออโต้ สมาร์ท,100,,ได้โปรแถมฟรี,,2565-02-14,202202131,ราคาที่ลง ยังไม่รวมภาษี,โปรซื้อ 20แพ็ค ลด 35%,งานสี,,1187
กระดาษทรายเหลี่ยมขัดน้ำ 230มม.*280มม. เบอร์ 1200 -- แถมฟรี,ออโต้ สมาร์ท,100,,ได้โปรแถมฟรี,,2565-05-26,202205231,ราคาที่ลง ยังไม่รวมภาษี,โปรซื้อ 20แพ็ค ลด 35%,งานสี,,1188
กระดาษทรายเหลี่ยมขัดน้ำ 230มม.*280มม. เบอร์ 1200 ตราม้าส้ม ,ออโต้เทรด มาร์เก็ตติ้ง,300,7,1365,,2565-09-12,IV1421363,ราคาที่ลง ยังไม่รวมภาษี,โปรซื้อ 11-19แพ็ค ลด 30%,งานสี,0.35,1189
กระดาษทรายเหลี่ยมขัดน้ำ 230มม.*280มม. เบอร์ 1200,ออโต้เทรด มาร์เก็ตติ้ง,1,700,490,,2566-08-07,IV1435877,ราคาที่ลง ยังไม่รวมภาษี,โปรซื้อ 20แพ็ค ลด 35%,งานสี,0.3,1190
กระดาษทรายเหลี่ยมขัดน้ำ 230มม.*280มม. เบอร์ 1200,ออโต้เทรด มาร์เก็ตติ้ง,100,7,455,,2567-08-26,IV1453250,ราคาที่ลง ยังไม่รวมภาษี,โปรซื้อ 20แพ็ค ลด 35%,งานสี,0.35,1191
กระดาษทรายเหลี่ยมขัดน้ำ 230มม.*280มม. เบอร์ 1200,ออโต้เทรด,1,749,749,,2568-01-09,IV1459290,ราคารวม VAT แล้ว,โปรซื้อ 20แพ็ค ลด 35%,งานสี,0.35,1192
กระดาษทรายเหลี่ยมขัดน้ำ 230มม.*280มม. เบอร์ 1200 ตราม้าส้ม ,ออโต้เทรด มาร์เก็ตติ้ง,200,7,973.7,,2568-10-24,IV1472726,ราคาที่ลง ยังไม่รวมภาษี,โปรซื้อ 20แพ็ค ลด 35%,งานสี,0.3,1193
กระดาษทรายเหลี่ยมขัดน้ำ 230มม.*280มม. เบอร์ 1500,ออโต้ สมาร์ท,100,7,700,,2563-05-26,,ราคาที่ลง ยังไม่รวมภาษี,โปรซื้อ 20แพ็ค ลด 35%,งานสี,,1194
กระดาษทรายเหลี่ยมขัดน้ำ 230มม.*280มม. เบอร์ 1500,ออโต้ สมาร์ท,100,,ได้โปรแถมฟรี,,2563-08-07,,ราคาที่ลง ยังไม่รวมภาษี,โปรซื้อ 20แพ็ค ลด 35%,งานสี,,1195
กระดาษทรายเหลี่ยมขัดน้ำ 230มม.*280มม. เบอร์ 1500,ออโต้ สมาร์ท,100,,ได้โปรแถมฟรี,,2563-09-15,,ราคาที่ลง ยังไม่รวมภาษี,โปรซื้อ 20แพ็ค ลด 35%,งานสี,,1196
กระดาษทรายเหลี่ยมขัดน้ำ 230มม.*280มม. เบอร์ 1500,ออโต้ สมาร์ท,100,,ได้โปรแถมฟรี,,2563-11-07,,ราคาที่ลง ยังไม่รวมภาษี,โปรซื้อ 11-19แพ็ค ลด 30%,งานสี,,1197
กระดาษทรายเหลี่ยมขัดน้ำ 230มม.*280มม. เบอร์ 1500 ตราม้าส้ม ,ออโต้เทรด มาร์เก็ตติ้ง,300,7,1365,,2565-09-12,IV1421363,ราคาที่ลง ยังไม่รวมภาษี,โปรซื้อ 20แพ็ค ลด 35%,งานสี,0.35,1198
กระดาษทรายขัดแห้งหลังกาว 120*50 เมตร (ม้วน) ,ออโต้ สมาร์ท,1,950,950,,2562-09-04,,ราคาที่ลง ยังไม่รวมภาษี,โปรซื้อ 20แพ็ค ลด 35%,งานสี,,1199
กระดาษทรายขัดแห้งหลังกาว 80*50 เมตร (ม้วน) ,ออโต้ สมาร์ท,1,950,950,,2562-08-05,,ราคาที่ลง ยังไม่รวมภาษี,โปรซื้อ 20แพ็ค ลด 35%,งานสี,,1200
กระดาษทรายขัดแห้งหลังกาว 80*50 เมตร (ม้วน) ,ออโต้ สมาร์ท,1,950,950,,2562-12-17,,ราคาที่ลง ยังไม่รวมภาษี,โปรซื้อ 20แพ็ค ลด 35%,งานสี,,1201
กระดาษทรายขัดแห้งหลังกาว 80*50 เมตร (ม้วน) ,ออโต้ สมาร์ท,1,950,950,,2564-08-31,202108203,ราคาที่ลง ยังไม่รวมภาษี,โปรซื้อ 20แพ็ค ลด 35%,งานสี,,1202
กระดาษทรายขัดแห้งหลังกาว 80*50 เมตร (ม้วน) ,ออโต้ สมาร์ท,1,950,950,,2565-01-11,202201071,ราคาที่ลง ยังไม่รวมภาษี,โปรซื้อ 20แพ็ค ลด 35%,งานสี,,1203
กระดาษทรายม้วนหลังกาว เบอร์ 80 (ม้วนใหญ่ แบบหลังกาว),ออโต้เทรด มาร์เก็ตติ้ง,2,1390,2502,,2565-12-08,IV1425090,ราคาที่ลง ยังไม่รวมภาษี,โปรซื้อ 20แพ็ค ลด 35%,งานสี,0.1,1204
กระดาษทรายม้วนหลังกาว เบอร์ 80 (ม้วนใหญ่ แบบหลังกาว),ออโต้เทรด มาร์เก็ตติ้ง,1,1390,1251,,2566-05-17,IV1432091,ราคาที่ลง ยังไม่รวมภาษี,โปรซื้อ 20แพ็ค ลด 35%,งานสี,0.1,1205
กระดาษทรายม้วนหลังกาว เบอร์ 80 (ม้วนใหญ่ แบบหลังกาว),ออโต้เทรด มาร์เก็ตติ้ง,2,1390,2363,,2566-06-14,IV1433445,ราคาที่ลง ยังไม่รวมภาษี,โปร 2ม้วน ลด15%,งานสี,0.15,1206
กระดาษทรายม้วนหลังกาว เบอร์ 80 (ม้วนใหญ่ แบบหลังกาว),ออโต้เทรด มาร์เก็ตติ้ง,2,1390,2363,,2566-11-18,IV1440657,ราคาที่ลง ยังไม่รวมภาษี,โปร 2ม้วน ลด15%,งานสี,0.15,1207
กระดาษทรายม้วนหลังกาว เบอร์ 80 (ม้วนใหญ่ แบบหลังกาว),ออโต้เทรด มาร์เก็ตติ้ง,4,1390,5560,,2567-04-25,IV1447634,ราคาที่ลง ยังไม่รวมภาษี,โปร 2ม้วน ลด15%,งานสี,0.15,1208
กระดาษทรายม้วนหลังกาว เบอร์ 80 (ม้วนใหญ่ แบบหลังกาว),ออโต้เทรด,4,1390,4759.36,5560.0,2568-06-07,IV1466221,ราคารวม VAT แล้ว,โปร 2ม้วน ลด15%,งานสี,0.2,1209
สีพื้น อิบ๊อกซี่ Epoxy primer surface (3.5ลิตร) -- น้ำยาเกาะเหล็ก,ออโต้ สมาร์ท,2,3700,5698,,2561-05-30,,,สีพื้น อิบ๊อกซี่,งานสี,23.0,1210
สีพื้น อิบ๊อกซี่ Epoxy primer surface (3.5ลิตร) -- น้ำยาเกาะเหล็ก,ออโต้ สมาร์ท,2,3700,5698,,2562-07-13,,ราคาที่ลง ยังไม่รวมภาษี,(น้ำยาเกาะเหล็ก),งานสี,23.0,1211
สีพื้น อิบ๊อกซี่ Epoxy primer surface (3.5ลิตร) -- น้ำยาเกาะเหล็ก,ออโต้ สมาร์ท,2,3700,5698,,2562-08-05,,ราคาที่ลง ยังไม่รวมภาษี,(น้ำยาเกาะเหล็ก),งานสี,23.0,1212
สีพื้น อิบ๊อกซี่ Epoxy primer surface (3.5ลิตร) -- น้ำยาเกาะเหล็ก,ออโต้ สมาร์ท,1,3700,2849,,2562-08-13,,ราคาที่ลง ยังไม่รวมภาษี,(น้ำยาเกาะเหล็ก),งานสี,23.0,1213
สีพื้น อิบ๊อกซี่ Epoxy primer surface (3.5ลิตร) -- น้ำยาเกาะเหล็ก,ออโต้ สมาร์ท,1,3700,2849,,2562-09-04,,ราคาที่ลง ยังไม่รวมภาษี,(น้ำยาเกาะเหล็ก),งานสี,23.0,1214
สีพื้น อิบ๊อกซี่ Epoxy primer surface (3.5ลิตร) -- น้ำยาเกาะเหล็ก,ออโต้ สมาร์ท,1,3700,2849,,2562-09-09,,ราคาที่ลง ยังไม่รวมภาษี,(น้ำยาเกาะเหล็ก),งานสี,23.0,1215
สีพื้น อิบ๊อกซี่ Epoxy primer surface (3.5ลิตร) -- น้ำยาเกาะเหล็ก,ออโต้ สมาร์ท,1,3700,2849,,2563-02-22,,ราคาที่ลง ยังไม่รวมภาษี,(น้ำยาเกาะเหล็ก),งานสี,23.0,1216
สีพื้น อิบ๊อกซี่ Epoxy primer surface (3.5ลิตร) -- น้ำยาเกาะเหล็ก,ออโต้ สมาร์ท,1,3700,2849,,2563-05-26,,ราคาที่ลง ยังไม่รวมภาษี,(น้ำยาเกาะเหล็ก),งานสี,23.0,1217
สีพื้น อิบ๊อกซี่ Epoxy primer surface (3.5ลิตร) -- น้ำยาเกาะเหล็ก,ออโต้ สมาร์ท,1,3700,2849,,2563-07-20,,ราคาที่ลง ยังไม่รวมภาษี,(น้ำยาเกาะเหล็ก),งานสี,23.0,1218
สีพื้น อิบ๊อกซี่ Epoxy primer surface (3.5ลิตร) -- น้ำยาเกาะเหล็ก,ออโต้ สมาร์ท,1,3700,2849,,2563-09-15,,ราคาที่ลง ยังไม่รวมภาษี,(น้ำยาเกาะเหล็ก),งานสี,23.0,1219
สีพื้น อิบ๊อกซี่ Epoxy primer surface (3.5ลิตร) -- น้ำยาเกาะเหล็ก,ออโต้ สมาร์ท,1,3700,2849,,2563-10-24,,ราคาที่ลง ยังไม่รวมภาษี,(น้ำยาเกาะเหล็ก),งานสี,23.0,1220
สีพื้น อิบ๊อกซี่ Epoxy primer surface (3.5ลิตร) -- น้ำยาเกาะเหล็ก,ออโต้ สมาร์ท,1,3700,2849,,2563-12-04,,ราคาที่ลง ยังไม่รวมภาษี,(น้ำยาเกาะเหล็ก),งานสี,23.0,1221
สีพื้น อิบ๊อกซี่ Epoxy primer surface (3.5ลิตร) -- น้ำยาเกาะเหล็ก,ออโต้ สมาร์ท,1,3700,2849,,2564-01-23,,ราคาที่ลง ยังไม่รวมภาษี,(น้ำยาเกาะเหล็ก),งานสี,23.0,1222
สีพื้น อิบ๊อกซี่ Epoxy primer surface (3.5ลิตร) -- น้ำยาเกาะเหล็ก,ออโต้ สมาร์ท,1,3700,2849,,2564-03-26,,ราคาที่ลง ยังไม่รวมภาษี,(น้ำยาเกาะเหล็ก),งานสี,23.0,1223
สีพื้น อิบ๊อกซี่ Epoxy primer surface EX 840R (4ลิตร) -- น้ำยาเกาะเหล็ก,ออโต้ สมาร์ท,1,4230,3257.1,,2565-01-11,202201071,ราคาที่ลง ยังไม่รวมภาษี,ยี่ห้อ COMAX,งานสี,23.0,1224
สีพื้น อิบ๊อกซี่ Epoxy primer surface EX 840R (4ลิตร) -- น้ำยาเกาะเหล็ก,ออโต้ สมาร์ท,1,4230,3257.1,,2565-03-10,202203091,ราคาที่ลง ยังไม่รวมภาษี,ยี่ห้อ COMAX,งานสี,23.0,1225
สีพื้น อิบ๊อกซี่ Epoxy primer surface EX 840R (4ลิตร) -- น้ำยาเกาะเหล็ก,ออโต้ สมาร์ท,1,4230,3257.1,,2565-05-06,202205057,ราคาที่ลง ยังไม่รวมภาษี,ยี่ห้อ COMAX,งานสี,23.0,1226
สีพื้น อิบ๊อกซี่ Epoxy primer surface EX 840R (4ลิตร) -- น้ำยาเกาะเหล็ก,บมจ. วีที คัลเลอร์ โปร,1,4480,3449.6,,2565-07-20,IV100-65,ราคาที่ลง ยังไม่รวมภาษี,ยี่ห้อ COMAX,งานสี,23.0,1227
สีพื้น อิบ๊อกซี่ Epoxy primer surface EX 840R (4ลิตร) -- น้ำยาเกาะเหล็ก,บมจ. วีที คัลเลอร์ โปร,1,4480,3449.6,,2565-08-26,IV152-65,ราคาที่ลง ยังไม่รวมภาษี,ยี่ห้อ COMAX,งานสี,23.0,1228
สีพื้นเกาะเหล็ก EP SC 2:1 (กป.ละ1ลิตร),บมจ. วีที คัลเลอร์ โปร,4,420,1680,,2565-11-15,IV261-65,ราคาที่ลง ยังไม่รวมภาษี,ยี่ห้อ COMAX,งานสี,,1229
สีพื้นเกาะเหล็ก EP Hybrid 2:1 (กป.ละ1ลิตร),บมจ. วีที คัลเลอร์ โปร,2,420,840,,2566-07-27,IV425-66,ราคาที่ลง ยังไม่รวมภาษี,ยี่ห้อ COMAX,งานสี,,1230
สีพื้นเกาะเหล็ก EP Hybrid 2:1 (กป.ละ1ลิตร),บมจ. วีที คัลเลอร์ โปร,1,420,420,,2566-10-21,IV685-66,ราคาที่ลง ยังไม่รวมภาษี,ยี่ห้อ COMAX,งานสี,,1231
สีพื้นเกาะเหล็ก EP Hybrid 2:1 (กป.ละ1ลิตร),บมจ. วีที คัลเลอร์ โปร,1,420,420,,2567-05-21,IV6705105,ราคาที่ลง ยังไม่รวมภาษี,ยี่ห้อ COMAX,งานสี,,1232
สีพื้นเกาะเหล็ก EP Hybrid 2:1 (กป.ละ1ลิตร),บมจ. วีที คัลเลอร์ โปร,2,420,840,,2567-08-27,IV6708125,ราคาที่ลง ยังไม่รวมภาษี,ยี่ห้อ COMAX,งานสี,,1233
สีพื้นเกาะเหล็ก EP Hybrid 2:1 (กป.ละ1ลิตร),บมจ. วีที คัลเลอร์ โปร,1,420,420,,2567-10-01,IV6710011,ราคาที่ลง ยังไม่รวมภาษี,ยี่ห้อ COMAX,งานสี,,1234
สีพื้นเกาะเหล็ก EP Hybrid 2:1 (กป.ละ1ลิตร),บมจ. วีที คัลเลอร์ โปร,1,420,420,,2567-11-19,IV6711104,ราคาที่ลง ยังไม่รวมภาษี,ยี่ห้อ COMAX,งานสี,,1235
ตัวเร่ง สีพื้น อิบ๊อกซี่ Epoxy activator (1ลิตร),ออโต้ สมาร์ท,2,910,1401.4,,2561-05-30,,,ยี่ห้อ COMAX,งานสี,23.0,1236
ตัวเร่ง สีพื้น อิบ๊อกซี่ Epoxy activator (1ลิตร),ออโต้ สมาร์ท,2,910,1401.4,,2562-07-13,,ราคาที่ลง ยังไม่รวมภาษี,ยี่ห้อ COMAX,งานสี,23.0,1237
ตัวเร่ง สีพื้น อิบ๊อกซี่ Epoxy activator (1ลิตร),ออโต้ สมาร์ท,3,910,2102.1,,2562-08-05,,ราคาที่ลง ยังไม่รวมภาษี,ยี่ห้อ COMAX,งานสี,23.0,1238
ตัวเร่ง สีพื้น อิบ๊อกซี่ Epoxy activator (1ลิตร),ออโต้ สมาร์ท,1,910,700.7,,2562-08-13,,ราคาที่ลง ยังไม่รวมภาษี,ยี่ห้อ COMAX,งานสี,23.0,1239
ตัวเร่ง สีพื้น อิบ๊อกซี่ Epoxy activator (1ลิตร),ออโต้ สมาร์ท,1,910,700.7,,2562-09-04,,ราคาที่ลง ยังไม่รวมภาษี,ยี่ห้อ COMAX,งานสี,23.0,1240
ตัวเร่ง สีพื้น อิบ๊อกซี่ Epoxy activator (1ลิตร),ออโต้ สมาร์ท,1,910,700.7,,2562-09-09,,ราคาที่ลง ยังไม่รวมภาษี,ยี่ห้อ COMAX,งานสี,23.0,1241
ตัวเร่ง สีพื้น อิบ๊อกซี่ Epoxy activator (1ลิตร),ออโต้ สมาร์ท,1,910,700.7,,2563-02-22,,ราคาที่ลง ยังไม่รวมภาษี,ยี่ห้อ COMAX,งานสี,23.0,1242
ตัวเร่ง สีพื้น อิบ๊อกซี่ Epoxy activator (1ลิตร),ออโต้ สมาร์ท,1,910,700.7,,2563-04-09,,ราคาที่ลง ยังไม่รวมภาษี,ยี่ห้อ COMAX,งานสี,23.0,1243
ตัวเร่ง สีพื้น อิบ๊อกซี่ Epoxy activator (1ลิตร),ออโต้ สมาร์ท,1,910,700.7,,2563-05-26,,ราคาที่ลง ยังไม่รวมภาษี,ยี่ห้อ COMAX,งานสี,23.0,1244
ตัวเร่ง สีพื้น อิบ๊อกซี่ Epoxy activator (1ลิตร),ออโต้ สมาร์ท,1,910,700.7,,2563-07-20,,ราคาที่ลง ยังไม่รวมภาษี,ยี่ห้อ COMAX,งานสี,23.0,1245
ตัวเร่ง สีพื้น อิบ๊อกซี่ Epoxy activator (1ลิตร),ออโต้ สมาร์ท,1,910,700.7,,2563-09-15,,ราคาที่ลง ยังไม่รวมภาษี,ยี่ห้อ COMAX,งานสี,23.0,1246
ตัวเร่ง สีพื้น อิบ๊อกซี่ Epoxy activator (1ลิตร),ออโต้ สมาร์ท,1,910,700.7,,2563-10-24,,ราคาที่ลง ยังไม่รวมภาษี,ยี่ห้อ COMAX,งานสี,23.0,1247
ตัวเร่ง สีพื้น อิบ๊อกซี่ Epoxy activator (1ลิตร),ออโต้ สมาร์ท,1,910,700.7,,2563-12-04,,ราคาที่ลง ยังไม่รวมภาษี,ยี่ห้อ COMAX,งานสี,23.0,1248
ตัวเร่ง สีพื้น อิบ๊อกซี่ Epoxy activator (1ลิตร),ออโต้ สมาร์ท,1,910,700.7,,2564-01-23,,ราคาที่ลง ยังไม่รวมภาษี,ยี่ห้อ COMAX,งานสี,23.0,1249
ตัวเร่ง สีพื้น อิบ๊อกซี่ Epoxy activator (1ลิตร),ออโต้ สมาร์ท,2,910,1401.4,,2564-03-26,,ราคาที่ลง ยังไม่รวมภาษี,ยี่ห้อ COMAX,งานสี,23.0,1250
ตัวเร่ง สีพื้น อิบ๊อกซี่ Epoxy activator 845R (1ลิตร),ออโต้ สมาร์ท,2,910,1401.4,,2565-01-11,202201071,ราคาที่ลง ยังไม่รวมภาษี,ยี่ห้อ COMAX,งานสี,23.0,1251
ตัวเร่ง สีพื้น อิบ๊อกซี่ Epoxy activator 845R (1ลิตร),ออโต้ สมาร์ท,1,910,700.7,,2565-03-10,202203091,ราคาที่ลง ยังไม่รวมภาษี,ยี่ห้อ COMAX,งานสี,23.0,1252
ตัวเร่ง สีพื้น อิบ๊อกซี่ Epoxy activator 845R (1ลิตร),ออโต้ สมาร์ท,1,910,700.7,,2565-05-06,202005057,ราคาที่ลง ยังไม่รวมภาษี,ยี่ห้อ COMAX,งานสี,23.0,1253
ตัวเร่ง สีพื้น อิบ๊อกซี่ Epoxy activator 845R (1ลิตร),บมจ. วีที คัลเลอร์ โปร,1,965,743.05,,2565-07-20,IV100-65,ราคาที่ลง ยังไม่รวมภาษี,ยี่ห้อ COMAX,งานสี,23.0,1254
ตัวเร่ง สีพื้น อิบ๊อกซี่ Epoxy activator 845R (1ลิตร),บมจ. วีที คัลเลอร์ โปร,1,965,743.05,,2565-08-26,IV152-65,ราคาที่ลง ยังไม่รวมภาษี,ยี่ห้อ COMAX,งานสี,23.0,1255
ฮาร์ดเดนเนอร์ EP SC 2:1 (กป.ละ0.5ลิตร),บมจ. วีที คัลเลอร์ โปร,4,280,1120,,2565-11-15,IV261-65,ราคาที่ลง ยังไม่รวมภาษี,ยี่ห้อ COMAX,งานสี,,1256
ฮาร์ดเดนเนอร์ EP Hybrid 2:1 (กป.ละ0.5ลิตร),บมจ. วีที คัลเลอร์ โปร,2,280,560,,2566-07-27,IV425-66,ราคาที่ลง ยังไม่รวมภาษี,ยี่ห้อ COMAX,งานสี,,1257
ฮาร์ดเดนเนอร์ EP Hybrid 2:1 (กป.ละ0.5ลิตร),บมจ. วีที คัลเลอร์ โปร,1,280,280,,2566-10-21,IV685-66,ราคาที่ลง ยังไม่รวมภาษี,ยี่ห้อ COMAX,งานสี,,1258
ฮาร์ดเดนเนอร์ EP Hybrid 2:1 (กป.ละ0.5ลิตร),บมจ. วีที คัลเลอร์ โปร,1,280,280,,2567-05-21,IV6705105,ราคาที่ลง ยังไม่รวมภาษี,ยี่ห้อ COMAX,งานสี,,1259
ฮาร์ดเดนเนอร์ EP Hybrid 2:1 (กป.ละ0.5ลิตร),บมจ. วีที คัลเลอร์ โปร,2,280,560,,2567-08-27,IV6708125,ราคาที่ลง ยังไม่รวมภาษี,ยี่ห้อ COMAX,งานสี,,1260
ฮาร์ดเดนเนอร์ EP Hybrid 2:1 (กป.ละ0.5ลิตร),บมจ. วีที คัลเลอร์ โปร,1,280,280,,2567-10-01,IV6710011,ราคาที่ลง ยังไม่รวมภาษี,ยี่ห้อ COMAX,งานสี,,1261
ฮาร์ดเดนเนอร์ EP Hybrid 2:1 (กป.ละ0.5ลิตร),บมจ. วีที คัลเลอร์ โปร,1,280,280,,2567-11-19,IV6711104,ราคาที่ลง ยังไม่รวมภาษี,ยี่ห้อ COMAX,งานสี,,1262
ฮาร์ดเดนเนอร์ CROMAX 845R,บมจ. วีที คัลเลอร์ โปร,1,743.05,743.05,,2565-12-20,IV322-65,ราคาที่ลง ยังไม่รวมภาษี,ยี่ห้อ COMAX,งานสี,,1263
Plastic primer 1K matrix (น้ำยาเกาะพลาสติก),ทรัพย์สินไทย,12,480,5760,,2562-05-15,,ราคาที่ลง ยังไม่รวมภาษี,น้ำยาเกาะพลาสติก,งานสี,,1264
Plastic primer 1K matrix (น้ำยาเกาะพลาสติก),ทรัพย์สินไทย,12,480,5760,,2562-05-24,,ราคาที่ลง ยังไม่รวมภาษี,น้ำยาเกาะพลาสติก,งานสี,,1265
Plastic primer 1K matrix (น้ำยาเกาะพลาสติก),ทรัพย์สินไทย,12,480,5760,,2561-05-28,,ราคาที่ลง ยังไม่รวมภาษี,น้ำยาเกาะพลาสติก,งานสี,,1266
Plastic primer 1K matrix (น้ำยาเกาะพลาสติก),ทรัพย์สินไทย,12,480,5760,,2562-06-24,,ราคาที่ลง ยังไม่รวมภาษี,น้ำยาเกาะพลาสติก,งานสี,,1267
Plastic primer 1K matrix (น้ำยาเกาะพลาสติก),ทรัพย์สินไทย,12,480,5760,,2562-07-24,,ราคาที่ลง ยังไม่รวมภาษี,น้ำยาเกาะพลาสติก,งานสี,,1268
Plastic primer 1K matrix (น้ำยาเกาะพลาสติก),ทรัพย์สินไทย,24,480,11520,,2562-08-26,,ราคาที่ลง ยังไม่รวมภาษี,น้ำยาเกาะพลาสติก,งานสี,,1269
Plastic primer 1K matrix (น้ำยาเกาะพลาสติก),ทรัพย์สินไทย,12,480,5760,,2562-09-24,,ราคาที่ลง ยังไม่รวมภาษี,น้ำยาเกาะพลาสติก,งานสี,,1270
Plastic primer 1K matrix (น้ำยาเกาะพลาสติก),ทรัพย์สินไทย,24,480,11520,,2563-02-20,,ราคาที่ลง ยังไม่รวมภาษี,น้ำยาเกาะพลาสติก,งานสี,,1271
Plastic primer 1K matrix (น้ำยาเกาะพลาสติก),ทรัพย์สินไทย,12,480,5760,,2563-03-19,,ราคาที่ลง ยังไม่รวมภาษี,น้ำยาเกาะพลาสติก,งานสี,,1272
Plastic primer 1K matrix (น้ำยาเกาะพลาสติก),ทรัพย์สินไทย,12,480,5760,,2563-03-24,,ราคาที่ลง ยังไม่รวมภาษี,น้ำยาเกาะพลาสติก,งานสี,,1273
Plastic primer 1K matrix (น้ำยาเกาะพลาสติก),ทรัพย์สินไทย,24,480,11520,,2563-04-23,,ราคาที่ลง ยังไม่รวมภาษี,น้ำยาเกาะพลาสติก,งานสี,,1274
Plastic primer 1K matrix (น้ำยาเกาะพลาสติก),ทรัพย์สินไทย,24,480,11520,,2563-06-25,,ราคาที่ลง ยังไม่รวมภาษี,น้ำยาเกาะพลาสติก,งานสี,,1275
Plastic primer 1K matrix (น้ำยาเกาะพลาสติก),ทรัพย์สินไทย,12,480,5760,,2563-07-24,,ราคาที่ลง ยังไม่รวมภาษี,น้ำยาเกาะพลาสติก,งานสี,,1276
Plastic primer 1K matrix (น้ำยาเกาะพลาสติก),ทรัพย์สินไทย,24,480,11520,,2563-08-24,,ราคาที่ลง ยังไม่รวมภาษี,น้ำยาเกาะพลาสติก,งานสี,,1277
Plastic primer 1K matrix (น้ำยาเกาะพลาสติก),ทรัพย์สินไทย,24,480,11520,,2563-11-22,,ราคาที่ลง ยังไม่รวมภาษี,น้ำยาเกาะพลาสติก,งานสี,,1278
Plastic primer 1K matrix (น้ำยาเกาะพลาสติก),ทรัพย์สินไทย,12,480,5760,,2563-11-25,,ราคาที่ลง ยังไม่รวมภาษี,น้ำยาเกาะพลาสติก,งานสี,,1279
Plastic primer 1K matrix (น้ำยาเกาะพลาสติก),ทรัพย์สินไทย,12,480,5760,,2563-12-21,,ราคาที่ลง ยังไม่รวมภาษี,น้ำยาเกาะพลาสติก,งานสี,,1280
Plastic primer 1K matrix (น้ำยาเกาะพลาสติก),ทรัพย์สินไทย,12,480,5760,,2564-01-22,,ราคาที่ลง ยังไม่รวมภาษี,น้ำยาเกาะพลาสติก,งานสี,,1281
Plastic primer 1K matrix (น้ำยาเกาะพลาสติก),ทรัพย์สินไทย,24,480,11520,,2564-02-23,,ราคาที่ลง ยังไม่รวมภาษี,น้ำยาเกาะพลาสติก,งานสี,,1282
Plastic primer 1K matrix (น้ำยาเกาะพลาสติก),ทรัพย์สินไทย,24,480,11520,,2564-03-24,,ราคาที่ลง ยังไม่รวมภาษี,น้ำยาเกาะพลาสติก,งานสี,,1283
Plastic primer 1K matrix (น้ำยาเกาะพลาสติก),ทรัพย์สินไทย,12,480,5760,,2564-06-18,,ราคาที่ลง ยังไม่รวมภาษี,น้ำยาเกาะพลาสติก,งานสี,,1284
Plastic primer 1K matrix (น้ำยาเกาะพลาสติก),ทรัพย์สินไทย,24,480,11520,,2564-07-26,,ราคาที่ลง ยังไม่รวมภาษี,น้ำยาเกาะพลาสติก,งานสี,,1285
Plastic primer 1K matrix (น้ำยาเกาะพลาสติก),ทรัพย์สินไทย,12,480,5760,,2564-08-24,,ราคาที่ลง ยังไม่รวมภาษี,น้ำยาเกาะพลาสติก,งานสี,,1286
Plastic primer 1K matrix (น้ำยาเกาะพลาสติก),ทรัพย์สินไทย,12,480,5760,,2564-09-22,IV6409286,ราคาที่ลง ยังไม่รวมภาษี,น้ำยาเกาะพลาสติก,งานสี,,1287
Plastic primer 1K matrix (น้ำยาเกาะพลาสติก),ทรัพย์สินไทย,12,480,5760,,2564-11-23,IV6411321,ราคาที่ลง ยังไม่รวมภาษี,น้ำยาเกาะพลาสติก,งานสี,,1288
Plastic primer 1K matrix (น้ำยาเกาะพลาสติก),ทรัพย์สินไทย,12,480,5760,,2564-12-22,IV6412301,ราคาที่ลง ยังไม่รวมภาษี,น้ำยาเกาะพลาสติก,งานสี,,1289
Plastic primer 1K matrix (น้ำยาเกาะพลาสติก),ทรัพย์สินไทย,12,480,5760,,2565-01-21,IV6501226,ราคาที่ลง ยังไม่รวมภาษี,น้ำยาเกาะพลาสติก,งานสี,,1290
Plastic primer 1K matrix (น้ำยาเกาะพลาสติก),ทรัพย์สินไทย,12,480,5760,,2565-02-22,IV6502260,ราคาที่ลง ยังไม่รวมภาษี,น้ำยาเกาะพลาสติก,งานสี,,1291
Plastic primer 1K matrix (น้ำยาเกาะพลาสติก),ทรัพย์สินไทย,12,480,5760,,2565-03-23,IV6503299,ราคาที่ลง ยังไม่รวมภาษี,น้ำยาเกาะพลาสติก,งานสี,,1292
Plastic primer 1K matrix (น้ำยาเกาะพลาสติก),ทรัพย์สินไทย,12,480,5760,,2565-04-27,IV6504237,ราคาที่ลง ยังไม่รวมภาษี,น้ำยาเกาะพลาสติก,งานสี,,1293
Plastic primer 1K matrix (น้ำยาเกาะพลาสติก),ทรัพย์สินไทย,12,480,5760,,2565-05-25,IV6505292,ราคาที่ลง ยังไม่รวมภาษี,น้ำยาเกาะพลาสติก,งานสี,,1294
Plastic primer 1K matrix (น้ำยาเกาะพลาสติก),ทรัพย์สินไทย,12,480,5760,,2565-06-21,IV6506258,ราคาที่ลง ยังไม่รวมภาษี,น้ำยาเกาะพลาสติก,งานสี,,1295
Plastic primer 1K matrix (น้ำยาเกาะพลาสติก),ทรัพย์สินไทย,12,480,5760,,2565-06-27,IV6506338,ราคาที่ลง ยังไม่รวมภาษี,น้ำยาเกาะพลาสติก,งานสี,,1296
น้ำยาเกาะพลาสติก SPACE AX-9004,บจก. วีที คัลเลอร์ โปร,12,370,4440,,2565-07-20,IV099-65,ราคาที่ลง ยังไม่รวมภาษี,1ลัง = 12 กป.,งานสี,,1297
น้ำยาเกาะพลาสติก SPACE AX-9004,บจก. วีที คัลเลอร์ โปร,12,370,4440,,2565-08-02,IV116-65,ราคาที่ลง ยังไม่รวมภาษี,1ลัง = 12 กป.,งานสี,,1298
น้ำยาเกาะพลาสติก SPACE AX-9004,บจก. วีที คัลเลอร์ โปร,12,370,4440,,2565-08-24,IV147-65,ราคาที่ลง ยังไม่รวมภาษี,1ลัง = 12 กป.,งานสี,,1299
น้ำยาเกาะพลาสติก SPACE AX-9004,บจก. วีที คัลเลอร์ โปร,12,370,4440,,2565-09-07,IV167-65,ราคาที่ลง ยังไม่รวมภาษี,1ลัง = 12 กป.,งานสี,,1300
น้ำยาเกาะพลาสติก SPACE AX-9004,บจก. วีที คัลเลอร์ โปร,12,370,4440,,2565-09-20,IV183-65,ราคาที่ลง ยังไม่รวมภาษี,1ลัง = 12 กป.,งานสี,,1301
น้ำยาเกาะพลาสติก SPACE AX-9004,บจก. วีที คัลเลอร์ โปร,6,370,2220,,2565-10-15,IV214-65,ราคาที่ลง ยังไม่รวมภาษี,1ลัง = 12 กป.,งานสี,,1302
น้ำยาเกาะพลาสติก SPACE AX-9004,บจก. วีที คัลเลอร์ โปร,12,370,4440,,2565-10-25,IV227-65,ราคาที่ลง ยังไม่รวมภาษี,1ลัง = 12 กป.,งานสี,,1303
น้ำยาเกาะพลาสติก SPACE AX-9004,บจก. วีที คัลเลอร์ โปร,10,370,3700,,2565-11-11,IV259-65,ราคาที่ลง ยังไม่รวมภาษี,1ลัง = 12 กป.,งานสี,,1304
น้ำยาเกาะพลาสติก SPACE AX-9004,บจก. วีที คัลเลอร์ โปร,24,370,8880,,2565-11-23,IV275-65,ราคาที่ลง ยังไม่รวมภาษี,1ลัง = 12 กป.,งานสี,,1305
น้ำยาเกาะพลาสติก SPACE AX-9004,บจก. วีที คัลเลอร์ โปร,12,370,4440,,2565-12-19,IV318-65,ราคาที่ลง ยังไม่รวมภาษี,1ลัง = 12 กป.,งานสี,,1306
น้ำยาเกาะพลาสติก SPACE AX-9004,บจก. วีที คัลเลอร์ โปร,12,370,4440,,2566-01-20,IV042-66,ราคาที่ลง ยังไม่รวมภาษี,1ลัง = 12 กป.,งานสี,,1307
น้ำยาเกาะพลาสติก SPACE AX-9004,บจก. วีที คัลเลอร์ โปร,24,370,8880,,2566-02-22,IV114-66,ราคาที่ลง ยังไม่รวมภาษี,1ลัง = 12 กป.,งานสี,,1308
น้ำยาเกาะพลาสติก SPACE AX-9004,บจก. วีที คัลเลอร์ โปร,12,370,4440,,2566-03-23,IV177-66,ราคาที่ลง ยังไม่รวมภาษี,1ลัง = 12 กป.,งานสี,,1309
น้ำยาเกาะพลาสติก SPACE AX-9004,บจก. วีที คัลเลอร์ โปร,24,370,8880,,2566-04-24,IV226-66,ราคาที่ลง ยังไม่รวมภาษี,1ลัง = 12 กป.,งานสี,,1310
น้ำยาเกาะพลาสติก SPACE AX-9004,บจก. วีที คัลเลอร์ โปร,24,370,8880,,2566-06-24,IV354-66,ราคาที่ลง ยังไม่รวมภาษี,1ลัง = 12 กป.,งานสี,,1311
น้ำยาเกาะพลาสติก SPACE AX-9004,บจก. วีที คัลเลอร์ โปร,12,370,4440,,2566-07-10,IV387-66,ราคาที่ลง ยังไม่รวมภาษี,1ลัง = 12 กป.,งานสี,,1312
น้ำยาเกาะพลาสติก SPACE AX-9004,บจก. วีที คัลเลอร์ โปร,24,370,8880,,2566-07-27,IV425-66,ราคาที่ลง ยังไม่รวมภาษี,1ลัง = 12 กป.,งานสี,,1313
น้ำยาเกาะพลาสติก SPACE AX-9004,บจก. วีที คัลเลอร์ โปร,24,370,8880,,2566-08-21,IV470-66,ราคาที่ลง ยังไม่รวมภาษี,1ลัง = 12 กป.,งานสี,,1314
น้ำยาเกาะพลาสติก SPACE AX-9004,บจก. วีที คัลเลอร์ โปร,24,370,8880,,2566-09-22,IV542-66,ราคาที่ลง ยังไม่รวมภาษี,1ลัง = 12 กป.,งานสี,,1315
น้ำยาเกาะพลาสติก SPACE AX-9004,บจก. วีที คัลเลอร์ โปร,12,370,4440,,2566-10-21,IV685-66,ราคาที่ลง ยังไม่รวมภาษี,1ลัง = 12 กป.,งานสี,,1316
น้ำยาเกาะพลาสติก SPACE AX-9004,บจก. วีที คัลเลอร์ โปร,24,370,8880,,2566-10-24,IV620-66,ราคาที่ลง ยังไม่รวมภาษี,1ลัง = 12 กป.,งานสี,,1317
น้ำยาเกาะพลาสติก SPACE AX-9004,บจก. วีที คัลเลอร์ โปร,12,370,4440,,2566-12-21,IV764-66,ราคาที่ลง ยังไม่รวมภาษี,1ลัง = 12 กป.,งานสี,,1318
น้ำยาเกาะพลาสติก SPACE AX-9004,บจก. วีที คัลเลอร์ โปร,12,370,4440,,2567-01-24,IV6701080,ราคาที่ลง ยังไม่รวมภาษี,1ลัง = 12 กป.,งานสี,,1319
น้ำยาเกาะพลาสติก SPACE AX-9004,บจก. วีที คัลเลอร์ โปร,24,370,8880,,2567-02-26,IV6702104,ราคาที่ลง ยังไม่รวมภาษี,1ลัง = 12 กป.,งานสี,,1320
น้ำยาเกาะพลาสติก SPACE AX-9004,บจก. วีที คัลเลอร์ โปร,12,370,4440,,2567-05-21,IV6705105,ราคาที่ลง ยังไม่รวมภาษี,1ลัง = 12 กป.,งานสี,,1321
น้ำยาเกาะพลาสติก SPACE AX-9004,บจก. วีที คัลเลอร์ โปร,24,370,8880,,2567-03-19,IV6703087,ราคาที่ลง ยังไม่รวมภาษี,1ลัง = 12 กป.,งานสี,,1322
น้ำยาเกาะพลาสติก SPACE AX-9004,บจก. วีที คัลเลอร์ โปร,16,370,5920,,2567-06-21,IV6706124,ราคาที่ลง ยังไม่รวมภาษี,1ลัง = 12 กป.,งานสี,,1323
น้ำยาเกาะพลาสติก SPACE AX-9004,บจก. วีที คัลเลอร์ โปร,20,370,7400,,2567-07-23,IV6707131,ราคาที่ลง ยังไม่รวมภาษี,1ลัง = 12 กป.,งานสี,,1324
น้ำยาเกาะพลาสติก SPACE AX-9004,บจก. วีที คัลเลอร์ โปร,12,370,4440,,2567-08-23,IV6708117,ราคาที่ลง ยังไม่รวมภาษี,1ลัง = 12 กป.,งานสี,,1325
น้ำยาเกาะพลาสติก SPACE AX-9004,บจก. วีที คัลเลอร์ โปร,12,370,4440,,2567-09-24,IV6709123,ราคาที่ลง ยังไม่รวมภาษี,1ลัง = 12 กป.,งานสี,,1326
น้ำยาเกาะพลาสติก SPACE AX-9004,บจก. วีที คัลเลอร์ โปร,12,370,4440,,2567-10-21,IV6710109,ราคาที่ลง ยังไม่รวมภาษี,1ลัง = 12 กป.,งานสี,,1327
น้ำยาเกาะพลาสติก SPACE AX-9004,บจก. วีที คัลเลอร์ โปร,12,370,4440,,2567-11-19,IV6711104,ราคาที่ลง ยังไม่รวมภาษี,1ลัง = 12 กป.,งานสี,,1328
น้ำยาเกาะพลาสติก SPACE AX-9004,บจก. วีที คัลเลอร์ โปร,12,370,4440,,2567-12-18,IV6712085,ราคาที่ลง ยังไม่รวมภาษี,1ลัง = 12 กป.,งานสี,,1329
น้ำยาเกาะพลาสติก SPACE AX-9004,บจก. วีที คัลเลอร์ โปร,15,395.9,5938.5,,2568-01-21,IV6801106,ราคารวม VAT แล้ว,1ลัง = 12 กป.,งานสี,,1330
น้ำยาเกาะพลาสติก SPACE AX-9004,บจก. วีที คัลเลอร์ โปร,20,395.9,7918,,2568-02-24,IV6802145,ราคารวม VAT แล้ว,1ลัง = 12 กป.,งานสี,,1331
น้ำยาเกาะพลาสติก SPACE AX-9004,บจก. วีที คัลเลอร์ โปร,20,395.9,7918,,2568-03-26,IV6803172,ราคารวม VAT แล้ว,1ลัง = 12 กป.,งานสี,,1332
น้ำยาเกาะพลาสติก SPACE AX-9004,บจก. วีที คัลเลอร์ โปร,12,370,4750.8,4440.0,2568-06-13,IV6806091,,1ลัง = 12 กป.,งานสี,0.07,1333
น้ำยาเกาะพลาสติก SPACE AX-9004,บจก. วีที คัลเลอร์ โปร,12,370,4750.8,4440.0,2568-06-26,IV6806175,,1ลัง = 12 กป.,งานสี,0.07,1334
น้ำยาเกาะพลาสติก SPACE AX-9004,บจก. วีที คัลเลอร์ โปร,15,370,5938.5,5550.0,2568-07-21,IV6807163,,1ลัง = 12 กป.,งานสี,0.07,1335
น้ำยาเกาะพลาสติก SPACE AX-9004,บจก. วีที คัลเลอร์ โปร,12,370,4750.8,4440.0,2568-08-19,IV6808112,,1ลัง = 12 กป.,งานสี,0.07,1336
น้ำยาเกาะพลาสติก SPACE AX-9004,บจก. วีที คัลเลอร์ โปร,12,350,4494,4200.0,2568-09-17,IV6809124,,1ลัง = 12 กป.,งานสี,0.07,1337
น้ำยาเกาะพลาสติก SPACE AX-9004,บจก. วีที คัลเลอร์ โปร,24,340,8731.2,8160.0,2568-10-18,IV6810120,ราคาที่ลง ยังไม่รวมภาษี,1ลัง = 12 กป.,งานสี,,1338
น้ำยาเกาะพลาสติก SPACE AX-9004,บจก. วีที คัลเลอร์ โปร,12,350,4494,4200.0,2568-12-17,IV6812124,,1ลัง = 12 กป.,งานสี,0.07,1339
สีโป๊ว Body Fine 1K,ทรัพย์สินไทย,6,320,1920,,2562-05-24,,ราคาที่ลง ยังไม่รวมภาษี,สีโป๊ว,งานสี,,1340
สีโป๊ว Body Fine 1K,ทรัพย์สินไทย,4,320,1280,,2562-08-26,,ราคาที่ลง ยังไม่รวมภาษี,สีโป๊ว,งานสี,,1341
สีโป๊ว Body Fine 1K,ทรัพย์สินไทย,6,320,1920,,2563-02-20,,ราคาที่ลง ยังไม่รวมภาษี,สีโป๊ว,งานสี,,1342
สีโป๊ว Body Fine 1K,ทรัพย์สินไทย,3,320,960,,2563-06-25,,ราคาที่ลง ยังไม่รวมภาษี,สีโป๊ว,งานสี,,1343
สีโป๊ว Body Fine 1K,ทรัพย์สินไทย,3,320,960,,2563-07-24,,ราคาที่ลง ยังไม่รวมภาษี,สีโป๊ว,งานสี,,1344
สีโป๊ว Body Fine 1K,ทรัพย์สินไทย,3,320,960,,2563-10-21,,ราคาที่ลง ยังไม่รวมภาษี,สีโป๊ว,งานสี,,1345
สีโป๊ว Body Fine 1K,ทรัพย์สินไทย,4,320,1280,,2564-03-24,,ราคาที่ลง ยังไม่รวมภาษี,สีโป๊ว,งานสี,,1346
สีโป๊ว Body Fine 1K,ทรัพย์สินไทย,4,320,1280,,2564-11-23,IV6411321,ราคาที่ลง ยังไม่รวมภาษี,สีโป๊ว,งานสี,,1347
สีโป๊ว Body Fine 1K,ทรัพย์สินไทย,2,320,640,,2565-03-23,IV6503299,ราคาที่ลง ยังไม่รวมภาษี,สีโป๊ว,งานสี,,1348
สีโป๊ว 2K (A1/B1),ทรัพย์สินไทย,36,320,11520,,2562-08-28,,ราคาที่ลง ยังไม่รวมภาษี,สีโป๊ว,งานสี,,1349
สีโป๊ว 2K (A1/B1),ทรัพย์สินไทย,20,320,6400,,2562-09-24,,ราคาที่ลง ยังไม่รวมภาษี,สีโป๊ว,งานสี,,1350
สีโป๊ว 2K (A1/B1) + น้ำยา,ทรัพย์สินไทย,36,400,14400,,2563-02-20,,ราคาที่ลง ยังไม่รวมภาษี,สีโป๊ว,งานสี,,1351
สีโป๊ว 2K (A1/B1) + น้ำยา,ทรัพย์สินไทย,4,400,1600,,2563-02-21,,ราคาที่ลง ยังไม่รวมภาษี,สีโป๊ว,งานสี,,1352
สีโป๊ว 2K (A1/B1) + น้ำยา,ทรัพย์สินไทย,30,400,12000,,2563-03-24,,ราคาที่ลง ยังไม่รวมภาษี,สีโป๊ว,งานสี,,1353
สีโป๊ว 2K (A1/B1) + น้ำยา,ทรัพย์สินไทย,30,400,12000,,2563-04-23,,ราคาที่ลง ยังไม่รวมภาษี,สีโป๊ว,งานสี,,1354
สีโป๊ว 2K (A1/B1) + น้ำยา,ทรัพย์สินไทย,30,400,12000,,2563-06-25,,ราคาที่ลง ยังไม่รวมภาษี,สีโป๊ว,งานสี,,1355
สีโป๊ว 2K (A1/B1) + น้ำยา,ทรัพย์สินไทย,28,400,11200,,2563-07-24,,ราคาที่ลง ยังไม่รวมภาษี,สีโป๊ว,งานสี,,1356
สีโป๊ว 2K (A1/B1) + น้ำยา,ทรัพย์สินไทย,30,400,12000,,2563-08-24,,ราคาที่ลง ยังไม่รวมภาษี,สีโป๊ว,งานสี,,1357
สีโป๊ว 2K (A1/B1) + น้ำยา,ทรัพย์สินไทย,20,400,8000,,2563-10-21,,ราคาที่ลง ยังไม่รวมภาษี,สีโป๊ว,งานสี,,1358
สีโป๊ว 2K (A1/B1) + น้ำยา,ทรัพย์สินไทย,28,400,11200,,2563-11-22,,ราคาที่ลง ยังไม่รวมภาษี,สีโป๊ว,งานสี,,1359
สีโป๊ว 2K (A1/B1) + น้ำยา,ทรัพย์สินไทย,24,400,9600,,2563-11-25,,ราคาที่ลง ยังไม่รวมภาษี,สีโป๊ว,งานสี,,1360
สีโป๊ว 2K (A1/B1) + น้ำยา,ทรัพย์สินไทย,20,400,8000,,2563-12-21,,ราคาที่ลง ยังไม่รวมภาษี,สีโป๊ว,งานสี,,1361
สีโป๊ว 2K (A1/B1) + น้ำยา,ทรัพย์สินไทย,32,400,12800,,2564-01-22,,ราคาที่ลง ยังไม่รวมภาษี,สีโป๊ว,งานสี,,1362
สีโป๊ว 2K (A1/B1) + น้ำยา,ทรัพย์สินไทย,20,400,8000,,2564-02-23,,ราคาที่ลง ยังไม่รวมภาษี,สีโป๊ว,งานสี,,1363
สีโป๊ว 2K (A1/B1) + น้ำยา,ทรัพย์สินไทย,28,400,11200,,2564-03-24,,ราคาที่ลง ยังไม่รวมภาษี,สีโป๊ว,งานสี,,1364
สีโป๊ว 2K (A1/B1) + น้ำยา,ทรัพย์สินไทย,32,400,12800,,2564-09-22,IV6409286,ราคาที่ลง ยังไม่รวมภาษี,สีโป๊ว,งานสี,,1365
สีโป๊ว 2K (A1/B1) + น้ำยา,ทรัพย์สินไทย,32,420,13440,,2564-11-23,IV6411321,ราคาที่ลง ยังไม่รวมภาษี,สีโป๊ว,งานสี,,1366
สีโป๊ว 2K (A1/B1) + น้ำยา,ทรัพย์สินไทย,30,420,12600,,2565-01-21,IV6501226,ราคาที่ลง ยังไม่รวมภาษี,สีโป๊ว,งานสี,,1367
สีโป๊ว 2K (A1/B1) + น้ำยา,ทรัพย์สินไทย,20,420,8400,,2565-02-22,IV6502260,ราคาที่ลง ยังไม่รวมภาษี,สีโป๊ว,งานสี,,1368
สีโป๊ว 2K (A1/B1) + น้ำยา,ทรัพย์สินไทย,20,420,8400,,2565-03-23,IV6503299,ราคาที่ลง ยังไม่รวมภาษี,สีโป๊ว,งานสี,,1369
สีโป๊ว 2K (A1/B1) + น้ำยา,ทรัพย์สินไทย,20,420,8400,,2565-05-25,IV6505292,ราคาที่ลง ยังไม่รวมภาษี,สีโป๊ว,งานสี,,1370
สีโป๊ว 2K (A1/B1) + น้ำยา,ทรัพย์สินไทย,20,420,8400,,2565-06-27,IV6506338,ราคาที่ลง ยังไม่รวมภาษี,สีโป๊ว,งานสี,,1371
สีโป๊ว 2K (น้ำยาชมพู) LEZZON RE749 -- พร้อมน้ำยาสีโป๊วชมพู 2K E-162,บจก. วีที คัลเลอร์ โปร,20,400,8000,,2565-08-24,IV147-65,ราคาที่ลง ยังไม่รวมภาษี,สีโป๊ว,งานสี,,1372
สีโป๊ว LEZZON RE749,บจก. วีที คัลเลอร์ โปร,20,360,7200,,2565-09-20,IV183-65,ราคาที่ลง ยังไม่รวมภาษี,1ลัง = 4ชุด,งานสี,,1373
สีโป๊ว LEZZON RE749,บจก. วีที คัลเลอร์ โปร,20,360,7200,,2565-10-25,IV227-65,ราคาที่ลง ยังไม่รวมภาษี,1ลัง = 4ชุด,งานสี,,1374
สีโป๊ว LEZZON RE749,บจก. วีที คัลเลอร์ โปร,20,360,7200,,2565-11-23,IV275-65,ราคาที่ลง ยังไม่รวมภาษี,1ลัง = 4ชุด,งานสี,,1375
สีโป๊ว LEZZON RE749,บจก. วีที คัลเลอร์ โปร,20,360,7200,,2565-12-19,IV318-65,ราคาที่ลง ยังไม่รวมภาษี,1ลัง = 4ชุด,งานสี,,1376
สีโป๊ว LEZZON RE749,บจก. วีที คัลเลอร์ โปร,20,360,7200,,2566-01-20,IV042-66,ราคาที่ลง ยังไม่รวมภาษี,1ลัง = 4ชุด,งานสี,,1377
สีโป๊ว LEZZON RE749,บจก. วีที คัลเลอร์ โปร,20,360,7200,,2566-02-22,IV114-66,ราคาที่ลง ยังไม่รวมภาษี,1ลัง = 4ชุด,งานสี,,1378
สีโป๊ว LEZZON RE749,บจก. วีที คัลเลอร์ โปร,20,360,7200,,2566-03-23,IV177-66,ราคาที่ลง ยังไม่รวมภาษี,1ลัง = 4ชุด,งานสี,,1379
สีโป๊ว LEZZON RE749,บจก. วีที คัลเลอร์ โปร,20,360,7200,,2566-04-24,IV226-66,ราคาที่ลง ยังไม่รวมภาษี,1ลัง = 4ชุด,งานสี,,1380
สีโป๊ว LEZZON RE749,บจก. วีที คัลเลอร์ โปร,20,360,7200,,2566-06-24,IV354-66,ราคาที่ลง ยังไม่รวมภาษี,1ลัง = 4ชุด,งานสี,,1381
สีโป๊ว LEZZON RE749,บจก. วีที คัลเลอร์ โปร,28,360,10080,,2566-07-27,IV425-66,ราคาที่ลง ยังไม่รวมภาษี,1ลัง = 4ชุด,งานสี,,1382
สีโป๊ว LEZZON RE749,บจก. วีที คัลเลอร์ โปร,20,360,7200,,2566-08-21,IV470-66,ราคาที่ลง ยังไม่รวมภาษี,1ลัง = 4ชุด,งานสี,,1383
สีโป๊ว LEZZON RE749,บจก. วีที คัลเลอร์ โปร,20,360,7200,,2566-09-22,IV542-66,ราคาที่ลง ยังไม่รวมภาษี,1ลัง = 4ชุด,งานสี,,1384
สีโป๊ว LEZZON RE749,บจก. วีที คัลเลอร์ โปร,20,360,7200,,2566-10-21,IV685-66,ราคาที่ลง ยังไม่รวมภาษี,1ลัง = 4ชุด,งานสี,,1385
สีโป๊ว LEZZON RE749,บจก. วีที คัลเลอร์ โปร,20,360,7200,,2566-10-24,IV620-66,ราคาที่ลง ยังไม่รวมภาษี,1ลัง = 4ชุด,งานสี,,1386
สีโป๊ว LEZZON RE749,บจก. วีที คัลเลอร์ โปร,20,360,7200,,2566-12-21,IV764-66,ราคาที่ลง ยังไม่รวมภาษี,1ลัง = 4ชุด,งานสี,,1387
สีโป๊ว LEZZON RE749,บจก. วีที คัลเลอร์ โปร,20,360,7200,,2567-01-24,IV6701080,ราคาที่ลง ยังไม่รวมภาษี,1ลัง = 4ชุด,งานสี,,1388
สีโป๊ว LEZZON RE749,บจก. วีที คัลเลอร์ โปร,20,360,7200,,2567-02-26,IV6702104,ราคาที่ลง ยังไม่รวมภาษี,1ลัง = 4ชุด,งานสี,,1389
สีโป๊ว LEZZON RE749,บจก. วีที คัลเลอร์ โปร,20,360,7200,,2567-03-19,IV6703087,ราคาที่ลง ยังไม่รวมภาษี,1ลัง = 4ชุด,งานสี,,1390
สีโป๊ว LEZZON RE749,บจก. วีที คัลเลอร์ โปร,20,360,7200,,2567-04-22,IV6704071,ราคาที่ลง ยังไม่รวมภาษี,1ลัง = 4ชุด,งานสี,,1391
สีโป๊ว LEZZON RE749,บจก. วีที คัลเลอร์ โปร,20,360,7200,,2567-05-21,IV6705105,ราคาที่ลง ยังไม่รวมภาษี,1ลัง = 4ชุด,งานสี,,1392
สีโป๊ว LEZZON RE749,บจก. วีที คัลเลอร์ โปร,20,360,7200,,2567-06-21,IV6706124,ราคาที่ลง ยังไม่รวมภาษี,1ลัง = 4ชุด,งานสี,,1393
สีโป๊ว LEZZON RE749,บจก. วีที คัลเลอร์ โปร,20,360,7200,,2567-07-27,IV6707131,ราคาที่ลง ยังไม่รวมภาษี,1ลัง = 4ชุด,งานสี,,1394
สีโป๊ว LEZZON RE749,บจก. วีที คัลเลอร์ โปร,20,360,7200,,2567-08-23,IV6708117,ราคาที่ลง ยังไม่รวมภาษี,1ลัง = 4ชุด,งานสี,,1395
สีโป๊ว LEZZON RE749,บจก. วีที คัลเลอร์ โปร,20,360,7200,,2567-09-24,IV6709123,ราคาที่ลง ยังไม่รวมภาษี,1ลัง = 4ชุด,งานสี,,1396
สีโป๊ว LEZZON RE749,บจก. วีที คัลเลอร์ โปร,20,360,7200,,2567-10-21,IV6710109,ราคาที่ลง ยังไม่รวมภาษี,1ลัง = 4ชุด,งานสี,,1397
สีโป๊ว LEZZON RE749,บจก. วีที คัลเลอร์ โปร,20,360,7200,,2567-11-19,IV6711104,ราคาที่ลง ยังไม่รวมภาษี,1ลัง = 4ชุด,งานสี,,1398
สีโป๊ว LEZZON RE749,บจก. วีที คัลเลอร์ โปร,20,360,7200,,2567-12-18,IV6712085,ราคาที่ลง ยังไม่รวมภาษี,1ลัง = 4ชุด,งานสี,,1399
สีโป๊ว LEZZON RE749,บจก. วีที คัลเลอร์ โปร,20,385.2,7704,,2568-01-21,IV6801106,ราคารวม VAT แล้ว,1ลัง = 4ชุด,งานสี,,1400
สีโป๊ว LEZZON RE749,บจก. วีที คัลเลอร์ โปร,20,385.2,7704,,2568-02-24,IV6802145,ราคารวม VAT แล้ว,1ลัง = 4ชุด,งานสี,,1401
สีโป๊ว LEZZON RE749,บจก. วีที คัลเลอร์ โปร,20,385.2,7704,,2568-03-26,IV6803172,ราคารวม VAT แล้ว,1ลัง = 4ชุด,งานสี,,1402
สีโป๊ว LEZZON RE749,บจก. วีที คัลเลอร์ โปร,20,360,7704,7200.0,2568-06-13,IV6806091,,1ลัง = 4ชุด,งานสี,0.07,1403
สีโป๊ว LEZZON RE749,บจก. วีที คัลเลอร์ โปร,20,360,7704,7200.0,2568-06-26,IV6806175,,1ลัง = 4ชุด,งานสี,0.07,1404
สีโป๊ว LEZZON RE749,บจก. วีที คัลเลอร์ โปร,20,360,7704,7200.0,2568-07-21,IV6807158,,1ลัง = 4ชุด,งานสี,0.07,1405
สีโป๊ว LEZZON RE749,บจก. วีที คัลเลอร์ โปร,12,360,4622.4,4320.0,2568-08-19,IV6808112,,1ลัง = 4ชุด,งานสี,0.07,1406
สีโป๊ว LEZZON RE749,บจก. วีที คัลเลอร์ โปร,20,360,7704,7200.0,2568-09-17,IV6809124,,1ลัง = 4ชุด,งานสี,0.07,1407
สีโป๊ว LEZZON RE749,บจก. วีที คัลเลอร์ โปร,24,360,9244.8,8640.0,2568-10-24,IV6810152,ราคาที่ลง ยังไม่รวมภาษี,1ลัง = 4ชุด,งานสี,,1408
สีโป๊ว LEZZON RE749,บจก. วีที คัลเลอร์ โปร,24,360,9244.8,8640.0,2568-12-17,IV6812124,,1ลัง = 4ชุด,งานสี,0.07,1409
ฮาร์ดเดนเนอร์ LEZZON 162,บจก. วีที คัลเลอร์ โปร,20,40,800,,2565-09-20,IV183-65,ราคาที่ลง ยังไม่รวมภาษี,1ลัง = 4ชุด,งานสี,,1410
ฮาร์ดเดนเนอร์ LEZZON 162,บจก. วีที คัลเลอร์ โปร,20,40,800,,2565-10-25,IV227-65,ราคาที่ลง ยังไม่รวมภาษี,1ลัง = 4ชุด,งานสี,,1411
ฮาร์ดเดนเนอร์ LEZZON 162,บจก. วีที คัลเลอร์ โปร,20,40,800,,2565-11-23,IV275-65,ราคาที่ลง ยังไม่รวมภาษี,1ลัง = 4ชุด,งานสี,,1412
ฮาร์ดเดนเนอร์ LEZZON 162,บจก. วีที คัลเลอร์ โปร,20,40,800,,2565-12-19,IV318-65,ราคาที่ลง ยังไม่รวมภาษี,1ลัง = 4ชุด,งานสี,,1413
ฮาร์ดเดนเนอร์ LEZZON 162,บจก. วีที คัลเลอร์ โปร,20,40,800,,2566-01-20,IV042-66,ราคาที่ลง ยังไม่รวมภาษี,1ลัง = 4ชุด,งานสี,,1414
ฮาร์ดเดนเนอร์ LEZZON 162,บจก. วีที คัลเลอร์ โปร,20,40,800,,2566-02-22,IV114-66,ราคาที่ลง ยังไม่รวมภาษี,1ลัง = 4ชุด,งานสี,,1415
ฮาร์ดเดนเนอร์ LEZZON 162,บจก. วีที คัลเลอร์ โปร,20,40,800,,2566-03-23,IV177-66,ราคาที่ลง ยังไม่รวมภาษี,1ลัง = 4ชุด,งานสี,,1416
ฮาร์ดเดนเนอร์ LEZZON 162,บจก. วีที คัลเลอร์ โปร,20,40,800,,2566-04-24,IV226-66,ราคาที่ลง ยังไม่รวมภาษี,1ลัง = 4ชุด,งานสี,,1417
ฮาร์ดเดนเนอร์ LEZZON 162,บจก. วีที คัลเลอร์ โปร,20,40,800,,2566-06-24,IV354-66,ราคาที่ลง ยังไม่รวมภาษี,1ลัง = 4ชุด,งานสี,,1418
ฮาร์ดเดนเนอร์ LEZZON 162,บจก. วีที คัลเลอร์ โปร,28,40,1120,,2566-07-27,IV425-66,ราคาที่ลง ยังไม่รวมภาษี,1ลัง = 4ชุด,งานสี,,1419
ฮาร์ดเดนเนอร์ LEZZON 162,บจก. วีที คัลเลอร์ โปร,20,40,800,,2566-08-21,IV470-66,ราคาที่ลง ยังไม่รวมภาษี,1ลัง = 4ชุด,งานสี,,1420
ฮาร์ดเดนเนอร์ LEZZON 162,บจก. วีที คัลเลอร์ โปร,20,40,800,,2566-09-22,IV542-66,ราคาที่ลง ยังไม่รวมภาษี,1ลัง = 4ชุด,งานสี,,1421
ฮาร์ดเดนเนอร์ LEZZON 162,บจก. วีที คัลเลอร์ โปร,20,40,800,,2566-10-21,IV685-66,ราคาที่ลง ยังไม่รวมภาษี,1ลัง = 4ชุด,งานสี,,1422
ฮาร์ดเดนเนอร์ LEZZON 162,บจก. วีที คัลเลอร์ โปร,20,40,800,,2566-10-24,IV620-66,ราคาที่ลง ยังไม่รวมภาษี,1ลัง = 4ชุด,งานสี,,1423
ฮาร์ดเดนเนอร์ LEZZON 162,บจก. วีที คัลเลอร์ โปร,20,40,800,,2566-12-21,IV764-66,ราคาที่ลง ยังไม่รวมภาษี,1ลัง = 4ชุด,งานสี,,1424
ฮาร์ดเดนเนอร์ LEZZON 162 (ขนาด50กรัม),บจก. วีที คัลเลอร์ โปร,40,20,800,,2567-01-24,IV6701080,ราคาที่ลง ยังไม่รวมภาษี,1ลัง = 4ชุด,งานสี,,1425
ฮาร์ดเดนเนอร์ LEZZON 162,บจก. วีที คัลเลอร์ โปร,20,40,800,,2567-02-26,IV6702104,ราคาที่ลง ยังไม่รวมภาษี,1ลัง = 4ชุด,งานสี,,1426
ฮาร์ดเดนเนอร์ LEZZON 162,บจก. วีที คัลเลอร์ โปร,20,40,800,,2567-03-19,IV6703087,ราคาที่ลง ยังไม่รวมภาษี,1ลัง = 4ชุด,งานสี,,1427
ฮาร์ดเดนเนอร์ LEZZON 162,บจก. วีที คัลเลอร์ โปร,20,40,800,,2567-04-22,IV6704071,ราคาที่ลง ยังไม่รวมภาษี,1ลัง = 4ชุด,งานสี,,1428
ฮาร์ดเดนเนอร์ LEZZON 162,บจก. วีที คัลเลอร์ โปร,20,40,800,,2567-05-21,IV6705105,ราคาที่ลง ยังไม่รวมภาษี,1ลัง = 4ชุด,งานสี,,1429
ฮาร์ดเดนเนอร์ LEZZON 162,บจก. วีที คัลเลอร์ โปร,20,40,800,,2567-06-21,IV6706124,ราคาที่ลง ยังไม่รวมภาษี,1ลัง = 4ชุด,งานสี,,1430
ฮาร์ดเดนเนอร์ LEZZON 162,บจก. วีที คัลเลอร์ โปร,20,40,800,,2567-07-23,IV6707131,ราคาที่ลง ยังไม่รวมภาษี,1ลัง = 4ชุด,งานสี,,1431
ฮาร์ดเดนเนอร์ LEZZON 162,บจก. วีที คัลเลอร์ โปร,20,40,800,,2567-08-23,IV6708117,ราคาที่ลง ยังไม่รวมภาษี,1ลัง = 4ชุด,งานสี,,1432
ฮาร์ดเดนเนอร์ LEZZON 162,บจก. วีที คัลเลอร์ โปร,20,40,800,,2567-09-24,IV6709123,ราคาที่ลง ยังไม่รวมภาษี,1ลัง = 4ชุด,งานสี,,1433
ฮาร์ดเดนเนอร์ LEZZON 162,บจก. วีที คัลเลอร์ โปร,20,40,800,,2567-10-21,IV6710109,ราคาที่ลง ยังไม่รวมภาษี,1ลัง = 4ชุด,งานสี,,1434
ฮาร์ดเดนเนอร์ LEZZON 162,บจก. วีที คัลเลอร์ โปร,20,40,800,,2567-11-19,IV6711104,ราคาที่ลง ยังไม่รวมภาษี,1ลัง = 4ชุด,งานสี,,1435
ฮาร์ดเดนเนอร์ LEZZON 162,บจก. วีที คัลเลอร์ โปร,20,40,800,,2567-12-18,IV6712085,ราคาที่ลง ยังไม่รวมภาษี,1ลัง = 4ชุด,งานสี,,1436
ฮาร์ดเดนเนอร์ LEZZON 162,บจก. วีที คัลเลอร์ โปร,20,42.8,856,,2568-01-21,IV6801106,ราคารวม VAT แล้ว,1ลัง = 4ชุด,งานสี,,1437
ฮาร์ดเดนเนอร์ LEZZON 162,บจก. วีที คัลเลอร์ โปร,20,42.8,856,,2568-02-24,IV6802145,ราคารวม VAT แล้ว,1ลัง = 4ชุด,งานสี,,1438
ฮาร์ดเดนเนอร์ LEZZON 162,บจก. วีที คัลเลอร์ โปร,20,42.8,856,,2568-03-26,IV6803172,ราคารวม VAT แล้ว,1ลัง = 4ชุด,งานสี,,1439
ฮาร์ดเดนเนอร์ LEZZON 162,บจก. วีที คัลเลอร์ โปร,20,40,856,800.0,2568-06-13,IV6806091,,1ลัง = 4ชุด,งานสี,0.07,1440
ฮาร์ดเดนเนอร์ LEZZON 162,บจก. วีที คัลเลอร์ โปร,20,40,856,800.0,2568-06-26,IV6806175,,1ลัง = 4ชุด,งานสี,0.07,1441
ฮาร์ดเดนเนอร์ LEZZON 162,บจก. วีที คัลเลอร์ โปร,20,40,856,800.0,2568-07-21,IV6807158,,1ลัง = 4ชุด,งานสี,0.07,1442
ฮาร์ดเดนเนอร์ LEZZON 162,บจก. วีที คัลเลอร์ โปร,12,40,513.6,480.0,2568-08-19,IV6808112,,1ลัง = 4ชุด,งานสี,0.07,1443
ฮาร์ดเดนเนอร์ LEZZON 162,บจก. วีที คัลเลอร์ โปร,20,40,856,800.0,2568-09-17,IV6809124,,1ลัง = 4ชุด,งานสี,0.07,1444
ฮาร์ดเดนเนอร์ LEZZON 162,บจก. วีที คัลเลอร์ โปร,24,40,1027.2,960.0,2568-10-24,IV6810152,ราคาที่ลง ยังไม่รวมภาษี,1ลัง = 4ชุด,งานสี,,1445
ฮาร์ดเดนเนอร์ LEZZON 162,บจก. วีที คัลเลอร์ โปร,24,40,1027.2,960.0,2568-12-17,IV6812124,,1ลัง = 4ชุด,งานสี,0.07,1446
ฮาร์ดเดนเนอร์ LEZZON 4122,บจก. วีที คัลเลอร์ โปร,12,220,2824.8,2640.0,2568-04-01,IV6804015,,1ลัง = 4ชุด,งานสี,,1447
สีโป๊วเก็บรอย BODY,บจก. วีที คัลเลอร์ โปร,2,320,640,,2565-08-24,IV147-65,ราคาที่ลง ยังไม่รวมภาษี,สีโป๊วเก็บรอย,งานสี,,1448
สีโป๊วเก็บรอย BODY,บจก. วีที คัลเลอร์ โปร,2,320,640,,2567-01-24,IV6701080,ราคาที่ลง ยังไม่รวมภาษี,สีโป๊วเก็บรอย,งานสี,,1449
สีโป๊วเก็บรอย BODY,บจก. วีที คัลเลอร์ โปร,2,320,640,,2567-07-23,IV6707131,ราคาที่ลง ยังไม่รวมภาษี,สีโป๊วเก็บรอย,งานสี,,1450
สีโป๊วเก็บรอย BODY,บจก. วีที คัลเลอร์ โปร,2,320,640,,2567-08-23,IV6708117,ราคาที่ลง ยังไม่รวมภาษี,สีโป๊วเก็บรอย,งานสี,,1451
สีโป๊วเก็บรอย BODY,บจก. วีที คัลเลอร์ โปร,3,320,1027.2,960.0,2568-06-26,IV6806175,ราคาที่ระบุ ยังไม่รวม VAT7%,สีโป๊วเก็บรอย,งานสี,0.07,1452
สีโป๊วเก็บรอย BODY,บจก. วีที คัลเลอร์ โปร,6,320,2054.4,1920.0,2568-11-04,IV6811032,ราคาที่ระบุ ยังไม่รวม VAT7%,สีโป๊วเก็บรอย,งานสี,0.07,1453
สีโป๊วไฟเบอร์ BODY F250 bodyfiber (พร้อมตัวเร่ง),บจก. วีที คัลเลอร์ โปร,4,360,1440,,2565-09-20,IV183-65,ราคาที่ลง ยังไม่รวมภาษี,สีโป๊วไฟเบอร์,งานสี,,1454
สีโป๊วไฟเบอร์ BODY F250 bodyfiber (พร้อมตัวเร่ง),บจก. วีที คัลเลอร์ โปร,2,360,720,,2566-01-17,IV036-66,ราคาที่ลง ยังไม่รวมภาษี,สีโป๊วไฟเบอร์,งานสี,,1455
สีโป๊วไฟเบอร์ BODY F250 bodyfiber (พร้อมตัวเร่ง),บจก. วีที คัลเลอร์ โปร,2,360,720,,2566-03-10,IV150-66,ราคาที่ลง ยังไม่รวมภาษี,สีโป๊วไฟเบอร์,งานสี,,1456
สีโป๊วไฟเบอร์ BODY F250 bodyfiber (พร้อมตัวเร่ง),บจก. วีที คัลเลอร์ โปร,3,360,1080,,2566-06-14,IV336-66,ราคาที่ลง ยังไม่รวมภาษี,สีโป๊วไฟเบอร์,งานสี,,1457
สีโป๊วไฟเบอร์ BODY F250 bodyfiber (พร้อมตัวเร่ง),บจก. วีที คัลเลอร์ โปร,3,360,1080,,2566-09-08,IV516-66,ราคาที่ลง ยังไม่รวมภาษี,สีโป๊วไฟเบอร์,งานสี,,1458
สีโป๊วไฟเบอร์ BODY F250 bodyfiber (พร้อมตัวเร่ง),บจก. วีที คัลเลอร์ โปร,4,360,1440,,2566-10-06,IV575-66,ราคาที่ลง ยังไม่รวมภาษี,สีโป๊วไฟเบอร์,งานสี,,1459
สีโป๊วไฟเบอร์ BODY F250 bodyfiber (พร้อมตัวเร่ง),บจก. วีที คัลเลอร์ โปร,4,360,1440,,2566-10-21,IV685-66,ราคาที่ลง ยังไม่รวมภาษี,สีโป๊วไฟเบอร์,งานสี,,1460
สีโป๊วไฟเบอร์ BODY F250 bodyfiber (พร้อมตัวเร่ง),บจก. วีที คัลเลอร์ โปร,4,360,1440,,2567-01-24,IV6701080,ราคาที่ลง ยังไม่รวมภาษี,สีโป๊วไฟเบอร์,งานสี,,1461
สีโป๊วไฟเบอร์ BODY F250 bodyfiber (พร้อมตัวเร่ง),บจก. วีที คัลเลอร์ โปร,6,360,2160,,2567-03-19,IV6703089,ราคาที่ลง ยังไม่รวมภาษี,สีโป๊วไฟเบอร์,งานสี,,1462
สีโป๊วไฟเบอร์ BODY F250 bodyfiber (พร้อมตัวเร่ง),บจก. วีที คัลเลอร์ โปร,4,360,1440,,2567-07-11,IV6707083,ราคาที่ลง ยังไม่รวมภาษี,สีโป๊วไฟเบอร์,งานสี,,1463
สีโป๊วไฟเบอร์ BODY F250 bodyfiber (พร้อมตัวเร่ง),บจก. วีที คัลเลอร์ โปร,2,360,720,,2567-10-10,IV6710058,ราคาที่ลง ยังไม่รวมภาษี,สีโป๊วไฟเบอร์,งานสี,,1464
สีโป๊วไฟเบอร์ BODY F250 bodyfiber (พร้อมตัวเร่ง),บจก. วีที คัลเลอร์ โปร,4,360,1440,,2567-11-01,IV6711021,ราคาที่ลง ยังไม่รวมภาษี,สีโป๊วไฟเบอร์,งานสี,,1465
สีโป๊วไฟเบอร์ BODY F250 bodyfiber (พร้อมตัวเร่ง),บจก. วีที คัลเลอร์ โปร,4,360,1440,,2567-12-12,IV6712064,ราคาที่ลง ยังไม่รวมภาษี,สีโป๊วไฟเบอร์,งานสี,,1466
สีโป๊วไฟเบอร์ BODY F250 bodyfiber (พร้อมตัวเร่ง),บจก. วีที คัลเลอร์ โปร,4,385.2,1540.8,,2568-02-25,IV6802153,ราคาที่ลง ยังไม่รวมภาษี,สีโป๊วไฟเบอร์,งานสี,,1467
สีโป๊วไฟเบอร์ BODY F250 bodyfiber (พร้อมตัวเร่ง),บจก. วีที คัลเลอร์ โปร,4,385.2,1540.8,,2568-03-26,IV6803172,ราคารวม VAT แล้ว,สีโป๊วไฟเบอร์,งานสี,,1468
สีโป๊วไฟเบอร์ BODY F250 bodyfiber (พร้อมตัวเร่ง),บจก. วีที คัลเลอร์ โปร,4,360,1540.8,1440.0,2568-05-19,IV6805132,,สีโป๊วไฟเบอร์,งานสี,,1469
สีโป๊วไฟเบอร์ BODY F250 bodyfiber (พร้อมตัวเร่ง),บจก. วีที คัลเลอร์ โปร,6,360,2311.2,2160.0,2568-07-18,IV6807145,,สีโป๊วไฟเบอร์,งานสี,0.07,1470
สีโป๊วไฟเบอร์ BODY F250 bodyfiber (พร้อมตัวเร่ง),บจก. วีที คัลเลอร์ โปร,4,360,1540.8,1440.0,2568-09-12,IV6809085,,สีโป๊วไฟเบอร์,งานสี,0.07,1471
สีโป๊วไฟเบอร์ BODY F250 bodyfiber (พร้อมตัวเร่ง),บจก. วีที คัลเลอร์ โปร,10,360,3852,3600.0,2568-10-11,IV6810079,ราคาที่ลง ยังไม่รวมภาษี,สีโป๊วไฟเบอร์,งานสี,,1472
น้ำยาสีโป๊ว 2K,ทรัพย์สินไทย,36,80,2880,,2562-08-28,,ราคาที่ลง ยังไม่รวมภาษี,สีโป๊วไฟเบอร์,งานสี,,1473
น้ำยาสีโป๊ว 2K,ทรัพย์สินไทย,20,80,1600,,2562-09-24,,ราคาที่ลง ยังไม่รวมภาษี,สีโป๊วไฟเบอร์,งานสี,,1474
สีโป๊ว MP-100 (N) 4kg.,ทรัพย์สินไทย,20,320,6400,,2562-05-24,,ราคาที่ลง ยังไม่รวมภาษี,สีโป๊วไฟเบอร์,งานสี,,1475
สีโป๊ว MP-100 (N) 4kg.,ทรัพย์สินไทย,20,320,6400,,2562-06-24,,ราคาที่ลง ยังไม่รวมภาษี,สีโป๊วไฟเบอร์,งานสี,,1476
สีโป๊ว MP-100 (N) 4kg.,ทรัพย์สินไทย,20,320,6400,,2562-07-24,,ราคาที่ลง ยังไม่รวมภาษี,สีโป๊วไฟเบอร์,งานสี,,1477
น้ำยาสีโป๊ว BH-80R,ทรัพย์สินไทย,20,80,1600,,2562-05-24,,ราคาที่ลง ยังไม่รวมภาษี,สีโป๊วไฟเบอร์,งานสี,,1478
น้ำยาสีโป๊ว BH-80R,ทรัพย์สินไทย,20,80,1600,,2562-06-24,,ราคาที่ลง ยังไม่รวมภาษี,สีโป๊วไฟเบอร์,งานสี,,1479
น้ำยาสีโป๊ว BH-80R,ทรัพย์สินไทย,20,80,1600,,2562-07-24,,ราคาที่ลง ยังไม่รวมภาษี,สีโป๊วไฟเบอร์,งานสี,,1480
สีโป๊วชนิดพิเศษ Sikkens Polykit IV 2kg.,ทรัพย์สินไทย,12,675,8100,,2562-06-24,,ราคาที่ลง ยังไม่รวมภาษี,สีโป๊วไฟเบอร์,งานสี,15.0,1481
สีโป๊วชนิดพิเศษ Sikkens Polykit IV 2kg.,ทรัพย์สินไทย,6,675,4050,,2563-11-26,,ราคาที่ลง ยังไม่รวมภาษี,สีโป๊วไฟเบอร์,งานสี,15.0,1482
กาว AB 150 (4ลิตร) B/C Binder,ออโต้ สมาร์ท,2,1880,1447.6,,2561-05-30,,,กาว,งานสี,23.0,1483
กาว AB 150 (4ลิตร) B/C Binder,ออโต้ สมาร์ท,1,1880,1447.6,,2562-07-22,,ราคาที่ลง ยังไม่รวมภาษี,กาว,งานสี,23.0,1484
กาว AB 150 (4ลิตร) B/C Binder,ออโต้ สมาร์ท,1,1880,1447.6,,2562-08-05,,ราคาที่ลง ยังไม่รวมภาษี,กาว,งานสี,23.0,1485
กาว AB 150 (4ลิตร) B/C Binder,ออโต้ สมาร์ท,1,1880,1447.6,,2562-08-24,,ราคาที่ลง ยังไม่รวมภาษี,กาว,งานสี,23.0,1486
กาว AB 150 (4ลิตร) B/C Binder,ออโต้ สมาร์ท,1,1880,1447.6,,2562-12-17,,ราคาที่ลง ยังไม่รวมภาษี,กาว,งานสี,23.0,1487
กาว AB 150 (4ลิตร) B/C Binder,ออโต้ สมาร์ท,2,1880,2895.2,,2563-02-22,,ราคาที่ลง ยังไม่รวมภาษี,กาว,งานสี,23.0,1488
กาว AB 150 (4ลิตร) B/C Binder,ออโต้ สมาร์ท,2,1880,2895.2,,2563-03-17,,ราคาที่ลง ยังไม่รวมภาษี,กาว,งานสี,23.0,1489
กาว AB 150 (4ลิตร) B/C Binder,ออโต้ สมาร์ท,1,1880,1447.6,,2563-04-09,,ราคาที่ลง ยังไม่รวมภาษี,กาว,งานสี,23.0,1490
กาว AB 150 (4ลิตร) B/C Binder,ออโต้ สมาร์ท,2,1880,2895.2,,2563-05-20,,ราคาที่ลง ยังไม่รวมภาษี,กาว,งานสี,23.0,1491
กาว AB 150 (4ลิตร) B/C Binder,ออโต้ สมาร์ท,1,1880,1447.6,,2563-06-24,,ราคาที่ลง ยังไม่รวมภาษี,กาว,งานสี,23.0,1492
กาว AB 150 (4ลิตร) B/C Binder,ออโต้ สมาร์ท,1,1880,1447.6,,2563-07-10,,ราคาที่ลง ยังไม่รวมภาษี,กาว,งานสี,23.0,1493
กาว AB 150 (4ลิตร) B/C Binder,ออโต้ สมาร์ท,1,1880,1447.6,,2563-08-07,,ราคาที่ลง ยังไม่รวมภาษี,กาว,งานสี,23.0,1494
กาว AB 150 (4ลิตร) B/C Binder,ออโต้ สมาร์ท,2,1880,2895,,2563-08-31,,ราคาที่ลง ยังไม่รวมภาษี,กาว,งานสี,23.0,1495
กาว AB 150 (4ลิตร) B/C Binder,ออโต้ สมาร์ท,1,1880,1447.6,,2563-09-25,,ราคาที่ลง ยังไม่รวมภาษี,กาว,งานสี,23.0,1496
กาว AB 150 (4ลิตร) B/C Binder,ออโต้ สมาร์ท,2,1880,2895,,2563-10-24,,ราคาที่ลง ยังไม่รวมภาษี,กาว,งานสี,23.0,1497
กาว AB 150 (4ลิตร) B/C Binder,ออโต้ สมาร์ท,1,1880,1447.6,,2563-11-20,,ราคาที่ลง ยังไม่รวมภาษี,กาว,งานสี,23.0,1498
กาว AB 150 (4ลิตร) B/C Binder,ออโต้ สมาร์ท,2,1880,2895.2,,2564-03-26,,ราคาที่ลง ยังไม่รวมภาษี,กาว,งานสี,23.0,1499
กาว AB 150 (4ลิตร) B/C Binder,ออโต้ สมาร์ท,1,1880,1447.6,,2564-09-23,202109165,ราคาที่ลง ยังไม่รวมภาษี,กาว,งานสี,23.0,1500
กาว AB 150 (4ลิตร) B/C Binder,ออโต้ สมาร์ท,1,1880,1447.6,,2564-10-11,202110080,ราคาที่ลง ยังไม่รวมภาษี,กาว,งานสี,23.0,1501
กาว AB 150 (4ลิตร) B/C Binder,ออโต้ สมาร์ท,1,1880,1447.6,,2564-10-28,202110201,ราคาที่ลง ยังไม่รวมภาษี,กาว,งานสี,23.0,1502
กาว AB 150 (4ลิตร) B/C Binder,ออโต้ สมาร์ท,1,1880,1447.6,,2564-11-10,202111095,ราคาที่ลง ยังไม่รวมภาษี,กาว,งานสี,23.0,1503
กาว AB 150 (4ลิตร) B/C Binder,ออโต้ สมาร์ท,2,1995,3072.3,,2565-02-23,202202199,ราคาที่ลง ยังไม่รวมภาษี,กาว,งานสี,23.0,1504
กาว AB 150 (4ลิตร) B/C Binder,ออโต้ สมาร์ท,2,1995,3072.3,,2565-03-10,202203091,ราคาที่ลง ยังไม่รวมภาษี,กาว,งานสี,23.0,1505
กาว AB 150 (4ลิตร) B/C Binder,ออโต้ สมาร์ท,2,1995,3072.3,,2565-03-28,202203217,ราคาที่ลง ยังไม่รวมภาษี,กาว,งานสี,23.0,1506
กาว AB 150 (4ลิตร) B/C Binder,ออโต้ สมาร์ท,2,1995,3072.3,,2565-05-06,202205057,ราคาที่ลง ยังไม่รวมภาษี,กาว,งานสี,23.0,1507
กาว AB 150 (4ลิตร) B/C Binder 600,บจก. วีที คัลเลอร์ โปร,3,1995,4608.45,,2565-07-20,IV100-65,ราคาที่ลง ยังไม่รวมภาษี,กาว,งานสี,23.0,1508
กาว Binder 150 SC super color Base coat 2K (3.875 ลิตร),บจก. วีที คัลเลอร์ โปร,2,1100,1694,,2565-08-26,IV152-65,ราคาที่ลง ยังไม่รวมภาษี,กาว,งานสี,23.0,1509
กาว Binder 150 SC super color Base coat 2K (3.875 ลิตร),บจก. วีที คัลเลอร์ โปร,2,1100,1100,,2565-10-03,IV198-65,ราคาที่ลง ยังไม่รวมภาษี,กาว,งานสี,,1510
กาว AB 150 (3.5ลิตร) B/C Binder,ออโต้ สมาร์ท,2,1645,2533.3,,2563-12-04,,ราคาที่ลง ยังไม่รวมภาษี,กาว,งานสี,23.0,1511
กาว AB 150 (3.5ลิตร) B/C Binder,ออโต้ สมาร์ท,1,1645,1266.65,,2563-12-09,,ราคาที่ลง ยังไม่รวมภาษี,กาว,งานสี,23.0,1512
กาว AB 150 (3.5ลิตร) B/C Binder,ออโต้ สมาร์ท,1,1645,1266.65,,2564-03-06,,ราคาที่ลง ยังไม่รวมภาษี,กาว,งานสี,23.0,1513
กาว AB 150 (3.5ลิตร) B/C Binder,ออโต้ สมาร์ท,2,1645,2533.3,,2564-07-19,,ราคาที่ลง ยังไม่รวมภาษี,กาว,งานสี,23.0,1514
กาว SC-150,บจก. วีที คัลเลอร์ โปร,4,1000,4000,,2565-11-15,IV261-65,ราคาที่ลง ยังไม่รวมภาษี,กาว,งานสี,,1515
กาว SC-150,บจก. วีที คัลเลอร์ โปร,4,1000,4000,,2565-12-20,IV322-65,ราคาที่ลง ยังไม่รวมภาษี,กาว,งานสี,,1516
กาว SC-150,บจก. วีที คัลเลอร์ โปร,2,1000,2000,,2566-01-17,IV036-66,ราคาที่ลง ยังไม่รวมภาษี,กาว,งานสี,,1517
กาว SC-150,บจก. วีที คัลเลอร์ โปร,4,1000,4000,,2566-03-02,IV130-66,ราคาที่ลง ยังไม่รวมภาษี,กาว,งานสี,,1518
กาว SC-150,บจก. วีที คัลเลอร์ โปร,1,1000,1000,,2566-04-25,IV230-66,ราคาที่ลง ยังไม่รวมภาษี,กาว,งานสี,,1519
กาว SC-150,บจก. วีที คัลเลอร์ โปร,2,1000,2000,,2566-06-14,IV336-66,ราคาที่ลง ยังไม่รวมภาษี,กาว,งานสี,,1520
กาว Hybrid 150,บจก. วีที คัลเลอร์ โปร,4,1000,4000,,2566-07-10,IV387-66,ราคาที่ลง ยังไม่รวมภาษี,กาว,งานสี,,1521
กาว Hybrid 150,บจก. วีที คัลเลอร์ โปร,4,1000,4000,,2566-07-27,IV424-66,ราคาที่ลง ยังไม่รวมภาษี,กาว,งานสี,,1522
กาว Hybrid 150,บจก. วีที คัลเลอร์ โปร,3,1000,3000,,2566-09-22,IV542-66,ราคาที่ลง ยังไม่รวมภาษี,กาว,งานสี,,1523
กาว Hybrid 150,บจก. วีที คัลเลอร์ โปร,4,1000,4000,,2566-10-16,IV591-66,ราคาที่ลง ยังไม่รวมภาษี,กาว,งานสี,,1524
กาว Hybrid 150,บจก. วีที คัลเลอร์ โปร,4,1000,4000,,2566-10-16,IV591-66,ราคาที่ลง ยังไม่รวมภาษี,กาว,งานสี,,1525
กาว Hybrid 150,บจก. วีที คัลเลอร์ โปร,8,1000,8000,,2566-12-11,IV734-66,ราคาที่ลง ยังไม่รวมภาษี,กาว,งานสี,,1526
กาว Hybrid 150,บจก. วีที คัลเลอร์ โปร,8,1000,8000,,2567-05-21,IV6705106,ราคาที่ลง ยังไม่รวมภาษี,กาว,งานสี,,1527
กาว Hybrid 150,บจก. วีที คัลเลอร์ โปร,4,1000,4000,,2567-03-19,IV6703089,ราคาที่ลง ยังไม่รวมภาษี,กาว,งานสี,,1528
กาว Hybrid 150,บจก. วีที คัลเลอร์ โปร,4,1000,4000,,2567-08-23,IV6708117,ราคาที่ลง ยังไม่รวมภาษี,กาว,งานสี,,1529
กาว Hybrid 150,บจก. วีที คัลเลอร์ โปร,2,1000,2000,,2567-10-10,IV6710058,ราคาที่ลง ยังไม่รวมภาษี,กาว,งานสี,,1530
กาว Hybrid 150,บจก. วีที คัลเลอร์ โปร,4,1000,4000,,2567-10-29,IV6710152,ราคาที่ลง ยังไม่รวมภาษี,กาว,งานสี,,1531
กาว Hybrid 150,บจก. วีที คัลเลอร์ โปร,4,1000,4000,,2567-12-12,IV6712064,ราคาที่ลง ยังไม่รวมภาษี,กาว,งานสี,,1532
กาว Hybrid 150,บจก. วีที คัลเลอร์ โปร,4,1000,4000,,2568-02-21,IV6802127,ราคาที่ลง ยังไม่รวมภาษี,กาว,งานสี,,1533
กาว Hybrid 150,บจก. วีที คัลเลอร์ โปร,6,1000,6420,6000.0,2568-06-10,IV6806061,,กาว,งานสี,,1534
กาว Hybrid 150,บจก. วีที คัลเลอร์ โปร,6,1000,6420,6000.0,2568-10-02,IV6810023,,กาว,งานสี,,1535
กาว Hybrid 160,บจก. วีที คัลเลอร์ โปร,2,1200,2400,,2566-10-21,IV685-66,ราคาที่ลง ยังไม่รวมภาษี,กาว,งานสี,,1536
กาว Hybrid 160,บจก. วีที คัลเลอร์ โปร,4,1200,4800,,2566-12-11,IV734-66,ราคาที่ลง ยังไม่รวมภาษี,กาว,งานสี,,1537
กาว Hybrid 160,บจก. วีที คัลเลอร์ โปร,1,1284,1284,,2568-03-13,IV6803094,ราคารวม VAT แล้ว,กาว,งานสี,,1538
กาว Hybrid 160,บจก. วีที คัลเลอร์ โปร,4,1200,5136,4800.0,2568-06-10,IV6806061,,กาว,งานสี,,1539
กาว CROMAX160,บจก. วีที คัลเลอร์ โปร,2,1613,3226,,2566-06-14,IV336-66,,กาว,งานสี,,1540
สีโซเวนซ์ Tack cloth M-64 ,ออโต้ สมาร์ท,12,60,720,,2561-05-30,,,สีโซเวนซ์,งานสี,,1541
สีโซเวนซ์ Tack cloth M-64 ,ออโต้ สมาร์ท,12,60,720,,2562-07-22,,ราคาที่ลง ยังไม่รวมภาษี,สีโซเวนซ์,งานสี,,1542
สีโซเวนซ์ Tack cloth M-64 ,ออโต้ สมาร์ท,12,60,720,,2562-09-09,,ราคาที่ลง ยังไม่รวมภาษี,สีโซเวนซ์,งานสี,,1543
สีโซเวนซ์ Tack cloth M-64 ,ออโต้ สมาร์ท,12,60,720,,2563-03-25,,ราคาที่ลง ยังไม่รวมภาษี,สีโซเวนซ์,งานสี,,1544
สีโซเวนซ์ Tack cloth M-64 ,ออโต้ สมาร์ท,12,60,720,,2563-08-31,,ราคาที่ลง ยังไม่รวมภาษี,สีโซเวนซ์,งานสี,,1545
สีโซเวนซ์ Tack cloth M-64 ,ออโต้ สมาร์ท,12,60,720,,2563-10-24,,ราคาที่ลง ยังไม่รวมภาษี,สีโซเวนซ์,งานสี,,1546
สีโซเวนซ์ Tack cloth M-64 ,ออโต้ สมาร์ท,12,60,720,,2563-12-09,,ราคาที่ลง ยังไม่รวมภาษี,สีโซเวนซ์,งานสี,,1547
สีโซเวนซ์ Tack cloth M-64 ,ออโต้ สมาร์ท,12,60,720,,2564-07-19,,ราคาที่ลง ยังไม่รวมภาษี,สีโซเวนซ์,งานสี,,1548
สีโซเวนซ์ Tack cloth M-64 ,ออโต้ สมาร์ท,12,60,720,,2565-01-11,202201071,ราคาที่ลง ยังไม่รวมภาษี,สีโซเวนซ์,งานสี,,1549
แม่สี Sikkens Base Q065 (3.75 ลิตร),ซีเอส รีฟินิช,2,4195,8390,,2561-05-25,,ราคาที่ระบุเป็นก่อนหักส่วนลด,แม่สี,งานสี,15.0,1550
แม่สี Sikkens Base Q065 (3.75 ลิตร),ซีเอส รีฟินิช,1,4475,4475,,2562-06-27,,ราคาที่ระบุเป็นก่อนหักส่วนลด,แม่สี,งานสี,15.0,1551
แม่สี Sikkens Base Q065 (3.75 ลิตร),ซีเอส รีฟินิช,1,4475,4475,,2564-02-23,,ราคาที่ระบุเป็นก่อนหักส่วนลด,แม่สี,งานสี,15.0,1552
แม่สี Sikkens Base  Q070 (1 ลิตร),ซีเอส รีฟินิช,3,1350,4050,,2562-06-27,,ราคาที่ระบุเป็นก่อนหักส่วนลด,แม่สี,งานสี,15.0,1553
แม่สี Sikkens Base  Q070 (1 ลิตร),ซีเอส รีฟินิช,2,1350,2700,,2564-02-23,,ราคาที่ระบุเป็นก่อนหักส่วนลด,แม่สี,งานสี,15.0,1554
แม่สี Sikkens Base Q120 (3.75 ลิตร),ซีเอส รีฟินิช,1,4950,4950,,2563-03-24,,ราคาที่ระบุเป็นก่อนหักส่วนลด,แม่สี,งานสี,15.0,1555
แม่สี Sikkens Base Q140 (3.75 ลิตร),ซีเอส รีฟินิช,1,4950,4950,,2564-02-23,,ราคาที่ระบุเป็นก่อนหักส่วนลด,แม่สี,งานสี,15.0,1556
แม่สี Sikkens  Q190 (3.75 ลิตร),ซีเอส รีฟินิช,2,4690,9380,,2561-05-25,,ราคาที่ระบุเป็นก่อนหักส่วนลด,แม่สี,งานสี,15.0,1557
แม่สี Sikkens  Q190 (3.75 ลิตร),ซีเอส รีฟินิช,1,4690,4950,,2564-02-23,,ราคาที่ระบุเป็นก่อนหักส่วนลด,แม่สี,งานสี,15.0,1558
แม่สี Sikkens Base Q196 (1 ลิตร),ซีเอส รีฟินิช,1,1250,1250,,2563-03-24,,ราคาที่ระบุเป็นก่อนหักส่วนลด,แม่สี,งานสี,15.0,1559
แม่สี Sikkens Base  Q232 (1 ลิตร),ซีเอส รีฟินิช,2,1690,3380,,2562-06-27,,ราคาที่ระบุเป็นก่อนหักส่วนลด,แม่สี,งานสี,15.0,1560
แม่สี Sikkens Base  Q232 (1 ลิตร),ซีเอส รีฟินิช,1,1690,1690,,2564-02-23,,ราคาที่ระบุเป็นก่อนหักส่วนลด,แม่สี,งานสี,15.0,1561
แม่สี Sikkens Base  Q271 (1 ลิตร),ซีเอส รีฟินิช,2,1800,3600,,2562-06-27,,ราคาที่ระบุเป็นก่อนหักส่วนลด,แม่สี,งานสี,15.0,1562
แม่สี Sikkens Base  Q271 (1 ลิตร),ซีเอส รีฟินิช,2,1800,3600,,2564-03-24,,ราคาที่ระบุเป็นก่อนหักส่วนลด,แม่สี,งานสี,15.0,1563
แม่สี Sikkens Base  Q652 (1 ลิตร),ซีเอส รีฟินิช,1,1350,1350,,2563-03-24,,ราคาที่ระบุเป็นก่อนหักส่วนลด,แม่สี,งานสี,15.0,1564
แม่สี Sikkens Base  Q725 (1 ลิตร),ซีเอส รีฟินิช,1,1650,1650,,2564-03-24,,ราคาที่ระบุเป็นก่อนหักส่วนลด,แม่สี,งานสี,15.0,1565
แม่สี Sikkens Base  Q726 (1 ลิตร),ซีเอส รีฟินิช,1,1650,1650,,2564-02-23,,ราคาที่ระบุเป็นก่อนหักส่วนลด,แม่สี,งานสี,15.0,1566
แม่สี Sikkens Base  Q726 (1 ลิตร),ซีเอส รีฟินิช,1,1650,1650,,2564-03-24,,ราคาที่ระบุเป็นก่อนหักส่วนลด,แม่สี,งานสี,15.0,1567
แม่สี Sikkens  Q811J (3.75 ลิตร),ซีเอส รีฟินิช,1,5100,5100,,2561-05-25,,ราคาที่ระบุเป็นก่อนหักส่วนลด,แม่สี,งานสี,15.0,1568
แม่สี Sikkens  Q811E (3.75 ลิตร),ซีเอส รีฟินิช,1,5100,5100,,2561-05-25,,ราคาที่ระบุเป็นก่อนหักส่วนลด,แม่สี,งานสี,15.0,1569
แม่สี Sikkens  Q811M (3.75 ลิตร),ซีเอส รีฟินิช,1,5100,5100,,2561-05-25,,ราคาที่ระบุเป็นก่อนหักส่วนลด,แม่สี,งานสี,15.0,1570
แม่สี Sikkens  Q811M (3.75 ลิตร),ซีเอส รีฟินิช,1,5450,5450,,2564-02-23,,ราคาที่ระบุเป็นก่อนหักส่วนลด,แม่สี,งานสี,15.0,1571
แม่สี Sikkens Base Q911H (1 ลิตร),ซีเอส รีฟินิช,1,3450,3450,,2563-03-24,,ราคาที่ระบุเป็นก่อนหักส่วนลด,แม่สี,งานสี,15.0,1572
แม่สี Sikkens Base  Q922M (1 ลิตร),ซีเอส รีฟินิช,1,3190,3190,,2562-06-27,,ราคาที่ระบุเป็นก่อนหักส่วนลด,แม่สี,งานสี,15.0,1573
แม่สี Sikkens Base  Q922M (1 ลิตร),ซีเอส รีฟินิช,2,3190,6380,,2564-03-24,,ราคาที่ระบุเป็นก่อนหักส่วนลด,แม่สี,งานสี,15.0,1574
แม่สี Sikkens Base  Q923H (1 ลิตร),ซีเอส รีฟินิช,1,3450,3450,,2562-06-27,,ราคาที่ระบุเป็นก่อนหักส่วนลด,แม่สี,งานสี,15.0,1575
แม่สี Sikkens Base  Q923H (1 ลิตร),ซีเอส รีฟินิช,2,3450,6900,,2564-02-23,,ราคาที่ระบุเป็นก่อนหักส่วนลด,แม่สี,งานสี,15.0,1576
แม่สี Sikkens Base  Q933M (1 ลิตร),ซีเอส รีฟินิช,0,3190,3190,,2564-02-23,,ราคาที่ระบุเป็นก่อนหักส่วนลด,แม่สี,งานสี,15.0,1577
แม่สี Sikkens Base  Q952N (1 ลิตร),ซีเอส รีฟินิช,1,3190,3190,,2562-06-27,,ราคาที่ระบุเป็นก่อนหักส่วนลด,แม่สี,งานสี,15.0,1578
แม่สี Matrix  M-108,ทรัพย์สินไทย,6,850,5100,,2561-05-28,,ราคาที่ระบุเป็นก่อนหักส่วนลด,แม่สี,งานสี,10.0,1579
แม่สี Matrix  M-108,ทรัพย์สินไทย,6,850,5100,,2562-06-24,,ราคาที่ระบุเป็นก่อนหักส่วนลด,แม่สี,งานสี,10.0,1580
แม่สี Matrix  M-108,ทรัพย์สินไทย,6,850,5100,,2562-07-24,,ราคาที่ระบุเป็นก่อนหักส่วนลด,แม่สี,งานสี,10.0,1581
แม่สี Matrix  M-108,ทรัพย์สินไทย,6,850,5100,,2562-08-26,,ราคาที่ระบุเป็นก่อนหักส่วนลด,แม่สี,งานสี,10.0,1582
แม่สี Matrix  M-108,ทรัพย์สินไทย,6,850,5100,,2562-09-24,,ราคาที่ระบุเป็นก่อนหักส่วนลด,แม่สี,งานสี,10.0,1583
แม่สี Matrix  M-108,ทรัพย์สินไทย,3,850,2550,,2563-01-27,,ราคาที่ระบุเป็นก่อนหักส่วนลด,แม่สี,งานสี,10.0,1584
แม่สี Matrix  M-108,ทรัพย์สินไทย,6,850,5100,,2563-02-20,,ราคาที่ระบุเป็นก่อนหักส่วนลด,แม่สี,งานสี,10.0,1585
แม่สี Matrix  M-108,ทรัพย์สินไทย,6,850,5100,,2563-03-25,,ราคาที่ระบุเป็นก่อนหักส่วนลด,แม่สี,งานสี,10.0,1586
แม่สี Matrix  M-108,ทรัพย์สินไทย,6,850,5100,,2563-04-23,,ราคาที่ระบุเป็นก่อนหักส่วนลด,แม่สี,งานสี,10.0,1587
แม่สี Matrix  M-108,ทรัพย์สินไทย,6,850,5100,,2563-07-24,,ราคาที่ระบุเป็นก่อนหักส่วนลด,แม่สี,งานสี,10.0,1588
แม่สี Matrix  M-108,ทรัพย์สินไทย,6,850,5100,,2563-08-24,,ราคาที่ระบุเป็นก่อนหักส่วนลด,แม่สี,งานสี,10.0,1589
แม่สี Matrix  M-108,ทรัพย์สินไทย,6,850,5100,,2563-09-23,,ราคาที่ระบุเป็นก่อนหักส่วนลด,แม่สี,งานสี,10.0,1590
แม่สี Matrix  M-108,ทรัพย์สินไทย,6,850,5100,,2563-10-21,,ราคาที่ระบุเป็นก่อนหักส่วนลด,แม่สี,งานสี,10.0,1591
แม่สี Matrix  M-108,ทรัพย์สินไทย,6,850,5100,,2563-11-25,,ราคาที่ระบุเป็นก่อนหักส่วนลด,แม่สี,งานสี,10.0,1592
แม่สี Matrix  M-108,ทรัพย์สินไทย,6,850,5100,,2563-12-21,,ราคาที่ระบุเป็นก่อนหักส่วนลด,แม่สี,งานสี,10.0,1593
แม่สี Matrix  M-108,ทรัพย์สินไทย,6,850,5100,,2564-02-23,,ราคาที่ระบุเป็นก่อนหักส่วนลด,แม่สี,งานสี,10.0,1594
แม่สี Matrix  M-108,ทรัพย์สินไทย,6,850,5100,,2564-03-24,,ราคาที่ระบุเป็นก่อนหักส่วนลด,แม่สี,งานสี,10.0,1595
แม่สี Matrix  M-108,ทรัพย์สินไทย,6,850,5100,,2564-06-18,,ราคาที่ระบุเป็นก่อนหักส่วนลด,แม่สี,งานสี,10.0,1596
แม่สี Matrix  M-108,ทรัพย์สินไทย,6,850,5100,,2564-07-26,,ราคาที่ระบุเป็นก่อนหักส่วนลด,แม่สี,งานสี,10.0,1597
แม่สี Matrix  M-108,ทรัพย์สินไทย,3,850,2550,,2564-08-26,,ราคาที่ระบุเป็นก่อนหักส่วนลด,แม่สี,งานสี,10.0,1598
แม่สี Matrix  M-108,ทรัพย์สินไทย,3,850,2550,,2564-08-26,,ราคาที่ระบุเป็นก่อนหักส่วนลด,แม่สี,งานสี,10.0,1599
แม่สี Matrix  M-108,ทรัพย์สินไทย,4,850,3400,,2564-10-26,IV6410364,ราคาที่ระบุเป็นก่อนหักส่วนลด,แม่สี,งานสี,10.0,1600
แม่สี Matrix  M-108,ทรัพย์สินไทย,6,850,5100,,2564-11-23,IV6411319,ราคาที่ระบุเป็นก่อนหักส่วนลด,แม่สี,งานสี,10.0,1601
แม่สี Matrix  M-108,ทรัพย์สินไทย,6,850,5100,,2565-01-21,IV6501224,ราคาที่ระบุเป็นก่อนหักส่วนลด,แม่สี,งานสี,10.0,1602
แม่สี Matrix  M-108,ทรัพย์สินไทย,6,850,5100,,2565-02-22,IV6502258,ราคาที่ระบุเป็นก่อนหักส่วนลด,แม่สี,งานสี,10.0,1603
แม่สี Matrix  M-108,ทรัพย์สินไทย,3,850,2550,,2565-03-28,IV6503340,ราคาที่ระบุเป็นก่อนหักส่วนลด,แม่สี,งานสี,10.0,1604
แม่สี Matrix  M-108,ทรัพย์สินไทย,6,850,5100,,2565-05-25,IV6505290,ราคาที่ระบุเป็นก่อนหักส่วนลด,แม่สี,งานสี,10.0,1605
แม่สี Matrix  M-108,ทรัพย์สินไทย,6,850,5100,,2565-06-27,IV6506336,ราคาที่ระบุเป็นก่อนหักส่วนลด,แม่สี,งานสี,10.0,1606
แม่สี ปรับหน้าบรอนซ์ SC-108,บจก. วีที คัลเลอร์ โปร,6,750,4500,,2565-08-24,IV147-65,ราคาที่ระบุ ยังไม่รวมภาษี,แม่สี,งานสี,,1607
แม่สี ปรับหน้าบรอนซ์ SC-108,บจก. วีที คัลเลอร์ โปร,2,750,1500,,2565-10-15,IV214-65,ราคาที่ระบุ ยังไม่รวมภาษี,แม่สี,งานสี,,1608
แม่สี ปรับหน้าบรอนซ์ SC-108,บจก. วีที คัลเลอร์ โปร,6,750,4500,,2565-10-25,IV228-65,ราคาที่ระบุ ยังไม่รวมภาษี,แม่สี,งานสี,,1609
แม่สี ปรับหน้าบรอนซ์ SC-108,บจก. วีที คัลเลอร์ โปร,2,750,1500,,2565-12-13,IV308-65,ราคาที่ระบุ ยังไม่รวมภาษี,แม่สี,งานสี,,1610
แม่สี ปรับหน้าบรอนซ์ SC-108,บจก. วีที คัลเลอร์ โปร,3,750,2250,,2565-12-19,IV318-65,ราคาที่ระบุ ยังไม่รวมภาษี,แม่สี,งานสี,,1611
แม่สี ปรับหน้าบรอนซ์ SC-108,บจก. วีที คัลเลอร์ โปร,6,750,4500,,2566-02-22,IV113-66,ราคาที่ระบุ ยังไม่รวมภาษี,แม่สี,งานสี,,1612
แม่สี ปรับหน้าบรอนซ์ SC-108,บจก. วีที คัลเลอร์ โปร,3,750,2250,,2566-03-23,IV178-66,ราคาที่ระบุ ยังไม่รวมภาษี,แม่สี,งานสี,,1613
แม่สี ปรับหน้าบรอนซ์ SC-108,บจก. วีที คัลเลอร์ โปร,3,750,2250,,2566-04-24,IV226-66,ราคาที่ระบุ ยังไม่รวมภาษี,แม่สี,งานสี,,1614
แม่สี ปรับหน้าบรอนซ์ SC-108,บจก. วีที คัลเลอร์ โปร,6,750,4500,,2566-06-24,IV352-66,ราคาที่ระบุ ยังไม่รวมภาษี,แม่สี,งานสี,,1615
แม่สี ปรับหน้าบรอนซ์ Hybrid S108,บจก. วีที คัลเลอร์ โปร,3,750,2250,,2566-07-10,IV387-66,ราคาที่ระบุ ยังไม่รวมภาษี,แม่สี,งานสี,,1616
แม่สี ปรับหน้าบรอนซ์ Hybrid S108,บจก. วีที คัลเลอร์ โปร,6,750,4500,,2566-07-27,IV423-66,ราคาที่ระบุ ยังไม่รวมภาษี,แม่สี,งานสี,,1617
แม่สี ปรับหน้าบรอนซ์ Hybrid S108,บจก. วีที คัลเลอร์ โปร,4,750,3000,,2566-09-22,IV541-66,ราคาที่ระบุ ยังไม่รวมภาษี,แม่สี,งานสี,,1618
แม่สี ปรับหน้าบรอนซ์ Hybrid S108,บจก. วีที คัลเลอร์ โปร,4,750,3000,,2567-10-21,IV684-66,ราคาที่ระบุ ยังไม่รวมภาษี,แม่สี,งานสี,,1619
แม่สี ปรับหน้าบรอนซ์ Hybrid S108,บจก. วีที คัลเลอร์ โปร,4,750,3000,,2566-10-24,IV619-66,ราคาที่ระบุ ยังไม่รวมภาษี,แม่สี,งานสี,,1620
แม่สี ปรับหน้าบรอนซ์ Hybrid S108,บจก. วีที คัลเลอร์ โปร,4,750,3000,,2566-12-21,IV765-66,ราคาที่ระบุ ยังไม่รวมภาษี,แม่สี,งานสี,,1621
แม่สี ปรับหน้าบรอนซ์ Hybrid S108,บจก. วีที คัลเลอร์ โปร,3,750,2250,,2567-01-24,IV6701079,ราคาที่ระบุ ยังไม่รวมภาษี,แม่สี,งานสี,,1622
แม่สี ปรับหน้าบรอนซ์ Hybrid S108,บจก. วีที คัลเลอร์ โปร,4,750,3000,,2567-04-22,IV6704071,ราคาที่ระบุ ยังไม่รวมภาษี,แม่สี,งานสี,,1623
แม่สี ปรับหน้าบรอนซ์ Hybrid S108,บจก. วีที คัลเลอร์ โปร,4,750,3000,,2567-05-21,IV6705104,ราคาที่ระบุ ยังไม่รวมภาษี,แม่สี,งานสี,,1624
แม่สี ปรับหน้าบรอนซ์ Hybrid S108,บจก. วีที คัลเลอร์ โปร,3,750,2250,,2567-02-26,IV6702103,ราคาที่ระบุ ยังไม่รวมภาษี,แม่สี,งานสี,,1625
แม่สี ปรับหน้าบรอนซ์ Hybrid S108,บจก. วีที คัลเลอร์ โปร,3,750,2250,,2567-03-19,IV6703088,ราคาที่ระบุ ยังไม่รวมภาษี,แม่สี,งานสี,,1626
แม่สี ปรับหน้าบรอนซ์ Hybrid S108,บจก. วีที คัลเลอร์ โปร,5,750,3750,,2567-06-21,IV6706124,ราคาที่ระบุ ยังไม่รวมภาษี,แม่สี,งานสี,,1627
แม่สี ปรับหน้าบรอนซ์ Hybrid S108,บจก. วีที คัลเลอร์ โปร,4,750,3000,,2567-07-23,IV6707130,ราคาที่ระบุ ยังไม่รวมภาษี,แม่สี,งานสี,,1628
แม่สี ปรับหน้าบรอนซ์ Hybrid S108,บจก. วีที คัลเลอร์ โปร,4,750,3000,,2567-08-23,IV6708116,ราคาที่ระบุ ยังไม่รวมภาษี,แม่สี,งานสี,,1629
แม่สี ปรับหน้าบรอนซ์ Hybrid S108,บจก. วีที คัลเลอร์ โปร,4,750,3000,,2567-09-24,IV6709122,ราคาที่ระบุ ยังไม่รวมภาษี,แม่สี,งานสี,,1630
แม่สี ปรับหน้าบรอนซ์ Hybrid S108,บจก. วีที คัลเลอร์ โปร,3,750,2250,,2567-10-21,IV6710109,ราคาที่ระบุ ยังไม่รวมภาษี,แม่สี,งานสี,,1631
แม่สี ปรับหน้าบรอนซ์ Hybrid S108,บจก. วีที คัลเลอร์ โปร,4,750,3000,,2567-11-19,IV6711103,ราคาที่ระบุ ยังไม่รวมภาษี,แม่สี,งานสี,,1632
แม่สี ปรับหน้าบรอนซ์ Hybrid S108,บจก. วีที คัลเลอร์ โปร,4,750,3000,,2567-12-18,IV6712085,ราคาที่ระบุ ยังไม่รวมภาษี,แม่สี,งานสี,,1633
แม่สี ปรับหน้าบรอนซ์ Hybrid S108,บจก. วีที คัลเลอร์ โปร,4,802.5,3210,,2568-01-21,IV6801106,ราคารวม VAT แล้ว,แม่สี,งานสี,,1634
แม่สี ปรับหน้าบรอนซ์ Hybrid S108,บจก. วีที คัลเลอร์ โปร,3,802.5,2407.5,,2568-02-18,IV6802112,ราคารวม VAT แล้ว,แม่สี,งานสี,,1635
แม่สี ปรับหน้าบรอนซ์ Hybrid S108,บจก. วีที คัลเลอร์ โปร,2,802.5,1605,,2568-02-24,IV6802144,ราคารวม VAT แล้ว,แม่สี,งานสี,,1636
แม่สี ปรับหน้าบรอนซ์ Hybrid S108,บจก. วีที คัลเลอร์ โปร,6,802.5,4815,,2568-03-26,IV6803171,ราคารวม VAT แล้ว,แม่สี,งานสี,,1637
แม่สี ปรับหน้าบรอนซ์ Hybrid S108,บจก. วีที คัลเลอร์ โปร,2,750,1605,1500.0,2568-06-26,IV6806175,,แม่สี,งานสี,0.07,1638
แม่สี ปรับหน้าบรอนซ์ Hybrid S108,บจก. วีที คัลเลอร์ โปร,2,750,1605,1500.0,2568-08-13,IV6808072,,แม่สี,งานสี,0.07,1639
แม่สี ปรับหน้าบรอนซ์ Hybrid S108,บจก. วีที คัลเลอร์ โปร,2,750,1605,1500.0,2568-07-21,IV6807158,,แม่สี,งานสี,0.07,1640
แม่สี ปรับหน้าบรอนซ์ Hybrid S108,บจก. วีที คัลเลอร์ โปร,4,750,3210,3000.0,2568-07-24,IV6807194,,แม่สี,งานสี,0.07,1641
แม่สี ปรับหน้าบรอนซ์ Hybrid S108,บจก. วีที คัลเลอร์ โปร,4,750,3210,3000.0,2568-08-23,IV6808151,,แม่สี,งานสี,0.07,1642
แม่สี ปรับหน้าบรอนซ์ Hybrid S108,บจก. วีที คัลเลอร์ โปร,3,750,2407.5,2250.0,2568-10-01,IV6810015,,แม่สี,งานสี,0.07,1643
แม่สี ปรับหน้าบรอนซ์ Hybrid S108,บจก. วีที คัลเลอร์ โปร,2,750,1605,1500.0,2568-10-16,IV6810110,ราคาที่ลง ยังไม่รวมภาษี,แม่สี,งานสี,,1644
แม่สี ปรับหน้าบรอนซ์ Hybrid S108,บจก. วีที คัลเลอร์ โปร,4,750,3210,3000.0,2568-11-03,IV6811023,ราคาที่ระบุ ยังไม่รวม VAT7%,แม่สี,งานสี,0.07,1645
แม่สี ปรับหน้าบรอนซ์ Hybrid S108,บจก. วีที คัลเลอร์ โปร,2,750,1605,1500.0,2568-11-26,IV6811188,,แม่สี,งานสี,0.07,1646
แม่สี Matrix  M-161,ทรัพย์สินไทย,2,850,1700,,2563-04-06,,ราคาที่ระบุเป็นก่อนหักส่วนลด,แม่สี,งานสี,10.0,1647
แม่สี Matrix  M-161,ทรัพย์สินไทย,2,850,1700,,2563-09-23,,ราคาที่ระบุเป็นก่อนหักส่วนลด,แม่สี,งานสี,10.0,1648
แม่สี Matrix  M-161,ทรัพย์สินไทย,1,850,850,,2564-03-24,,ราคาที่ระบุเป็นก่อนหักส่วนลด,แม่สี,งานสี,10.0,1649
แม่สี Matrix  M-161,ทรัพย์สินไทย,1,850,850,,2565-01-21,IV6501224,ราคาที่ระบุเป็นก่อนหักส่วนลด,แม่สี,งานสี,10.0,1650
แม่สี แดงสด SC-161,บจก. วีที คัลเลอร์ โปร,2,750,1500,,2566-02-22,IV113-66,ราคาที่ระบุ ยังไม่รวม VAT7%,แม่สี,งานสี,,1651
แม่สี แดงสด SC-161,บจก. วีที คัลเลอร์ โปร,2,750,1500,,2566-06-24,IV352-66,ราคาที่ระบุ ยังไม่รวม VAT7%,แม่สี,งานสี,,1652
แม่สี แดงสด Hybrid S161,บจก. วีที คัลเลอร์ โปร,2,750,1500,,2567-01-24,IV6701079,ราคายังไม่รวม VAT,แม่สี,งานสี,,1653
แม่สี แดงสด Hybrid S161,บจก. วีที คัลเลอร์ โปร,1,750,750,,2567-05-21,IV6705104,ราคายังไม่รวม VAT,แม่สี,งานสี,,1654
แม่สี แดงสด Hybrid S161,บจก. วีที คัลเลอร์ โปร,1,750,750,,2567-06-24,IV6706130,ราคายังไม่รวม VAT,แม่สี,งานสี,,1655
แม่สี แดงสด Hybrid S161,บจก. วีที คัลเลอร์ โปร,1,750,802.5,750.0,2568-06-26,IV6806175,ราคาที่ระบุ ยังไม่รวม VAT7%,แม่สี,งานสี,0.07,1656
แม่สี แดงสด Hybrid S161,บจก. วีที คัลเลอร์ โปร,2,750,1500,,2567-08-14,IV6708064,ราคายังไม่รวม VAT,แม่สี,งานสี,,1657
แม่สี แดงสด SC-186,บจก. วีที คัลเลอร์ โปร,2,750,1500,,2566-06-13,IV329-66,ราคาที่ระบุ ยังไม่รวม VAT7%,แม่สี,งานสี,,1658
แม่สี Matrix  M-162,ทรัพย์สินไทย,2,850,1700,,2563-07-24,,ราคาที่ระบุเป็นก่อนหักส่วนลด,แม่สี,งานสี,10.0,1659
แม่สี Matrix  M-162,ทรัพย์สินไทย,2,850,1700,,2564-01-22,,ราคาที่ระบุเป็นก่อนหักส่วนลด,แม่สี,งานสี,10.0,1660
แม่สี Matrix  M-162,ทรัพย์สินไทย,2,850,1700,,2564-07-12,,ราคาที่ระบุเป็นก่อนหักส่วนลด,แม่สี,งานสี,10.0,1661
แม่สี Matrix  M-162,ทรัพย์สินไทย,2,850,1700,,2564-11-23,IV6411319,ราคาที่ระบุเป็นก่อนหักส่วนลด,แม่สี,งานสี,10.0,1662
แม่สี น้ำเงินสด SC-162,บจก. วีที คัลเลอร์ โปร,1,750,750,,2565-08-24,IV148-65,ราคาที่ระบุ ยังไม่รวม VAT7%,แม่สี,งานสี,,1663
แม่สี น้ำเงินสด SC-162,บจก. วีที คัลเลอร์ โปร,2,750,1500,,2565-12-13,IV308-65,ราคาที่ระบุ ยังไม่รวม VAT7%,แม่สี,งานสี,,1664
แม่สี น้ำเงินสด SC-162,บจก. วีที คัลเลอร์ โปร,1,750,750,,2566-06-24,IV352-66,ราคาที่ระบุ ยังไม่รวม VAT7%,แม่สี,งานสี,,1665
แม่สี น้ำเงินสด Hybrid S162,บจก. วีที คัลเลอร์ โปร,2,750,1500,,2566-10-21,IV684-66,ราคาที่ระบุ ยังไม่รวม VAT7%,แม่สี,งานสี,,1666
แม่สี น้ำเงินสด Hybrid S162,บจก. วีที คัลเลอร์ โปร,1,750,750,,2567-06-21,IV6706124,ราคาที่ระบุ ยังไม่รวม VAT7%,แม่สี,งานสี,,1667
แม่สี น้ำเงินสด Hybrid S162,บจก. วีที คัลเลอร์ โปร,1,750,750,,2567-08-14,IV6708064,ราคาที่ระบุ ยังไม่รวม VAT7%,แม่สี,งานสี,,1668
แม่สี น้ำเงินสด Hybrid S162,บจก. วีที คัลเลอร์ โปร,1,750,750,,2567-11-19,IV6711134,ราคาที่ระบุ ยังไม่รวม VAT7%,แม่สี,งานสี,,1669
แม่สี น้ำเงินสด Hybrid S162,บจก. วีที คัลเลอร์ โปร,1,750,802.5,750.0,2568-05-21,IV6805147,,แม่สี,งานสี,,1670
แม่สี น้ำเงินสด Hybrid S162,บจก. วีที คัลเลอร์ โปร,2,750,1605,1500.0,2568-07-23,IV6807180,ราคาที่ระบุ ยังไม่รวม VAT7%,แม่สี,งานสี,0.07,1671
แม่สี น้ำเงินสด Hybrid S162,บจก. วีที คัลเลอร์ โปร,2,750,1605,1500.0,2568-11-04,IV6811032,ราคาที่ระบุ ยังไม่รวม VAT7%,แม่สี,งานสี,0.07,1672
แม่สี Matrix  M-163,ทรัพย์สินไทย,1,850,850,,2563-07-24,,ราคาที่ระบุเป็นก่อนหักส่วนลด,แม่สี,งานสี,10.0,1673
แม่สี Matrix  M-163,ทรัพย์สินไทย,1,850,850,,2565-01-21,IV6501224,ราคาที่ระบุเป็นก่อนหักส่วนลด,แม่สี,งานสี,10.0,1674
แม่สี ดำเข้ม Hybrid S163,บจก. วีที คัลเลอร์ โปร,1,750,750,,2566-08-21,IV469-66,ราคาที่ระบุ ยังไม่รวม VAT7%,แม่สี,งานสี,,1675
แม่สี ดำเข้ม Hybrid S163,บจก. วีที คัลเลอร์ โปร,1,750,750,,2567-02-26,IV6702103,ราคาที่ระบุ ยังไม่รวม VAT7%,แม่สี,งานสี,,1676
แม่สี ดำเข้ม Hybrid S163,บจก. วีที คัลเลอร์ โปร,1,750,750,,2567-06-21,IV6706124,ราคาที่ระบุ ยังไม่รวม VAT7%,แม่สี,งานสี,,1677
แม่สี ดำเข้ม Hybrid S163,บจก. วีที คัลเลอร์ โปร,1,750,750,,2567-08-23,IV6708116,ราคาที่ระบุ ยังไม่รวม VAT7%,แม่สี,งานสี,,1678
แม่สี ดำเข้ม Hybrid S163,บจก. วีที คัลเลอร์ โปร,1,750,750,,2567-11-19,IV6711134,ราคาที่ระบุ ยังไม่รวม VAT7%,แม่สี,งานสี,,1679
แม่สี ดำเข้ม Hybrid S163,บจก. วีที คัลเลอร์ โปร,2,750,1605,1500.0,2568-07-23,IV6807180,ราคาที่ระบุ ยังไม่รวม VAT7%,แม่สี,งานสี,0.07,1680
แม่สี Matrix  M-164,ทรัพย์สินไทย,2,850,1700,,2561-05-28,,ราคาที่ระบุเป็นก่อนหักส่วนลด,แม่สี,งานสี,10.0,1681
แม่สี Matrix  M-164,ทรัพย์สินไทย,2,850,1700,,2562-06-25,,ราคาที่ระบุเป็นก่อนหักส่วนลด,แม่สี,งานสี,10.0,1682
แม่สี Matrix  M-164,ทรัพย์สินไทย,2,850,1700,,2562-08-26,,ราคาที่ระบุเป็นก่อนหักส่วนลด,แม่สี,งานสี,10.0,1683
แม่สี Matrix  M-164,ทรัพย์สินไทย,3,850,2550,,2562-09-24,,ราคาที่ระบุเป็นก่อนหักส่วนลด,แม่สี,งานสี,10.0,1684
แม่สี Matrix  M-164,ทรัพย์สินไทย,2,850,1700,,2563-02-20,,ราคาที่ระบุเป็นก่อนหักส่วนลด,แม่สี,งานสี,10.0,1685
แม่สี Matrix  M-164,ทรัพย์สินไทย,2,850,1700,,2563-04-06,,ราคาที่ระบุเป็นก่อนหักส่วนลด,แม่สี,งานสี,10.0,1686
แม่สี Matrix  M-164,ทรัพย์สินไทย,2,850,1700,,2563-07-24,,ราคาที่ระบุเป็นก่อนหักส่วนลด,แม่สี,งานสี,10.0,1687
แม่สี Matrix  M-164,ทรัพย์สินไทย,2,850,1700,,2563-09-23,,ราคาที่ระบุเป็นก่อนหักส่วนลด,แม่สี,งานสี,10.0,1688
แม่สี Matrix  M-164,ทรัพย์สินไทย,2,850,1700,,2563-10-21,,ราคาที่ระบุเป็นก่อนหักส่วนลด,แม่สี,งานสี,10.0,1689
แม่สี Matrix  M-164,ทรัพย์สินไทย,2,850,1700,,2563-11-25,,ราคาที่ระบุเป็นก่อนหักส่วนลด,แม่สี,งานสี,10.0,1690
แม่สี Matrix  M-164,ทรัพย์สินไทย,2,850,1700,,2564-02-23,,ราคาที่ระบุเป็นก่อนหักส่วนลด,แม่สี,งานสี,10.0,1691
แม่สี Matrix  M-164,ทรัพย์สินไทย,2,850,1700,,2564-04-26,,ราคาที่ระบุเป็นก่อนหักส่วนลด,แม่สี,งานสี,10.0,1692
แม่สี Matrix  M-164,ทรัพย์สินไทย,2,850,1700,,2564-06-18,,ราคาที่ระบุเป็นก่อนหักส่วนลด,แม่สี,งานสี,10.0,1693
แม่สี Matrix  M-164,ทรัพย์สินไทย,2,850,1700,,2564-07-26,,ราคาที่ระบุเป็นก่อนหักส่วนลด,แม่สี,งานสี,10.0,1694
แม่สี Matrix  M-164,ทรัพย์สินไทย,2,850,1700,,2564-11-23,IV6411319,ราคาที่ระบุเป็นก่อนหักส่วนลด,แม่สี,งานสี,10.0,1695
แม่สี Matrix  M-164,ทรัพย์สินไทย,2,850,1700,,2565-01-21,IV6501224,ราคาที่ระบุเป็นก่อนหักส่วนลด,แม่สี,งานสี,10.0,1696
แม่สี Matrix  M-164,ทรัพย์สินไทย,3,850,2550,,2565-03-23,IV6503300,ราคาที่ระบุเป็นก่อนหักส่วนลด,แม่สี,งานสี,10.0,1697
แม่สี Matrix  M-164,ทรัพย์สินไทย,2,850,1700,,2565-06-24,IV6506328,ราคาที่ระบุเป็นก่อนหักส่วนลด,แม่สี,งานสี,10.0,1698
แม่สี Matrix  M-164,ทรัพย์สินไทย,1,850,850,,2565-06-27,IV6506336,ราคาที่ระบุเป็นก่อนหักส่วนลด,แม่สี,งานสี,10.0,1699
แม่สี ดำใส SC-164,บจก. วีที คัลเลอร์ โปร,2,750,1500,,2565-08-24,IV148-65,ราคาที่ระบุ ยังไม่รวม VAT7%,แม่สี,งานสี,,1700
แม่สี ดำใส SC-164,บจก. วีที คัลเลอร์ โปร,1,750,750,,2565-10-25,IV228-65,ราคาที่ระบุ ยังไม่รวม VAT7%,แม่สี,งานสี,,1701
แม่สี ดำใส SC-164,บจก. วีที คัลเลอร์ โปร,2,750,1500,,2566-02-09,IV088-66,ราคาที่ระบุ ยังไม่รวม VAT7%,แม่สี,งานสี,,1702
แม่สี ดำใส Hybrid S164,บจก. วีที คัลเลอร์ โปร,1,750,750,,2566-07-27,IV423-66,ราคาที่ระบุ ยังไม่รวม VAT7%,แม่สี,งานสี,,1703
แม่สี ดำใส Hybrid S164,บจก. วีที คัลเลอร์ โปร,1,750,750,,2566-10-16,IV591-66,ราคาที่ระบุ ยังไม่รวม VAT7%,แม่สี,งานสี,,1704
แม่สี ดำใส Hybrid S164,บจก. วีที คัลเลอร์ โปร,1,750,750,,2567-02-26,IV6702103,ราคาที่ระบุ ยังไม่รวม VAT7%,แม่สี,งานสี,,1705
แม่สี ดำใส Hybrid S164,บจก. วีที คัลเลอร์ โปร,1,750,750,,2567-06-11,IV6706078,ราคาที่ระบุ ยังไม่รวม VAT7%,แม่สี,งานสี,,1706
แม่สี ดำใส Hybrid S164,บจก. วีที คัลเลอร์ โปร,1,750,750,,2567-07-23,IV6707130,ราคาที่ระบุ ยังไม่รวม VAT7%,แม่สี,งานสี,,1707
แม่สี ดำใส Hybrid S164,บจก. วีที คัลเลอร์ โปร,1,750,750,,2567-08-23,IV6708116,ราคาที่ระบุ ยังไม่รวม VAT7%,แม่สี,งานสี,,1708
แม่สี ดำใส Hybrid S164,บจก. วีที คัลเลอร์ โปร,1,802.5,802.5,,2568-02-24,IV6802144,ราคารวม VAT แล้ว,แม่สี,งานสี,,1709
แม่สี ดำใส Hybrid S164,บจก. วีที คัลเลอร์ โปร,2,750,1605,1500.0,2568-05-21,IV6805147,,แม่สี,งานสี,,1710
แม่สี ดำใส Hybrid S164,บจก. วีที คัลเลอร์ โปร,1,750,802.5,750.0,2568-06-26,IV6806175,,แม่สี,งานสี,0.07,1711
แม่สี ดำใส Hybrid S164,บจก. วีที คัลเลอร์ โปร,2,750,1605,1500.0,2568-08-23,IV6808151,,แม่สี,งานสี,0.07,1712
แม่สี ดำใส Hybrid S164,บจก. วีที คัลเลอร์ โปร,1,750,802.5,750.0,2568-11-26,IV6811188,,แม่สี,งานสี,0.07,1713
แม่สี ม่วงอมแดง SC-166,บจก. วีที คัลเลอร์ โปร,1,750,750,,2565-11-23,IV276-65,ราคาที่ระบุ ยังไม่รวม VAT7%,แม่สี,งานสี,,1714
แม่สี ม่วงอมแดง Hybrid S166,บจก. วีที คัลเลอร์ โปร,1,750,750,,2567-06-21,IV6706124,ราคาที่ระบุ ยังไม่รวม VAT7%,แม่สี,งานสี,,1715
แม่สี ม่วงอมแดง Hybrid S166,บจก. วีที คัลเลอร์ โปร,1,750,750,,2567-11-19,IV6711103,ราคาที่ระบุ ยังไม่รวม VAT7%,แม่สี,งานสี,,1716
แม่สี Matrix  M-166,ทรัพย์สินไทย,1,850,850,,2565-05-25,IV6505291,ราคาที่ระบุเป็นก่อนหักส่วนลด,แม่สี,งานสี,10.0,1717
แม่สี Matrix  M-169,ทรัพย์สินไทย,1,850,850,,2565-05-25,IV6505291,ราคาที่ระบุเป็นก่อนหักส่วนลด,แม่สี,งานสี,10.0,1718
แม่สี Matrix  M-170,ทรัพย์สินไทย,2,2950,5900,,2562-05-15,,ราคาที่ระบุเป็นก่อนหักส่วนลด,แม่สี,งานสี,10.0,1719
แม่สี Matrix  M-170,ทรัพย์สินไทย,2,2950,5900,,2562-05-24,,ราคาที่ระบุเป็นก่อนหักส่วนลด,แม่สี,งานสี,10.0,1720
แม่สี Matrix  M-170,ทรัพย์สินไทย,2,2950,5900,,2562-07-25,,ราคาที่ระบุเป็นก่อนหักส่วนลด,แม่สี,งานสี,10.0,1721
แม่สี Matrix  M-170,ทรัพย์สินไทย,2,2950,5900,,2562-08-26,,ราคาที่ระบุเป็นก่อนหักส่วนลด,แม่สี,งานสี,10.0,1722
แม่สี Matrix  M-170,ทรัพย์สินไทย,2,2950,5900,,2562-09-27,,ราคาที่ระบุเป็นก่อนหักส่วนลด,แม่สี,งานสี,10.0,1723
แม่สี Matrix  M-170,ทรัพย์สินไทย,2,2950,5900,,2563-03-24,,ราคาที่ระบุเป็นก่อนหักส่วนลด,แม่สี,งานสี,10.0,1724
แม่สี Matrix  M-170,ทรัพย์สินไทย,2,2950,5900,,2565-01-21,IV6501224,ราคาที่ระบุเป็นก่อนหักส่วนลด,แม่สี,งานสี,10.0,1725
แม่สี ขาวใส SC-170,บจก. วีที คัลเลอร์ โปร,1,2450,2450,,2566-03-20,IV168-66,ราคาที่ระบุ ยังไม่รวม VAT7%,แม่สี,งานสี,,1726
แม่สี ขาวใส SC-170,บจก. วีที คัลเลอร์ โปร,1,2450,2450,,2566-06-24,IV352-66,ราคาที่ระบุ ยังไม่รวม VAT7%,แม่สี,งานสี,,1727
แม่สี ขาวใส Hybrid S170,บจก. วีที คัลเลอร์ โปร,1,2450,2450,,2566-10-21,IV684-66,ราคาที่ระบุ ยังไม่รวม VAT7%,แม่สี,งานสี,,1728
แม่สี ขาวใส Hybrid S170,บจก. วีที คัลเลอร์ โปร,1,2450,2450,,2567-06-21,IV6706124,ราคาที่ระบุ ยังไม่รวม VAT7%,แม่สี,งานสี,,1729
แม่สี ขาวใส Hybrid S170,บจก. วีที คัลเลอร์ โปร,1,2450,2450,,2567-08-14,IV6708064,ราคาที่ระบุ ยังไม่รวม VAT7%,แม่สี,งานสี,,1730
แม่สี ขาวใส Hybrid S170,บจก. วีที คัลเลอร์ โปร,2,2450,5243,4900.0,2568-07-23,IV6807180,,แม่สี,งานสี,0.07,1731
แม่สี ขาวใส Hybrid S170,บจก. วีที คัลเลอร์ โปร,1,2450,2621.5,2450.0,2568-11-26,IV6811188,,แม่สี,งานสี,0.07,1732
แม่สี Matrix  M-171,ทรัพย์สินไทย,3,2950,8850,,2561-05-28,,ราคาที่ระบุเป็นก่อนหักส่วนลด,แม่สี,งานสี,10.0,1733
แม่สี Matrix  M-171,ทรัพย์สินไทย,5,2950,14750,,2562-05-24,,ราคาที่ระบุเป็นก่อนหักส่วนลด,แม่สี,งานสี,10.0,1734
แม่สี Matrix  M-171,ทรัพย์สินไทย,5,2950,14750,,2562-06-24,,ราคาที่ระบุเป็นก่อนหักส่วนลด,แม่สี,งานสี,10.0,1735
แม่สี Matrix  M-171,ทรัพย์สินไทย,3,2950,8850,,2562-08-26,,ราคาที่ระบุเป็นก่อนหักส่วนลด,แม่สี,งานสี,10.0,1736
แม่สี Matrix  M-171,ทรัพย์สินไทย,3,2950,8850,,2562-09-24,,ราคาที่ระบุเป็นก่อนหักส่วนลด,แม่สี,งานสี,10.0,1737
แม่สี Matrix  M-171,ทรัพย์สินไทย,3,2950,8850,,2563-01-27,,ราคาที่ระบุเป็นก่อนหักส่วนลด,แม่สี,งานสี,10.0,1738
แม่สี Matrix  M-171,ทรัพย์สินไทย,5,2950,14750,,2563-02-20,,ราคาที่ระบุเป็นก่อนหักส่วนลด,แม่สี,งานสี,10.0,1739
แม่สี Matrix  M-171,ทรัพย์สินไทย,3,2950,8850,,2563-03-24,,ราคาที่ระบุเป็นก่อนหักส่วนลด,แม่สี,งานสี,10.0,1740
แม่สี Matrix  M-171,ทรัพย์สินไทย,3,2950,8850,,2563-07-29,,ราคาที่ระบุเป็นก่อนหักส่วนลด,แม่สี,งานสี,10.0,1741
แม่สี Matrix  M-171,ทรัพย์สินไทย,3,2950,8850,,2563-08-24,,ราคาที่ระบุเป็นก่อนหักส่วนลด,แม่สี,งานสี,10.0,1742
แม่สี Matrix  M-171,ทรัพย์สินไทย,3,2950,8850,,2563-09-23,,ราคาที่ระบุเป็นก่อนหักส่วนลด,แม่สี,งานสี,10.0,1743
แม่สี Matrix  M-171,ทรัพย์สินไทย,3,2950,8850,,2563-10-21,,ราคาที่ระบุเป็นก่อนหักส่วนลด,แม่สี,งานสี,10.0,1744
แม่สี Matrix  M-171,ทรัพย์สินไทย,3,2950,8850,,2563-11-25,,ราคาที่ระบุเป็นก่อนหักส่วนลด,แม่สี,งานสี,10.0,1745
แม่สี Matrix  M-171,ทรัพย์สินไทย,3,2950,8850,,2564-01-22,,ราคาที่ระบุเป็นก่อนหักส่วนลด,แม่สี,งานสี,10.0,1746
แม่สี Matrix  M-171,ทรัพย์สินไทย,4,2950,11800,,2564-03-24,,ราคาที่ระบุเป็นก่อนหักส่วนลด,แม่สี,งานสี,10.0,1747
แม่สี Matrix  M-171,ทรัพย์สินไทย,3,2950,8850,,2564-04-26,,ราคาที่ระบุเป็นก่อนหักส่วนลด,แม่สี,งานสี,10.0,1748
แม่สี Matrix  M-171,ทรัพย์สินไทย,3,2950,8850,,2564-06-18,,ราคาที่ระบุเป็นก่อนหักส่วนลด,แม่สี,งานสี,10.0,1749
แม่สี Matrix  M-171,ทรัพย์สินไทย,3,2950,8850,,2564-07-26,,ราคาที่ระบุเป็นก่อนหักส่วนลด,แม่สี,งานสี,10.0,1750
แม่สี Matrix  M-171,ทรัพย์สินไทย,2,2950,5900,,2564-10-26,IV6410364,ราคาที่ระบุเป็นก่อนหักส่วนลด,แม่สี,งานสี,10.0,1751
แม่สี Matrix  M-171,ทรัพย์สินไทย,3,2950,8850,,2564-11-23,IV6411319,ราคาที่ระบุเป็นก่อนหักส่วนลด,แม่สี,งานสี,10.0,1752
แม่สี Matrix  M-171,ทรัพย์สินไทย,3,2950,8850,,2565-01-21,IV6501224,ราคาที่ระบุเป็นก่อนหักส่วนลด,แม่สี,งานสี,10.0,1753
แม่สี Matrix  M-171,ทรัพย์สินไทย,3,2950,8850,,2565-02-22,IV6502258,ราคาที่ระบุเป็นก่อนหักส่วนลด,แม่สี,งานสี,10.0,1754
แม่สี Matrix  M-171,ทรัพย์สินไทย,3,2950,8850,,2565-03-23,IV6503300,ราคาที่ระบุเป็นก่อนหักส่วนลด,แม่สี,งานสี,10.0,1755
แม่สี Matrix  M-171,ทรัพย์สินไทย,3,2950,8850,,2565-05-25,IV6505290,ราคาที่ระบุเป็นก่อนหักส่วนลด,แม่สี,งานสี,10.0,1756
แม่สี Matrix  M-171,ทรัพย์สินไทย,2,2950,5900,,2565-06-24,IV6506328,ราคาที่ระบุเป็นก่อนหักส่วนลด,แม่สี,งานสี,10.0,1757
แม่สี Matrix  M-171,ทรัพย์สินไทย,1,2950,2950,,2565-06-27,IV6506336,ราคาที่ระบุเป็นก่อนหักส่วนลด,แม่สี,งานสี,10.0,1758
แม่สี ดำเข้มอมน้ำตาล SC-171,บจก. วีที คัลเลอร์ โปร,2,2450,4900,,2565-07-21,IV101-65,ราคาที่ระบุ ยังไม่รวม VAT7%,แม่สี,งานสี,,1759
แม่สี ดำเข้มอมน้ำตาล SC-171,บจก. วีที คัลเลอร์ โปร,1,2450,2450,,2565-08-24,IV148-65,ราคาที่ระบุ ยังไม่รวม VAT7%,แม่สี,งานสี,,1760
แม่สี ดำเข้มอมน้ำตาล SC-171,บจก. วีที คัลเลอร์ โปร,5,2450,12250,,2565-09-20,IV184-65,ราคาที่ระบุ ยังไม่รวม VAT7%,แม่สี,งานสี,,1761
แม่สี ดำเข้มอมน้ำตาล SC-171,บจก. วีที คัลเลอร์ โปร,2,2450,4900,,2565-11-11,IV259-65,ราคาที่ระบุ ยังไม่รวม VAT7%,แม่สี,งานสี,,1762
แม่สี ดำเข้มอมน้ำตาล SC-171,บจก. วีที คัลเลอร์ โปร,3,2450,7350,,2565-11-23,IV276-65,ราคาที่ระบุ ยังไม่รวม VAT7%,แม่สี,งานสี,,1763
แม่สี ดำเข้มอมน้ำตาล SC-171,บจก. วีที คัลเลอร์ โปร,3,2450,7350,,2565-12-19,IV318-65,ราคาที่ระบุ ยังไม่รวม VAT7%,แม่สี,งานสี,,1764
แม่สี ดำเข้มอมน้ำตาล SC-171,บจก. วีที คัลเลอร์ โปร,2,2450,4900,,2566-01-20,IV041-66,ราคาที่ระบุ ยังไม่รวม VAT7%,แม่สี,งานสี,,1765
แม่สี ดำเข้มอมน้ำตาล SC-171,บจก. วีที คัลเลอร์ โปร,3,2450,7350,,2566-02-22,IV113-66,ราคาที่ระบุ ยังไม่รวม VAT7%,แม่สี,งานสี,,1766
แม่สี ดำเข้มอมน้ำตาล SC-171,บจก. วีที คัลเลอร์ โปร,1,2450,2450,,2566-03-20,IV168-66,ราคาที่ระบุ ยังไม่รวม VAT7%,แม่สี,งานสี,,1767
แม่สี ดำเข้มอมน้ำตาล SC-171,บจก. วีที คัลเลอร์ โปร,2,2450,4900,,2566-03-23,IV178-66,ราคาที่ระบุ ยังไม่รวม VAT7%,แม่สี,งานสี,,1768
แม่สี ดำเข้มอมน้ำตาล SC-171,บจก. วีที คัลเลอร์ โปร,1,2450,2450,,2566-04-24,IV226-66,ราคาที่ระบุ ยังไม่รวม VAT7%,แม่สี,งานสี,,1769
แม่สี ดำเข้มอมน้ำตาล SC-171,บจก. วีที คัลเลอร์ โปร,3,2450,7350,,2566-06-24,IV352-66,ราคาที่ระบุ ยังไม่รวม VAT7%,แม่สี,งานสี,,1770
แม่สี ดำเข้มอมน้ำตาล Hybrid S171,บจก. วีที คัลเลอร์ โปร,2,2450,4900,,2566-07-21,IV410-66,ราคาที่ระบุ ยังไม่รวม VAT7%,แม่สี,งานสี,,1771
แม่สี ดำเข้มอมน้ำตาล Hybrid S171,บจก. วีที คัลเลอร์ โปร,2,2450,4900,,2566-07-27,IV424-66,ราคาที่ระบุ ยังไม่รวม VAT7%,แม่สี,งานสี,,1772
แม่สี ดำเข้มอมน้ำตาล Hybrid S171,บจก. วีที คัลเลอร์ โปร,1,2450,2450,,2566-09-09,IV517-66,ราคาที่ระบุ ยังไม่รวม VAT7%,แม่สี,งานสี,,1773
แม่สี ดำเข้มอมน้ำตาล Hybrid S171,บจก. วีที คัลเลอร์ โปร,3,2450,7350,,2566-09-22,IV541-66,ราคาที่ระบุ ยังไม่รวม VAT7%,แม่สี,งานสี,,1774
แม่สี ดำเข้มอมน้ำตาล Hybrid S171,บจก. วีที คัลเลอร์ โปร,3,2450,7350,,2566-10-21,IV684-66,ราคาที่ระบุ ยังไม่รวม VAT7%,แม่สี,งานสี,,1775
แม่สี ดำเข้มอมน้ำตาล Hybrid S171,บจก. วีที คัลเลอร์ โปร,2,2450,4900,,2566-10-24,IV619-66,ราคาที่ระบุ ยังไม่รวม VAT7%,แม่สี,งานสี,,1776
แม่สี ดำเข้มอมน้ำตาล Hybrid S171,บจก. วีที คัลเลอร์ โปร,3,2450,7350,,2566-12-21,IV765-66,ราคาที่ระบุ ยังไม่รวม VAT7%,แม่สี,งานสี,,1777
แม่สี ดำเข้มอมน้ำตาล Hybrid S171,บจก. วีที คัลเลอร์ โปร,2,2450,4900,,2567-01-24,IV6701079,ราคาที่ระบุ ยังไม่รวม VAT7%,แม่สี,งานสี,,1778
แม่สี ดำเข้มอมน้ำตาล Hybrid S171,บจก. วีที คัลเลอร์ โปร,2,2450,4900,,2567-02-26,IV6702103,ราคาที่ระบุ ยังไม่รวม VAT7%,แม่สี,งานสี,,1779
แม่สี ดำเข้มอมน้ำตาล Hybrid S171,บจก. วีที คัลเลอร์ โปร,3,2450,7350,,2567-03-19,IV6703088,ราคาที่ระบุ ยังไม่รวม VAT7%,แม่สี,งานสี,,1780
แม่สี ดำเข้มอมน้ำตาล Hybrid S171,บจก. วีที คัลเลอร์ โปร,2,2450,4900,,2567-04-22,IV6704071,ราคาที่ระบุ ยังไม่รวม VAT7%,แม่สี,งานสี,,1781
แม่สี ดำเข้มอมน้ำตาล Hybrid S171,บจก. วีที คัลเลอร์ โปร,2,2450,4900,,2567-05-21,IV6705104,ราคาที่ระบุ ยังไม่รวม VAT7%,แม่สี,งานสี,,1782
แม่สี ดำเข้มอมน้ำตาล Hybrid S171,บจก. วีที คัลเลอร์ โปร,2,2450,4900,,2567-06-11,IV6706078,ราคาที่ระบุ ยังไม่รวม VAT7%,แม่สี,งานสี,,1783
แม่สี ดำเข้มอมน้ำตาล Hybrid S171,บจก. วีที คัลเลอร์ โปร,2,2450,4900,,2567-06-21,IV6706124,ราคาที่ระบุ ยังไม่รวม VAT7%,แม่สี,งานสี,,1784
แม่สี ดำเข้มอมน้ำตาล Hybrid S171,บจก. วีที คัลเลอร์ โปร,2,2450,4900,,2567-07-11,IV6707082,ราคาที่ระบุ ยังไม่รวม VAT7%,แม่สี,งานสี,,1785
แม่สี ดำเข้มอมน้ำตาล Hybrid S171,บจก. วีที คัลเลอร์ โปร,2,2450,4900,,2567-08-14,IV6708064,ราคาที่ระบุ ยังไม่รวม VAT7%,แม่สี,งานสี,,1786
แม่สี ดำเข้มอมน้ำตาล Hybrid S171,บจก. วีที คัลเลอร์ โปร,3,2450,7350,,2567-09-24,IV6709122,ราคาที่ระบุ ยังไม่รวม VAT7%,แม่สี,งานสี,,1787
แม่สี ดำเข้มอมน้ำตาล Hybrid S171,บจก. วีที คัลเลอร์ โปร,2,2450,4900,,2567-10-21,IV6710109,ราคาที่ระบุ ยังไม่รวม VAT7%,แม่สี,งานสี,,1788
แม่สี ดำเข้มอมน้ำตาล Hybrid S171,บจก. วีที คัลเลอร์ โปร,3,2450,7350,,2567-11-19,IV6711103,ราคาที่ระบุ ยังไม่รวม VAT7%,แม่สี,งานสี,,1789
แม่สี ดำเข้มอมน้ำตาล Hybrid S171,บจก. วีที คัลเลอร์ โปร,3,2450,7350,,2567-12-18,IV6712085,ราคาที่ระบุ ยังไม่รวม VAT7%,แม่สี,งานสี,,1790
แม่สี ดำเข้มอมน้ำตาล Hybrid S171,บจก. วีที คัลเลอร์ โปร,4,2621.5,10486,,2568-02-18,IV6802112,ราคารวม VAT แล้ว,แม่สี,งานสี,,1791
แม่สี ดำเข้มอมน้ำตาล Hybrid S171,บจก. วีที คัลเลอร์ โปร,4,2621.5,10486,,2568-03-26,IV6803171,ราคารวม VAT แล้ว,แม่สี,งานสี,,1792
แม่สี ดำเข้มอมน้ำตาล Hybrid S171,บจก. วีที คัลเลอร์ โปร,4,2450,10486,9800.0,2568-05-21,IV6805147,ราคารวม VAT แล้ว,แม่สี,งานสี,,1793
แม่สี ดำเข้มอมน้ำตาล Hybrid S171,บจก. วีที คัลเลอร์ โปร,2,2450,5243,4900.0,2568-08-13,IV6808072,,แม่สี,งานสี,0.07,1794
แม่สี ดำเข้มอมน้ำตาล Hybrid S171,บจก. วีที คัลเลอร์ โปร,3,2450,7864.5,7350.0,2568-06-26,IV6806175,,แม่สี,งานสี,0.07,1795
แม่สี ดำเข้มอมน้ำตาล Hybrid S171,บจก. วีที คัลเลอร์ โปร,4,2450,10486,9800.0,2568-07-23,IV6807180,,แม่สี,งานสี,0.07,1796
แม่สี ดำเข้มอมน้ำตาล Hybrid S171,บจก. วีที คัลเลอร์ โปร,6,2450,15729,14700.0,2568-08-23,IV6808151,,แม่สี,งานสี,0.07,1797
แม่สี ดำเข้มอมน้ำตาล Hybrid S171,บจก. วีที คัลเลอร์ โปร,4,2450,10486,9800.0,2568-10-16,IV6810110,ราคาที่ลง ยังไม่รวมภาษี,แม่สี,งานสี,,1798
แม่สี ดำเข้มอมน้ำตาล Hybrid S171,บจก. วีที คัลเลอร์ โปร,3,2450,7864.5,7350.0,2568-11-26,IV6811188,,แม่สี,งานสี,0.07,1799
แม่สี เขียวอมเหลือง SC-173,บจก. วีที คัลเลอร์ โปร,1,750,750,,2566-01-20,IV041-66,ราคาที่ระบุ ยังไม่รวม VAT7%,แม่สี,งานสี,,1800
แม่สี เขียวอมเหลือง SC-173,บจก. วีที คัลเลอร์ โปร,2,750,1500,,2566-06-24,IV352-66,ราคาที่ระบุ ยังไม่รวม VAT7%,แม่สี,งานสี,,1801
แม่สี เขียวอมเหลือง S173,บจก. วีที คัลเลอร์ โปร,2,750,1500,,2566-10-16,IV591-66,ราคาที่ระบุ ยังไม่รวม VAT7%,แม่สี,งานสี,,1802
แม่สี เขียวอมเหลือง S173,บจก. วีที คัลเลอร์ โปร,1,750,750,,2567-05-08,IV6705049,ราคาที่ระบุ ยังไม่รวม VAT7%,แม่สี,งานสี,,1803
แม่สี เขียวอมเหลือง Hybrid S173,บจก. วีที คัลเลอร์ โปร,1,750,750,,2567-08-14,IV6708064,ราคาที่ระบุ ยังไม่รวม VAT7%,แม่สี,งานสี,,1804
แม่สี เขียวอมเหลือง Hybrid S173,บจก. วีที คัลเลอร์ โปร,1,750,750,,2567-10-21,IV6710109,ราคาที่ระบุ ยังไม่รวม VAT7%,แม่สี,งานสี,,1805
แม่สี เขียวอมเหลือง Hybrid S173,บจก. วีที คัลเลอร์ โปร,1,750,802.5,750.0,2568-05-21,IV6805147,,แม่สี,งานสี,,1806
แม่สี เขียวอมเหลือง Hybrid S173,บจก. วีที คัลเลอร์ โปร,1,750,802.5,750.0,2568-08-13,IV6808072,ราคาที่ระบุ ยังไม่รวม VAT7%,แม่สี,งานสี,0.07,1807
แม่สี เขียวอมเหลือง Hybrid S173,บจก. วีที คัลเลอร์ โปร,2,750,1605,1500.0,2568-10-16,IV6810110,ราคาที่ลง ยังไม่รวมภาษี,แม่สี,งานสี,,1808
แม่สี เหลืองมัสตาด SC-174,บจก. วีที คัลเลอร์ โปร,1,750,750,,2566-01-20,IV041-66,ราคาที่ระบุ ยังไม่รวม VAT7%,แม่สี,งานสี,,1809
แม่สี เหลืองมัสตาด Hybrid S174,บจก. วีที คัลเลอร์ โปร,1,750,750,,2566-10-24,IV619-66,ราคาที่ระบุ ยังไม่รวม VAT7%,แม่สี,งานสี,,1810
แม่สี เหลืองมัสตาด Hybrid S174,บจก. วีที คัลเลอร์ โปร,1,750,750,,2567-03-19,IV6703088,ราคาที่ระบุ ยังไม่รวม VAT7%,แม่สี,งานสี,,1811
แม่สี เหลืองมัสตาด Hybrid S174,บจก. วีที คัลเลอร์ โปร,1,750,750,,2567-09-16,IV6709082,ราคาที่ระบุ ยังไม่รวม VAT7%,แม่สี,งานสี,,1812
แม่สี เหลืองมัสตาด Hybrid S174,บจก. วีที คัลเลอร์ โปร,1,750,750,,2567-10-21,IV6710109,ราคาที่ระบุ ยังไม่รวม VAT7%,แม่สี,งานสี,,1813
แม่สี เหลืองมัสตาด Hybrid S174,บจก. วีที คัลเลอร์ โปร,1,750,802.5,750.0,2568-05-21,IV6805147,,แม่สี,งานสี,,1814
แม่สี เหลืองมัสตาด Hybrid S174,บจก. วีที คัลเลอร์ โปร,1,750,802.5,750.0,2568-10-01,IV6810015,,แม่สี,งานสี,,1815
แม่สี เหลืองสด SC-175,บจก. วีที คัลเลอร์ โปร,1,750,750,,2566-01-20,IV041-66,ราคาที่ระบุ ยังไม่รวม VAT7%,แม่สี,งานสี,,1816
แม่สี เหลืองสด SC-175,บจก. วีที คัลเลอร์ โปร,2,750,1500,,2566-06-13,IV329-66,ราคาที่ระบุ ยังไม่รวม VAT7%,แม่สี,งานสี,,1817
แม่สี เหลืองสด HYBRID S175,บจก. วีที คัลเลอร์ โปร,1,750,750,,2567-02-26,IV6702103,ราคาที่ระบุ ยังไม่รวม VAT7%,แม่สี,งานสี,,1818
แม่สี เหลืองสด HYBRID S175,บจก. วีที คัลเลอร์ โปร,2,750,1500,,2567-05-08,IV6705049,ราคาที่ระบุ ยังไม่รวม VAT7%,แม่สี,งานสี,,1819
แม่สี เหลืองสด HYBRID S175,บจก. วีที คัลเลอร์ โปร,1,750,802.5,750.0,2568-06-26,IV6806175,ราคาที่ระบุ ยังไม่รวม VAT7%,แม่สี,งานสี,0.07,1820
แม่สี เหลืองสด HYBRID S175,บจก. วีที คัลเลอร์ โปร,2,750,1605,1500.0,2568-07-23,IV6807180,ราคาที่ระบุ ยังไม่รวม VAT7%,แม่สี,งานสี,0.07,1821
แม่สี เหลืองสด HYBRID S175,บจก. วีที คัลเลอร์ โปร,1,750,802.5,750.0,2568-11-26,IV6811188,,แม่สี,งานสี,0.07,1822
แม่สี แดงอมม่วง SC-176,บจก. วีที คัลเลอร์ โปร,1,750,750,,2566-01-20,IV041-66,ราคาที่ระบุ ยังไม่รวม VAT7%,แม่สี,งานสี,,1823
แม่สี แดงอมม่วง SC-176,บจก. วีที คัลเลอร์ โปร,1,750,750,,2566-06-24,IV352-66,ราคาที่ระบุ ยังไม่รวม VAT7%,แม่สี,งานสี,,1824
แม่สี แดงอมม่วง HYBRID S176,บจก. วีที คัลเลอร์ โปร,1,750,750,,2567-06-21,IV6706124,ราคาที่ระบุ ยังไม่รวม VAT7%,แม่สี,งานสี,,1825
แม่สี แดงอมม่วง HYBRID S176,บจก. วีที คัลเลอร์ โปร,1,802.5,802.5,,2568-01-21,IV6801106,ราคารวม VAT แล้ว,แม่สี,งานสี,,1826
แม่สี แดงอมม่วง HYBRID S176,บจก. วีที คัลเลอร์ โปร,2,750,1605,1500.0,2568-08-13,IV6808072,ราคาที่ระบุ ยังไม่รวม VAT7%,แม่สี,งานสี,0.07,1827
แม่สี แดงอมม่วง HYBRID S176,บจก. วีที คัลเลอร์ โปร,2,750,1605,1500.0,2568-07-23,IV6807180,ราคาที่ระบุ ยังไม่รวม VAT7%,แม่สี,งานสี,0.07,1828
แม่สี แดงอมม่วง HYBRID S176,บจก. วีที คัลเลอร์ โปร,2,750,1605,1500.0,2568-11-03,IV6811023,ราคาที่ระบุ ยังไม่รวม VAT7%,แม่สี,งานสี,0.07,1829
แม่สี แดงอมม่วง HYBRID S176,บจก. วีที คัลเลอร์ โปร,1,750,802.5,750.0,2568-11-26,IV6811188,,แม่สี,งานสี,0.07,1830
แม่สี เหลืองทองโปร่งใส SC-181,บจก. วีที คัลเลอร์ โปร,1,750,750,,2566-01-20,IV041-66,ราคาที่ระบุ ยังไม่รวม VAT7%,แม่สี,งานสี,,1831
แม่สี เหลืองทองโปร่งใส Hybrid S181,บจก. วีที คัลเลอร์ โปร,1,750,750,,2566-07-27,IV424-66,ราคาที่ระบุ ยังไม่รวม VAT7%,แม่สี,งานสี,,1832
แม่สี เหลืองทองโปร่งใส Hybrid S181,บจก. วีที คัลเลอร์ โปร,1,750,750,,2566-10-24,IV619-66,ราคาที่ระบุ ยังไม่รวม VAT7%,แม่สี,งานสี,,1833
แม่สี เหลืองทองโปร่งใส Hybrid S181,บจก. วีที คัลเลอร์ โปร,1,750,750,,2566-12-21,IV765-66,ราคาที่ระบุ ยังไม่รวม VAT7%,แม่สี,งานสี,,1834
แม่สี เหลืองทองโปร่งใส Hybrid S181,บจก. วีที คัลเลอร์ โปร,1,750,750,,2567-05-08,IV6705049,ราคาที่ระบุ ยังไม่รวม VAT7%,แม่สี,งานสี,,1835
แม่สี เหลืองทองโปร่งใส Hybrid S181,บจก. วีที คัลเลอร์ โปร,1,750,750,,2567-03-19,IV6703088,ราคาที่ระบุ ยังไม่รวม VAT7%,แม่สี,งานสี,,1836
แม่สี เหลืองทองโปร่งใส Hybrid S181,บจก. วีที คัลเลอร์ โปร,1,750,750,,2567-07-11,IV6707082,ราคาที่ระบุ ยังไม่รวม VAT7%,แม่สี,งานสี,,1837
แม่สี เหลืองทองโปร่งใส Hybrid S181,บจก. วีที คัลเลอร์ โปร,1,750,750,,2567-07-23,IV6707130,ราคาที่ระบุ ยังไม่รวม VAT7%,แม่สี,งานสี,,1838
แม่สี เหลืองทองโปร่งใส Hybrid S181,บจก. วีที คัลเลอร์ โปร,1,750,750,,2567-08-23,IV6708116,ราคาที่ระบุ ยังไม่รวม VAT7%,แม่สี,งานสี,,1839
แม่สี เหลืองทองโปร่งใส Hybrid S181,บจก. วีที คัลเลอร์ โปร,1,750,750,,2567-10-21,IV6710109,ราคาที่ระบุ ยังไม่รวม VAT7%,แม่สี,งานสี,,1840
แม่สี เหลืองทองโปร่งใส Hybrid S181,บจก. วีที คัลเลอร์ โปร,2,802.5,1605,,2568-02-24,IV6802144,ราคารวม VAT แล้ว,แม่สี,งานสี,,1841
แม่สี เหลืองทองโปร่งใส Hybrid S181,บจก. วีที คัลเลอร์ โปร,1,750,802.5,750.0,2568-05-21,IV6805147,,แม่สี,งานสี,,1842
แม่สี เหลืองทองโปร่งใส Hybrid S181,บจก. วีที คัลเลอร์ โปร,1,750,802.5,750.0,2568-06-26,IV6806175,,แม่สี,งานสี,0.07,1843
แม่สี เหลืองทองโปร่งใส Hybrid S181,บจก. วีที คัลเลอร์ โปร,2,750,1605,1500.0,2568-08-23,IV6808151,,แม่สี,งานสี,0.07,1844
แม่สี เหลืองทองโปร่งใส Hybrid S181,บจก. วีที คัลเลอร์ โปร,2,750,1605,1500.0,2568-10-01,IV6810015,,แม่สี,งานสี,0.07,1845
แม่สี เหลืองทองโปร่งใส Hybrid S181,บจก. วีที คัลเลอร์ โปร,2,750,1605,1500.0,2568-11-26,IV6811188,,แม่สี,งานสี,0.07,1846
แม่สี เหลืองทองโปร่งใส Hybrid S182,บจก. วีที คัลเลอร์ โปร,1,750,750,,2567-09-24,IV6709122,ราคาที่ระบุ ยังไม่รวม VAT7%,แม่สี,งานสี,,1847
แม่สี เหลืองทองโปร่งใส Hybrid S182,บจก. วีที คัลเลอร์ โปร,1,802.5,802.5,,2568-03-26,IV6803171,ราคารวม VAT แล้ว,แม่สี,งานสี,,1848
แม่สี เหลืองทองโปร่งใส Hybrid S182,บจก. วีที คัลเลอร์ โปร,1,750,802.5,750.0,2568-05-21,IV6805147,,แม่สี,งานสี,,1849
แม่สี เหลืองทองโปร่งใส Hybrid S182,บจก. วีที คัลเลอร์ โปร,1,750,802.5,750.0,2568-10-01,IV6810015,,แม่สี,งานสี,,1850
แม่สี น้ำตาลอมแดง Hybrid S183,บจก. วีที คัลเลอร์ โปร,1,750,802.5,750.0,2568-07-23,IV6807180,ราคาที่ระบุ ยังไม่รวม VAT7%,แม่สี,งานสี,0.07,1851
แม่สี เหลืองอมเขียว Hybrid S186,บจก. วีที คัลเลอร์ โปร,1,750,750,,2567-09-16,IV6709082,ราคาที่ระบุ ยังไม่รวม VAT7%,แม่สี,งานสี,,1852
แม่สี เหลืองอมเขียว Hybrid S186,บจก. วีที คัลเลอร์ โปร,1,802.5,802.5,,2568-02-24,IV6802144,ราคารวม VAT แล้ว,แม่สี,งานสี,,1853
แม่สี เหลืองอมเขียว Hybrid S186,บจก. วีที คัลเลอร์ โปร,2,750,1605,1500.0,2568-08-13,IV6808072,ราคาที่ระบุ ยังไม่รวม VAT7%,แม่สี,งานสี,0.07,1854
แม่สี เหลืองอมเขียว Hybrid S186,บจก. วีที คัลเลอร์ โปร,2,750,1605,1500.0,2568-11-26,IV6811188,,แม่สี,งานสี,0.07,1855
แม่สี เหลืองอมเขียว Hybrid S187,บจก. วีที คัลเลอร์ โปร,1,750,750,,2567-09-16,IV6709082,,แม่สี,งานสี,,1856
แม่สี เหลืองอมเขียว Hybrid S187,บจก. วีที คัลเลอร์ โปร,1,750,802.5,750.0,2568-07-23,IV6807180,,แม่สี,งานสี,0.07,1857
แม่สี เหลืองอมเขียว Hybrid S187,บจก. วีที คัลเลอร์ โปร,2,750,1605,1500.0,2568-09-12,IV6809088,,แม่สี,งานสี,0.07,1858
แม่สี มุกน้ำเงินละเอียดพิเศษ SC-245,บจก. วีที คัลเลอร์ โปร,1,1400,1400,,2566-01-20,IV041-66,ราคาที่ระบุ ยังไม่รวม VAT7%,แม่สี,งานสี,,1859
แม่สี มุกน้ำเงินละเอียดพิเศษ SC-245,บจก. วีที คัลเลอร์ โปร,1,1400,1400,,2566-02-22,IV113-66,ราคาที่ระบุ ยังไม่รวม VAT7%,แม่สี,งานสี,,1860
แม่สี มุกน้ำเงินละเอียดพิเศษ SC-245,บจก. วีที คัลเลอร์ โปร,1,1400,1400,,2566-06-24,IV352-66,ราคาที่ระบุ ยังไม่รวม VAT7%,แม่สี,งานสี,,1861
แม่สี มุกน้ำเงินละเอียดพิเศษ Hybrid S245,บจก. วีที คัลเลอร์ โปร,2,1400,2800,,2566-07-27,IV424-66,ราคาที่ระบุ ยังไม่รวม VAT7%,แม่สี,งานสี,,1862
แม่สี มุกน้ำเงินละเอียดพิเศษ Hybrid S245,บจก. วีที คัลเลอร์ โปร,1,1400,1400,,2566-12-21,IV765-66,ราคาที่ระบุ ยังไม่รวม VAT7%,แม่สี,งานสี,,1863
แม่สี มุกน้ำเงินละเอียดพิเศษ Hybrid S245,บจก. วีที คัลเลอร์ โปร,2,1400,2800,,2567-01-24,IV6701079,ราคาที่ระบุ ยังไม่รวม VAT7%,แม่สี,งานสี,,1864
แม่สี มุกน้ำเงินละเอียดพิเศษ Hybrid S245,บจก. วีที คัลเลอร์ โปร,1,1400,1400,,2567-05-21,IV6705104,ราคาที่ระบุ ยังไม่รวม VAT7%,แม่สี,งานสี,,1865
แม่สี มุกน้ำเงินละเอียดพิเศษ Hybrid S245,บจก. วีที คัลเลอร์ โปร,1,1400,1400,,2567-06-24,IV6706130,ราคาที่ระบุ ยังไม่รวม VAT7%,แม่สี,งานสี,,1866
แม่สี มุกน้ำเงินละเอียดพิเศษ Hybrid S245,บจก. วีที คัลเลอร์ โปร,1,1400,1400,,2567-11-19,IV6711103,ราคาที่ระบุ ยังไม่รวม VAT7%,แม่สี,งานสี,,1867
แม่สี มุกน้ำเงินละเอียดพิเศษ Hybrid S245,บจก. วีที คัลเลอร์ โปร,1,1498,1498,,2568-03-26,IV6803171,ราคารวม VAT แล้ว,แม่สี,งานสี,,1868
แม่สี มุกน้ำเงินละเอียดพิเศษ Hybrid S245,บจก. วีที คัลเลอร์ โปร,1,1400,1498,1400.0,2568-05-21,IV6805147,,แม่สี,งานสี,,1869
แม่สี มุกน้ำเงินละเอียดพิเศษ Hybrid S245,บจก. วีที คัลเลอร์ โปร,4,1400,5992,5600.0,2568-07-24,IV6807194,ราคาที่ระบุ ยังไม่รวม VAT7%,แม่สี,งานสี,0.07,1870
แม่สี ดำเทา SC-251,บจก. วีที คัลเลอร์ โปร,1,750,750,,2566-06-24,IV352-66,ราคาที่ระบุ ยังไม่รวม VAT7%,แม่สี,งานสี,,1871
แม่สี ดำเทา Hybrid S251,บจก. วีที คัลเลอร์ โปร,1,750,750,,2566-07-10,IV387-66,ราคาที่ระบุ ยังไม่รวม VAT7%,แม่สี,งานสี,,1872
แม่สี ดำเทา Hybrid S251,บจก. วีที คัลเลอร์ โปร,1,750,750,,2566-07-27,IV424-66,ราคาที่ระบุ ยังไม่รวม VAT7%,แม่สี,งานสี,,1873
แม่สี ดำเทา Hybrid S251,บจก. วีที คัลเลอร์ โปร,1,750,750,,2566-09-22,IV541-66,ราคาที่ระบุ ยังไม่รวม VAT7%,แม่สี,งานสี,,1874
แม่สี ดำเทา Hybrid S251,บจก. วีที คัลเลอร์ โปร,1,750,750,,2566-12-21,IV765-66,ราคาที่ระบุ ยังไม่รวม VAT7%,แม่สี,งานสี,,1875
แม่สี ดำเทา Hybrid S251,บจก. วีที คัลเลอร์ โปร,1,750,750,,2567-04-22,IV6704071,ราคาที่ระบุ ยังไม่รวม VAT7%,แม่สี,งานสี,,1876
แม่สี ดำเทา Hybrid S251,บจก. วีที คัลเลอร์ โปร,1,750,750,,2567-02-26,IV6702103,ราคาที่ระบุ ยังไม่รวม VAT7%,แม่สี,งานสี,,1877
แม่สี ดำเทา Hybrid S251,บจก. วีที คัลเลอร์ โปร,1,750,750,,2567-07-11,IV6707082,ราคาที่ระบุ ยังไม่รวม VAT7%,แม่สี,งานสี,,1878
แม่สี ดำเทา Hybrid S251,บจก. วีที คัลเลอร์ โปร,1,750,750,,2567-07-23,IV6707130,ราคาที่ระบุ ยังไม่รวม VAT7%,แม่สี,งานสี,,1879
แม่สี ดำเทา Hybrid S251,บจก. วีที คัลเลอร์ โปร,1,750,750,,2567-11-19,IV6711103,ราคาที่ระบุ ยังไม่รวม VAT7%,แม่สี,งานสี,,1880
แม่สี ดำเทา Hybrid S251,บจก. วีที คัลเลอร์ โปร,2,750,1605,1500.0,2568-06-26,IV6806175,ราคาที่ระบุ ยังไม่รวม VAT7%,แม่สี,งานสี,0.07,1881
แม่สี ม่วงสด SC-255,บจก. วีที คัลเลอร์ โปร,1,750,750,,2566-01-20,IV041-66,ราคาที่ระบุ ยังไม่รวม VAT7%,แม่สี,งานสี,,1882
แม่สี ม่วงสด Hybrid S255,บจก. วีที คัลเลอร์ โปร,1,750,750,,2566-07-27,IV424-66,ราคาที่ระบุ ยังไม่รวม VAT7%,แม่สี,งานสี,,1883
แม่สี ม่วงสด Hybrid S255,บจก. วีที คัลเลอร์ โปร,1,750,750,,2566-09-22,IV541-66,ราคาที่ระบุ ยังไม่รวม VAT7%,แม่สี,งานสี,,1884
แม่สี ม่วงสด Hybrid S255,บจก. วีที คัลเลอร์ โปร,1,750,750,,2567-04-22,IV6704071,ราคาที่ระบุ ยังไม่รวม VAT7%,แม่สี,งานสี,,1885
แม่สี ม่วงสด Hybrid S255,บจก. วีที คัลเลอร์ โปร,2,750,1500,,2567-07-11,IV6707082,ราคาที่ระบุ ยังไม่รวม VAT7%,แม่สี,งานสี,,1886
แม่สี ม่วงสด Hybrid S255,บจก. วีที คัลเลอร์ โปร,1,750,750,,2567-11-19,IV6711103,ราคาที่ระบุ ยังไม่รวม VAT7%,แม่สี,งานสี,,1887
แม่สี ม่วงสด Hybrid S255,บจก. วีที คัลเลอร์ โปร,2,802.5,1605,,2568-02-24,IV6802144,ราคารวม VAT แล้ว,แม่สี,งานสี,,1888
แม่สี ม่วงสด Hybrid S255,บจก. วีที คัลเลอร์ โปร,1,750,802.5,750.0,2568-06-26,IV6806175,ราคาที่ระบุ ยังไม่รวม VAT7%,แม่สี,งานสี,0.07,1889
แม่สี ม่วงสด Hybrid S255,บจก. วีที คัลเลอร์ โปร,2,750,1605,1500.0,2568-11-03,IV6811023,ราคาที่ระบุ ยังไม่รวม VAT7%,แม่สี,งานสี,0.07,1890
แม่สี ม่วงสด Hybrid S255,บจก. วีที คัลเลอร์ โปร,2,750,1605,1500.0,2568-11-26,IV6811188,,แม่สี,งานสี,0.07,1891
แม่สี แดงเลือดหมูสด Hybrid S256,บจก. วีที คัลเลอร์ โปร,1,750,750,,2567-05-21,IV6705104,ราคาที่ระบุ ยังไม่รวม VAT7%,แม่สี,งานสี,,1892
แม่สี Matrix  M-173,ทรัพย์สินไทย,1,850,850,,2562-07-24,,ราคาที่ระบุเป็นก่อนหักส่วนลด,แม่สี,งานสี,10.0,1893
แม่สี Matrix  M-173,ทรัพย์สินไทย,2,850,1700,,2562-08-26,,ราคาที่ระบุเป็นก่อนหักส่วนลด,แม่สี,งานสี,10.0,1894
แม่สี Matrix  M-173,ทรัพย์สินไทย,2,850,1700,,2563-07-24,,ราคาที่ระบุเป็นก่อนหักส่วนลด,แม่สี,งานสี,10.0,1895
แม่สี Matrix  M-173,ทรัพย์สินไทย,1,850,850,,2565-03-23,IV6503300,ราคาที่ระบุเป็นก่อนหักส่วนลด,แม่สี,งานสี,10.0,1896
แม่สี Matrix  M-174,ทรัพย์สินไทย,1,850,850,,2562-07-24,,ราคาที่ระบุเป็นก่อนหักส่วนลด,แม่สี,งานสี,10.0,1897
แม่สี Matrix  M-174,ทรัพย์สินไทย,2,850,1700,,2563-04-23,,ราคาที่ระบุเป็นก่อนหักส่วนลด,แม่สี,งานสี,10.0,1898
แม่สี Matrix  M-174,ทรัพย์สินไทย,2,850,1700,,2564-01-22,,ราคาที่ระบุเป็นก่อนหักส่วนลด,แม่สี,งานสี,10.0,1899
แม่สี Matrix  M-174,ทรัพย์สินไทย,1,850,850,,2565-03-23,IV6503300,ราคาที่ระบุเป็นก่อนหักส่วนลด,แม่สี,งานสี,10.0,1900
แม่สี Matrix  M-174,ทรัพย์สินไทย,2,850,1700,,2565-06-27,IV6506336,ราคาที่ระบุเป็นก่อนหักส่วนลด,แม่สี,งานสี,10.0,1901
แม่สี Matrix  M-175,ทรัพย์สินไทย,2,850,1700,,2562-09-24,,ราคาที่ระบุเป็นก่อนหักส่วนลด,แม่สี,งานสี,10.0,1902
แม่สี Matrix  M-175,ทรัพย์สินไทย,2,850,1700,,2563-02-20,,ราคาที่ระบุเป็นก่อนหักส่วนลด,แม่สี,งานสี,10.0,1903
แม่สี Matrix  M-175,ทรัพย์สินไทย,1,850,850,,2563-08-07,,ราคาที่ระบุเป็นก่อนหักส่วนลด,แม่สี,งานสี,10.0,1904
แม่สี Matrix  M-175,ทรัพย์สินไทย,2,850,1700,,2563-08-24,,ราคาที่ระบุเป็นก่อนหักส่วนลด,แม่สี,งานสี,10.0,1905
แม่สี Matrix  M-175,ทรัพย์สินไทย,2,850,1700,,2563-10-21,,ราคาที่ระบุเป็นก่อนหักส่วนลด,แม่สี,งานสี,10.0,1906
แม่สี Matrix  M-175,ทรัพย์สินไทย,1,850,850,,2565-01-21,IV6501224,ราคาที่ระบุเป็นก่อนหักส่วนลด,แม่สี,งานสี,10.0,1907
แม่สี Matrix  M-175,ทรัพย์สินไทย,2,850,1700,,2565-06-27,IV6506336,ราคาที่ระบุเป็นก่อนหักส่วนลด,แม่สี,งานสี,10.0,1908
แม่สี Matrix  M-176,ทรัพย์สินไทย,2,850,1700,,2563-08-24,,ราคาที่ระบุเป็นก่อนหักส่วนลด,แม่สี,งานสี,10.0,1909
แม่สี Matrix  M-176,ทรัพย์สินไทย,1,850,850,,2562-08-26,,ราคาที่ระบุเป็นก่อนหักส่วนลด,แม่สี,งานสี,10.0,1910
แม่สี Matrix  M-176,ทรัพย์สินไทย,2,850,1700,,2563-02-20,,ราคาที่ระบุเป็นก่อนหักส่วนลด,แม่สี,งานสี,10.0,1911
แม่สี Matrix  M-176,ทรัพย์สินไทย,1,850,850,,2564-11-23,IV6411319,ราคาที่ระบุเป็นก่อนหักส่วนลด,แม่สี,งานสี,10.0,1912
แม่สี Matrix  M-176,ทรัพย์สินไทย,1,850,850,,2565-05-25,IV6505290,ราคาที่ระบุเป็นก่อนหักส่วนลด,แม่สี,งานสี,10.0,1913
แม่สี Matrix  M-177,ทรัพย์สินไทย,2,850,1700,,2563-08-24,,ราคาที่ระบุเป็นก่อนหักส่วนลด,แม่สี,งานสี,10.0,1914
แม่สี Matrix  M-177,ทรัพย์สินไทย,1,850,850,,2563-09-23,,ราคาที่ระบุเป็นก่อนหักส่วนลด,แม่สี,งานสี,10.0,1915
แม่สี Matrix  M-177,ทรัพย์สินไทย,1,850,850,,2565-05-25,IV6505290,ราคาที่ระบุเป็นก่อนหักส่วนลด,แม่สี,งานสี,10.0,1916
แม่สีเหลืองเข้ม Hybrid S177,บจก. วีที คัลเลอร์ โปร,2,750,1605,1500.0,2568-11-03,IV6811023,ราคาที่ระบุ ยังไม่รวม VAT7%,แม่สี,งานสี,0.07,1917
แม่สี Matrix  M-180,ทรัพย์สินไทย,2,850,1700,,2563-02-20,,ราคาที่ระบุเป็นก่อนหักส่วนลด,แม่สี,งานสี,10.0,1918
แม่สี Matrix  M-180,ทรัพย์สินไทย,1,850,850,,2564-10-26,IV6410364,ราคาที่ระบุเป็นก่อนหักส่วนลด,แม่สี,งานสี,10.0,1919
แม่สี เหลืองโปร่งใส Hybrid S180,บจก. วีที คัลเลอร์ โปร,1,750,750,,2567-02-12,IV6702047,ราคาที่ระบุ ยังไม่รวมVAT7%,แม่สี,งานสี,,1920
แม่สี เหลืองโปร่งใส Hybrid S180,บจก. วีที คัลเลอร์ โปร,2,750,1605,1500.0,2568-11-03,IV6811023,ราคาที่ระบุ ยังไม่รวม VAT7%,แม่สี,งานสี,0.07,1921
แม่สี Matrix  M-181,ทรัพย์สินไทย,2,850,1700,,2561-05-28,,ราคาที่ระบุเป็นก่อนหักส่วนลด,แม่สี,งานสี,10.0,1922
แม่สี Matrix  M-181,ทรัพย์สินไทย,2,850,1700,,2562-07-24,,ราคาที่ระบุเป็นก่อนหักส่วนลด,แม่สี,งานสี,10.0,1923
แม่สี Matrix  M-181,ทรัพย์สินไทย,2,850,1700,,2562-09-27,,ราคาที่ระบุเป็นก่อนหักส่วนลด,แม่สี,งานสี,10.0,1924
แม่สี Matrix  M-181,ทรัพย์สินไทย,2,850,1700,,2563-03-11,,ราคาที่ระบุเป็นก่อนหักส่วนลด,แม่สี,งานสี,10.0,1925
แม่สี Matrix  M-181,ทรัพย์สินไทย,3,850,2550,,2563-07-24,,ราคาที่ระบุเป็นก่อนหักส่วนลด,แม่สี,งานสี,10.0,1926
แม่สี Matrix  M-181,ทรัพย์สินไทย,2,850,1700,,2563-09-23,,ราคาที่ระบุเป็นก่อนหักส่วนลด,แม่สี,งานสี,10.0,1927
แม่สี Matrix  M-181,ทรัพย์สินไทย,2,850,1700,,2564-01-22,,ราคาที่ระบุเป็นก่อนหักส่วนลด,แม่สี,งานสี,10.0,1928
แม่สี Matrix  M-181,ทรัพย์สินไทย,2,850,1700,,2564-04-26,,ราคาที่ระบุเป็นก่อนหักส่วนลด,แม่สี,งานสี,10.0,1929
แม่สี Matrix  M-181,ทรัพย์สินไทย,2,850,1700,,2564-06-18,,ราคาที่ระบุเป็นก่อนหักส่วนลด,แม่สี,งานสี,10.0,1930
แม่สี Matrix  M-181,ทรัพย์สินไทย,2,850,1700,,2564-08-24,,ราคาที่ระบุเป็นก่อนหักส่วนลด,แม่สี,งานสี,10.0,1931
แม่สี Matrix  M-181,ทรัพย์สินไทย,1,850,850,,2564-12-22,IV6412302,ราคาที่ระบุเป็นก่อนหักส่วนลด,แม่สี,งานสี,10.0,1932
แม่สี Matrix  M-181,ทรัพย์สินไทย,2,850,1700,,2565-02-22,IV6502258,ราคาที่ระบุเป็นก่อนหักส่วนลด,แม่สี,งานสี,10.0,1933
แม่สี Matrix  M-181,ทรัพย์สินไทย,1,850,850,,2565-05-25,IV6505290,ราคาที่ระบุเป็นก่อนหักส่วนลด,แม่สี,งานสี,10.0,1934
แม่สี เหลืองทองโปร่งใส SC-181,บจก. วีที คัลเลอร์ โปร,1,750,750,,2565-08-02,IV116-65,ราคาที่ระบุ ยังไม่รวมVAT7%,แม่สี,งานสี,,1935
แม่สี เหลืองทองโปร่งใส SC-181,บจก. วีที คัลเลอร์ โปร,1,750,750,,2565-10-15,IV214-65,ราคาที่ระบุ ยังไม่รวมVAT7%,แม่สี,งานสี,,1936
แม่สี เหลืองทองโปร่งใส SC-181,บจก. วีที คัลเลอร์ โปร,1,750,750,,2565-10-25,IV228-65,ราคาที่ระบุ ยังไม่รวมVAT7%,แม่สี,งานสี,,1937
แม่สี เหลืองทองโปร่งใส SC-181,บจก. วีที คัลเลอร์ โปร,2,750,1500,,2566-03-23,IV178-66,ราคาที่ระบุ ยังไม่รวมVAT7%,แม่สี,งานสี,,1938
แม่สี เหลืองทองโปร่งใส SC-181,บจก. วีที คัลเลอร์ โปร,1,750,750,,2566-06-24,IV352-66,ราคาที่ระบุ ยังไม่รวมVAT7%,แม่สี,งานสี,,1939
แม่สี น้ำตาลโปร่งใส SC-182,บจก. วีที คัลเลอร์ โปร,1,750,750,,2566-03-23,IV178-66,ราคาที่ระบุ ยังไม่รวมVAT7%,แม่สี,งานสี,,1940
แม่สี น้ำตาลโปร่งใส SC-182,บจก. วีที คัลเลอร์ โปร,1,750,750,,2566-06-24,IV352-66,ราคาที่ระบุ ยังไม่รวมVAT7%,แม่สี,งานสี,,1941
แม่สี Matrix  M-182,ทรัพย์สินไทย,1,850,850,,2562-09-27,,ราคาที่ระบุเป็นก่อนหักส่วนลด,แม่สี,งานสี,10.0,1942
แม่สี Matrix  M-182,ทรัพย์สินไทย,1,850,850,,2564-03-29,,ราคาที่ระบุเป็นก่อนหักส่วนลด,แม่สี,งานสี,10.0,1943
แม่สี Matrix  M-182,ทรัพย์สินไทย,2,850,1700,,2564-08-24,,ราคาที่ระบุเป็นก่อนหักส่วนลด,แม่สี,งานสี,10.0,1944
แม่สี Matrix  M-183,ทรัพย์สินไทย,1,850,850,,2563-08-07,,ราคาที่ระบุเป็นก่อนหักส่วนลด,แม่สี,งานสี,10.0,1945
แม่สี Matrix  M-183,ทรัพย์สินไทย,1,850,850,,2565-01-21,IV6501224,ราคาที่ระบุเป็นก่อนหักส่วนลด,แม่สี,งานสี,10.0,1946
แม่สี Matrix  M-185,ทรัพย์สินไทย,1,850,850,,2562-08-26,,ราคาที่ระบุเป็นก่อนหักส่วนลด,แม่สี,งานสี,10.0,1947
แม่สี Matrix  M-185,ทรัพย์สินไทย,1,850,850,,2562-09-27,,ราคาที่ระบุเป็นก่อนหักส่วนลด,แม่สี,งานสี,10.0,1948
แม่สี Matrix  M-185,ทรัพย์สินไทย,2,850,1700,,2563-02-20,,ราคาที่ระบุเป็นก่อนหักส่วนลด,แม่สี,งานสี,10.0,1949
แม่สี Matrix  M-185,ทรัพย์สินไทย,1,850,850,,2563-08-07,,ราคาที่ระบุเป็นก่อนหักส่วนลด,แม่สี,งานสี,10.0,1950
แม่สี Matrix  M-185,ทรัพย์สินไทย,2,850,1700,,2564-08-24,,ราคาที่ระบุเป็นก่อนหักส่วนลด,แม่สี,งานสี,10.0,1951
แม่สีน้ำเงินอมม่วง Hybrid S185,บจก. วีที คัลเลอร์ โปร,2,750,1500,,2567-02-12,IV6702047,ราคาที่ระบุเป็นก่อนหักส่วนลด,แม่สี,งานสี,,1952
แม่สีน้ำเงินอมม่วง Hybrid S185,บจก. วีที คัลเลอร์ โปร,1,750,750,,2567-08-14,IV6708064,ราคาที่ระบุเป็นก่อนหักส่วนลด,แม่สี,งานสี,,1953
แม่สีน้ำเงินอมม่วง Hybrid S185,บจก. วีที คัลเลอร์ โปร,1,750,750,,2567-12-18,IV6712085,ราคาที่ระบุเป็นก่อนหักส่วนลด,แม่สี,งานสี,,1954
แม่สีน้ำเงินอมม่วง Hybrid S185,บจก. วีที คัลเลอร์ โปร,1,750,802.5,750.0,2568-07-23,IV6807180,ราคาที่ระบุ ยังไม่รวม VAT7%,แม่สี,งานสี,0.07,1955
แม่สี Matrix  M-186,ทรัพย์สินไทย,1,850,850,,2562-10-01,,ราคาที่ระบุเป็นก่อนหักส่วนลด,แม่สี,งานสี,10.0,1956
แม่สี Matrix  M-186,ทรัพย์สินไทย,1,850,850,,2563-08-07,,ราคาที่ระบุเป็นก่อนหักส่วนลด,แม่สี,งานสี,10.0,1957
แม่สี Matrix  M-186,ทรัพย์สินไทย,1,850,850,,2563-09-23,,ราคาที่ระบุเป็นก่อนหักส่วนลด,แม่สี,งานสี,10.0,1958
แม่สี Matrix  M-186,ทรัพย์สินไทย,2,850,850,,2564-01-22,,ราคาที่ระบุเป็นก่อนหักส่วนลด,แม่สี,งานสี,10.0,1959
แม่สี Matrix  M-186,ทรัพย์สินไทย,1,850,850,,2564-11-23,IV6411319,ราคาที่ระบุเป็นก่อนหักส่วนลด,แม่สี,งานสี,10.0,1960
แม่สี Matrix  M-186,ทรัพย์สินไทย,1,850,850,,2565-05-25,IV6505290,ราคาที่ระบุเป็นก่อนหักส่วนลด,แม่สี,งานสี,10.0,1961
แม่สี Matrix  M-187,ทรัพย์สินไทย,1,850,850,,2562-09-24,,ราคาที่ระบุเป็นก่อนหักส่วนลด,แม่สี,งานสี,10.0,1962
แม่สี Matrix  M-187,ทรัพย์สินไทย,2,850,1700,,2563-04-23,,ราคาที่ระบุเป็นก่อนหักส่วนลด,แม่สี,งานสี,10.0,1963
แม่สี Matrix  M-187,ทรัพย์สินไทย,2,850,1700,,2564-08-24,,ราคาที่ระบุเป็นก่อนหักส่วนลด,แม่สี,งานสี,10.0,1964
แม่สี Matrix  M-187,ทรัพย์สินไทย,1,850,850,,2565-05-25,IV6505290,ราคาที่ระบุเป็นก่อนหักส่วนลด,แม่สี,งานสี,10.0,1965
แม่สี Matrix  M-188,ทรัพย์สินไทย,1,850,850,,2562-06-25,,ราคาที่ระบุเป็นก่อนหักส่วนลด,แม่สี,งานสี,10.0,1966
แม่สี Matrix  M-188,ทรัพย์สินไทย,1,850,850,,2562-09-24,,ราคาที่ระบุเป็นก่อนหักส่วนลด,แม่สี,งานสี,10.0,1967
แม่สี Matrix  M-188,ทรัพย์สินไทย,2,850,1700,,2563-07-29,,ราคาที่ระบุเป็นก่อนหักส่วนลด,แม่สี,งานสี,10.0,1968
แม่สี Matrix  M-188,ทรัพย์สินไทย,2,850,1700,,2564-02-23,,ราคาที่ระบุเป็นก่อนหักส่วนลด,แม่สี,งานสี,10.0,1969
แม่สี Matrix  M-188,ทรัพย์สินไทย,1,850,850,,2564-10-26,IV6410364,ราคาที่ระบุเป็นก่อนหักส่วนลด,แม่สี,งานสี,10.0,1970
แม่สี Matrix  M-188,ทรัพย์สินไทย,1,850,850,,2565-05-25,IV6505290,ราคาที่ระบุเป็นก่อนหักส่วนลด,แม่สี,งานสี,10.0,1971
แม่สีน้ำเงินฟ้า SC-188,บจก. วีที คัลเลอร์ โปร,2,750,1500,,2565-10-25,IV228-65,ราคาที่ระบุเป็นก่อนหักส่วนลด,แม่สี,งานสี,,1972
แม่สีน้ำเงินฟ้า Hybrid S188,บจก. วีที คัลเลอร์ โปร,1,750,750,,2566-07-27,IV424-66,ราคาที่ระบุเป็นก่อนหักส่วนลด,แม่สี,งานสี,,1973
แม่สีน้ำเงินฟ้า Hybrid S188,บจก. วีที คัลเลอร์ โปร,2,750,1500,,2567-02-12,IV6702047,ราคาที่ระบุเป็นก่อนหักส่วนลด,แม่สี,งานสี,,1974
แม่สีน้ำเงินฟ้า Hybrid S188,บจก. วีที คัลเลอร์ โปร,2,750,1605,1500.0,2568-07-23,IV6807180,,แม่สี,งานสี,0.07,1975
แม่สีน้ำเงินฟ้า Hybrid S188,บจก. วีที คัลเลอร์ โปร,2,750,1605,1500.0,2568-08-23,IV6808151,,แม่สี,งานสี,0.07,1976
แม่สี Matrix  M-189,ทรัพย์สินไทย,1,850,850,,2562-06-25,,ราคาที่ระบุเป็นก่อนหักส่วนลด,แม่สี,งานสี,10.0,1977
แม่สี Matrix  M-189,ทรัพย์สินไทย,2,850,1700,,2563-12-21,,ราคาที่ระบุเป็นก่อนหักส่วนลด,แม่สี,งานสี,10.0,1978
แม่สี Matrix  M-189,ทรัพย์สินไทย,1,850,850,,2564-09-22,IV6409285,ราคาที่ระบุเป็นก่อนหักส่วนลด,แม่สี,งานสี,10.0,1979
แม่สี Matrix  M-189,ทรัพย์สินไทย,1,850,850,,2565-05-25,IV6505290,ราคาที่ระบุเป็นก่อนหักส่วนลด,แม่สี,งานสี,10.0,1980
แม่สีเขียวอมน้ำเงิน Hybrid S189,บจก. วีที คัลเลอร์ โปร,1,750,750,,2567-06-24,IV6706130,ราคาที่ระบุเป็นก่อนหักส่วนลด,แม่สี,งานสี,,1981
แม่สีเขียวอมน้ำเงิน Hybrid S189,บจก. วีที คัลเลอร์ โปร,2,750,1605,1500.0,2568-09-12,IV6809088,,แม่สี,งานสี,0.07,1982
แม่สี Matrix  M-190,ทรัพย์สินไทย,3,2950,8850,,2561-05-28,,ราคาที่ระบุเป็นก่อนหักส่วนลด,แม่สี,งานสี,10.0,1983
แม่สี Matrix  M-190,ทรัพย์สินไทย,3,2950,8850,,2562-06-24,,ราคาที่ระบุเป็นก่อนหักส่วนลด,แม่สี,งานสี,10.0,1984
แม่สี Matrix  M-190,ทรัพย์สินไทย,2,2950,5900,,2562-08-26,,ราคาที่ระบุเป็นก่อนหักส่วนลด,แม่สี,งานสี,10.0,1985
แม่สี Matrix  M-190,ทรัพย์สินไทย,2,2950,5900,,2563-03-24,,ราคาที่ระบุเป็นก่อนหักส่วนลด,แม่สี,งานสี,10.0,1986
แม่สี Matrix  M-190,ทรัพย์สินไทย,2,2950,5900,,2563-07-24,,ราคาที่ระบุเป็นก่อนหักส่วนลด,แม่สี,งานสี,10.0,1987
แม่สี Matrix  M-190,ทรัพย์สินไทย,2,2950,5900,,2563-09-23,,ราคาที่ระบุเป็นก่อนหักส่วนลด,แม่สี,งานสี,10.0,1988
แม่สี Matrix  M-190,ทรัพย์สินไทย,2,2950,5900,,2563-12-10,,ราคาที่ระบุเป็นก่อนหักส่วนลด,แม่สี,งานสี,10.0,1989
แม่สี Matrix  M-190,ทรัพย์สินไทย,2,2950,5900,,2563-12-21,,ราคาที่ระบุเป็นก่อนหักส่วนลด,แม่สี,งานสี,10.0,1990
แม่สี Matrix  M-190,ทรัพย์สินไทย,2,2950,5900,,2564-03-24,,ราคาที่ระบุเป็นก่อนหักส่วนลด,แม่สี,งานสี,10.0,1991
แม่สี Matrix  M-190,ทรัพย์สินไทย,2,2950,5900,,2564-07-26,,ราคาที่ระบุเป็นก่อนหักส่วนลด,แม่สี,งานสี,10.0,1992
แม่สี Matrix  M-190,ทรัพย์สินไทย,1,2950,2950,,2564-11-23,IV6411319,ราคาที่ระบุเป็นก่อนหักส่วนลด,แม่สี,งานสี,10.0,1993
แม่สี Matrix  M-190,ทรัพย์สินไทย,1,2950,2950,,2565-02-22,IV6502258,ราคาที่ระบุเป็นก่อนหักส่วนลด,แม่สี,งานสี,10.0,1994
แม่สี Matrix  M-190,ทรัพย์สินไทย,1,2950,2950,,2565-03-23,IV6503300,ราคาที่ระบุเป็นก่อนหักส่วนลด,แม่สี,งานสี,10.0,1995
แม่สี Matrix  M-190,ทรัพย์สินไทย,1,2950,2950,,2565-05-25,IV6505290,ราคาที่ระบุเป็นก่อนหักส่วนลด,แม่สี,งานสี,10.0,1996
แม่สี Matrix  M-190,ทรัพย์สินไทย,2,2950,5900,,2565-06-27,IV6506336,ราคาที่ระบุเป็นก่อนหักส่วนลด,แม่สี,งานสี,10.0,1997
แม่สี บรอนซ์กลาง SC-190,บจก. วีที คัลเลอร์ โปร,1,2450,2450,,2565-08-24,IV148-65,ราคาที่ระบุ ยังไม่รวม VAT7%,แม่สี,งานสี,,1998
แม่สี บรอนซ์กลาง SC-190,บจก. วีที คัลเลอร์ โปร,1,2450,2450,,2565-10-25,IV228-65,ราคาที่ระบุ ยังไม่รวม VAT7%,แม่สี,งานสี,,1999
แม่สี บรอนซ์กลาง SC-190,บจก. วีที คัลเลอร์ โปร,1,2450,2450,,2565-11-25,IV283-65,ราคาที่ระบุ ยังไม่รวม VAT7%,แม่สี,งานสี,,2000
แม่สี บรอนซ์กลาง SC-190,บจก. วีที คัลเลอร์ โปร,1,2450,2450,,2565-12-22,IV328-65,ราคาที่ระบุ ยังไม่รวม VAT7%,แม่สี,งานสี,,2001
แม่สี บรอนซ์กลาง SC-190,บจก. วีที คัลเลอร์ โปร,2,2450,4900,,2566-01-20,IV041-66,ราคาที่ระบุ ยังไม่รวม VAT7%,แม่สี,งานสี,,2002
แม่สี บรอนซ์กลาง SC-190,บจก. วีที คัลเลอร์ โปร,3,2450,7350,,2566-06-24,IV352-66,ราคาที่ระบุ ยังไม่รวม VAT7%,แม่สี,งานสี,,2003
แม่สี บรอนซ์กลาง Hybrid S190,บจก. วีที คัลเลอร์ โปร,1,2450,2450,,2566-10-21,IV684-66,ราคาที่ระบุ ยังไม่รวม VAT7%,แม่สี,งานสี,,2004
แม่สี บรอนซ์กลาง Hybrid S190,บจก. วีที คัลเลอร์ โปร,1,2450,2450,,2566-12-21,IV765-66,ราคาที่ระบุ ยังไม่รวม VAT7%,แม่สี,งานสี,,2005
แม่สี บรอนซ์กลาง Hybrid S190,บจก. วีที คัลเลอร์ โปร,1,2450,2450,,2567-03-08,IV6703040,ราคาที่ระบุ ยังไม่รวม VAT7%,แม่สี,งานสี,,2006
แม่สี บรอนซ์กลาง Hybrid S190,บจก. วีที คัลเลอร์ โปร,1,2450,2450,,2567-05-21,IV6705104,ราคาที่ระบุ ยังไม่รวม VAT7%,แม่สี,งานสี,,2007
แม่สี บรอนซ์กลาง Hybrid S190,บจก. วีที คัลเลอร์ โปร,1,2450,2450,,2567-03-19,IV6703088,ราคาที่ระบุ ยังไม่รวม VAT7%,แม่สี,งานสี,,2008
แม่สี บรอนซ์กลาง Hybrid S190,บจก. วีที คัลเลอร์ โปร,1,2450,2450,,2567-06-21,IV6706124,ราคาที่ระบุ ยังไม่รวม VAT7%,แม่สี,งานสี,,2009
แม่สี บรอนซ์กลาง Hybrid S190,บจก. วีที คัลเลอร์ โปร,1,2450,2450,,2567-07-23,IV6707130,ราคาที่ระบุ ยังไม่รวม VAT7%,แม่สี,งานสี,,2010
แม่สี บรอนซ์กลาง Hybrid S190,บจก. วีที คัลเลอร์ โปร,1,2450,2450,,2567-10-21,IV6710109,ราคาที่ระบุ ยังไม่รวม VAT7%,แม่สี,งานสี,,2011
แม่สี บรอนซ์กลาง Hybrid S190,บจก. วีที คัลเลอร์ โปร,1,2450,2450,,2567-11-19,IV6711134,ราคาที่ระบุ ยังไม่รวม VAT7%,แม่สี,งานสี,,2012
แม่สี บรอนซ์กลาง Hybrid S190,บจก. วีที คัลเลอร์ โปร,1,2621.5,2621.5,,2568-02-24,IV6802144,ราคารวม VAT แล้ว,แม่สี,งานสี,,2013
แม่สี บรอนซ์กลาง Hybrid S190,บจก. วีที คัลเลอร์ โปร,1,2450,2621.5,2450.0,2568-07-21,IV6807158,,แม่สี,งานสี,0.07,2014
แม่สี บรอนซ์กลาง Hybrid S190,บจก. วีที คัลเลอร์ โปร,1,2450,2621.5,2450.0,2568-07-23,IV6807180,,แม่สี,งานสี,0.07,2015
แม่สี บรอนซ์กลาง Hybrid S190,บจก. วีที คัลเลอร์ โปร,2,2450,5243,4900.0,2568-08-23,IV6808151,,แม่สี,งานสี,0.07,2016
แม่สี บรอนซ์กลาง Hybrid S190,บจก. วีที คัลเลอร์ โปร,1,2450,2621.5,2450.0,2568-12-08,IV6812065,,แม่สี,งานสี,0.07,2017
แม่สี Matrix  M-193,ทรัพย์สินไทย,2,2950,5900,,2562-05-15,,ราคาที่ระบุเป็นก่อนหักส่วนลด,แม่สี,งานสี,10.0,2018
แม่สี Matrix  M-193,ทรัพย์สินไทย,3,2950,8850,,2562-05-24,,ราคาที่ระบุเป็นก่อนหักส่วนลด,แม่สี,งานสี,10.0,2019
แม่สี Matrix  M-193,ทรัพย์สินไทย,5,2950,14750,,2562-06-24,,ราคาที่ระบุเป็นก่อนหักส่วนลด,แม่สี,งานสี,10.0,2020
แม่สี Matrix  M-193,ทรัพย์สินไทย,6,2950,17700,,2562-07-24,,ราคาที่ระบุเป็นก่อนหักส่วนลด,แม่สี,งานสี,10.0,2021
แม่สี Matrix  M-193,ทรัพย์สินไทย,3,2950,8850,,2562-08-26,,ราคาที่ระบุเป็นก่อนหักส่วนลด,แม่สี,งานสี,10.0,2022
แม่สี Matrix  M-193,ทรัพย์สินไทย,3,2950,8850,,2562-09-10,,ราคาที่ระบุเป็นก่อนหักส่วนลด,แม่สี,งานสี,10.0,2023
แม่สี Matrix  M-193,ทรัพย์สินไทย,6,2950,17700,,2562-09-24,,ราคาที่ระบุเป็นก่อนหักส่วนลด,แม่สี,งานสี,10.0,2024
แม่สี Matrix  M-193,ทรัพย์สินไทย,2,2950,5900,,2563-02-20,,ราคาที่ระบุเป็นก่อนหักส่วนลด,แม่สี,งานสี,10.0,2025
แม่สี Matrix  M-193,ทรัพย์สินไทย,2,2950,5900,,2563-03-24,,ราคาที่ระบุเป็นก่อนหักส่วนลด,แม่สี,งานสี,10.0,2026
แม่สี Matrix  M-193,ทรัพย์สินไทย,3,2950,8850,,2563-08-24,,ราคาที่ระบุเป็นก่อนหักส่วนลด,แม่สี,งานสี,10.0,2027
แม่สี Matrix  M-193,ทรัพย์สินไทย,2,2950,5900,,2563-09-23,,ราคาที่ระบุเป็นก่อนหักส่วนลด,แม่สี,งานสี,10.0,2028
แม่สี Matrix  M-193,ทรัพย์สินไทย,1,2950,2950,,2563-09-28,,ราคาที่ระบุเป็นก่อนหักส่วนลด,แม่สี,งานสี,10.0,2029
แม่สี Matrix  M-193,ทรัพย์สินไทย,2,2950,5900,,2563-11-25,,ราคาที่ระบุเป็นก่อนหักส่วนลด,แม่สี,งานสี,10.0,2030
แม่สี Matrix  M-193,ทรัพย์สินไทย,2,2950,5900,,2563-12-21,,ราคาที่ระบุเป็นก่อนหักส่วนลด,แม่สี,งานสี,10.0,2031
แม่สี Matrix  M-193,ทรัพย์สินไทย,2,2950,5900,,2564-01-27,,ราคาที่ระบุเป็นก่อนหักส่วนลด,แม่สี,งานสี,10.0,2032
แม่สี Matrix  M-193,ทรัพย์สินไทย,2,2950,5900,,2564-02-23,,ราคาที่ระบุเป็นก่อนหักส่วนลด,แม่สี,งานสี,10.0,2033
แม่สี Matrix  M-193,ทรัพย์สินไทย,3,2950,8850,,2564-03-24,,ราคาที่ระบุเป็นก่อนหักส่วนลด,แม่สี,งานสี,10.0,2034
แม่สี Matrix  M-193,ทรัพย์สินไทย,3,2950,8850,,2564-07-26,,ราคาที่ระบุเป็นก่อนหักส่วนลด,แม่สี,งานสี,10.0,2035
แม่สี Matrix  M-193,ทรัพย์สินไทย,3,2950,8850,,2564-08-26,,ราคาที่ระบุเป็นก่อนหักส่วนลด,แม่สี,งานสี,10.0,2036
แม่สี Matrix  M-193,ทรัพย์สินไทย,2,2950,5900,,2565-03-23,IV6503300,ราคาที่ระบุเป็นก่อนหักส่วนลด,แม่สี,งานสี,10.0,2037
แม่สี บรอนซ์หยาบสว่าง SC-193,บจก. วีที คัลเลอร์ โปร,1,2450,2450,,2565-10-25,IV228-65,ราคาที่ระบุเป็นก่อนหักส่วนลด,แม่สี,งานสี,,2038
แม่สี บรอนซ์หยาบสว่าง SC-193,บจก. วีที คัลเลอร์ โปร,2,2450,4900,,2565-12-13,IV308-65,ราคาที่ระบุเป็นก่อนหักส่วนลด,แม่สี,งานสี,,2039
แม่สี บรอนซ์หยาบสว่าง SC-193,บจก. วีที คัลเลอร์ โปร,1,2450,2450,,2566-02-22,IV113-66,ราคาที่ระบุเป็นก่อนหักส่วนลด,แม่สี,งานสี,,2040
แม่สี บรอนซ์หยาบสว่าง SC-193,บจก. วีที คัลเลอร์ โปร,1,2450,2450,,2566-03-20,IV168-66,ราคาที่ระบุเป็นก่อนหักส่วนลด,แม่สี,งานสี,,2041
แม่สี บรอนซ์หยาบสว่าง SC-193,บจก. วีที คัลเลอร์ โปร,1,2450,2450,,2566-04-24,IV226-66,ราคาที่ระบุเป็นก่อนหักส่วนลด,แม่สี,งานสี,,2042
แม่สี บรอนซ์หยาบสว่าง SC-193,บจก. วีที คัลเลอร์ โปร,1,2450,2450,,2566-06-13,IV329-66,ราคาที่ระบุเป็นก่อนหักส่วนลด,แม่สี,งานสี,,2043
แม่สี บรอนซ์หยาบสว่าง SC-193,บจก. วีที คัลเลอร์ โปร,1,2450,2450,,2566-06-24,IV353-66,ราคาที่ระบุเป็นก่อนหักส่วนลด,แม่สี,งานสี,,2044
แม่สี บรอนซ์หยาบสว่าง Hybrid S193,บจก. วีที คัลเลอร์ โปร,1,2450,2450,,2566-08-21,IV469-66,ราคาที่ระบุ ยังไม่รวม VAT7%,แม่สี,งานสี,,2045
แม่สี บรอนซ์หยาบสว่าง Hybrid S193,บจก. วีที คัลเลอร์ โปร,1,2450,2450,,2566-09-09,IV517-66,ราคาที่ระบุ ยังไม่รวม VAT7%,แม่สี,งานสี,,2046
แม่สี บรอนซ์หยาบสว่าง Hybrid S193,บจก. วีที คัลเลอร์ โปร,2,2450,4900,,2566-10-21,IV684-66,ราคาที่ระบุ ยังไม่รวม VAT7%,แม่สี,งานสี,,2047
แม่สี บรอนซ์หยาบสว่าง Hybrid S193,บจก. วีที คัลเลอร์ โปร,2,2450,4900,,2566-10-16,IV591-66,ราคาที่ระบุ ยังไม่รวม VAT7%,แม่สี,งานสี,,2048
แม่สี บรอนซ์หยาบสว่าง Hybrid S193,บจก. วีที คัลเลอร์ โปร,3,2450,7350,,2567-05-08,IV6705049,ราคาที่ระบุ ยังไม่รวม VAT7%,แม่สี,งานสี,,2049
แม่สี บรอนซ์หยาบสว่าง Hybrid S193,บจก. วีที คัลเลอร์ โปร,2,2450,4900,,2567-07-23,IV6707130,ราคาที่ระบุ ยังไม่รวม VAT7%,แม่สี,งานสี,,2050
แม่สี บรอนซ์หยาบสว่าง Hybrid S193,บจก. วีที คัลเลอร์ โปร,1,2621.5,2621.5,,2568-03-26,IV6803171,ราคารวม VAT แล้ว,แม่สี,งานสี,,2051
แม่สี บรอนซ์หยาบสว่าง Hybrid S193,บจก. วีที คัลเลอร์ โปร,2,2450,5243,4900.0,2568-05-21,IV6805147,,แม่สี,งานสี,,2052
แม่สี บรอนซ์หยาบสว่าง Hybrid S193,บจก. วีที คัลเลอร์ โปร,1,2450,2621.5,2450.0,2568-06-26,IV6806175,,แม่สี,งานสี,0.07,2053
แม่สี บรอนซ์หยาบสว่าง Hybrid S193,บจก. วีที คัลเลอร์ โปร,2,2450,5243,4900.0,2568-07-23,IV6807180,,แม่สี,งานสี,0.07,2054
แม่สี บรอนซ์หยาบสว่าง Hybrid S193,บจก. วีที คัลเลอร์ โปร,2,2450,5243,4900.0,2568-08-23,IV6808151,,แม่สี,งานสี,0.07,2055
แม่สี บรอนซ์หยาบสว่าง Hybrid S193,บจก. วีที คัลเลอร์ โปร,4,2450,10486,9800.0,2568-10-01,IV6810015,,แม่สี,งานสี,0.07,2056
แม่สี บรอนซ์หยาบสว่าง Hybrid S193,บจก. วีที คัลเลอร์ โปร,2,2450,5243,4900.0,2568-11-03,IV6811023,ราคาที่ระบุ ยังไม่รวม VAT7%,แม่สี,งานสี,0.07,2057
แม่สี บรอนซ์หยาบสว่าง Hybrid S193,บจก. วีที คัลเลอร์ โปร,1,2450,2621.5,2450.0,2568-12-08,IV6812065,,แม่สี,งานสี,0.07,2058
แม่สี Matrix  M-194,ทรัพย์สินไทย,2,2950,5900,,2562-06-24,,ราคาที่ระบุเป็นก่อนหักส่วนลด,แม่สี,งานสี,10.0,2059
แม่สี Matrix  M-194,ทรัพย์สินไทย,2,2950,5900,,2563-02-20,,ราคาที่ระบุเป็นก่อนหักส่วนลด,แม่สี,งานสี,10.0,2060
แม่สี Matrix  M-194,ทรัพย์สินไทย,2,2950,5900,,2563-03-24,,ราคาที่ระบุเป็นก่อนหักส่วนลด,แม่สี,งานสี,10.0,2061
แม่สี Matrix  M-194,ทรัพย์สินไทย,2,2950,5900,,2563-11-25,,ราคาที่ระบุเป็นก่อนหักส่วนลด,แม่สี,งานสี,10.0,2062
แม่สี Matrix  M-194,ทรัพย์สินไทย,2,2950,5900,,2563-12-21,,ราคาที่ระบุเป็นก่อนหักส่วนลด,แม่สี,งานสี,10.0,2063
แม่สี Matrix  M-194,ทรัพย์สินไทย,2,2950,5900,,2565-01-21,IV6501224,ราคาที่ระบุเป็นก่อนหักส่วนลด,แม่สี,งานสี,10.0,2064
แม่สี Matrix  M-194,ทรัพย์สินไทย,1,2950,2950,,2565-05-25,IV6505290,ราคาที่ระบุเป็นก่อนหักส่วนลด,แม่สี,งานสี,10.0,2065
แม่สี บรอนซ์ละเอียด SC-194,บจก. วีที คัลเลอร์ โปร,1,2450,2450,,2565-08-24,IV148-65,ราคาที่ระบุ ยังไม่รวม VAT7%,แม่สี,งานสี,,2066
แม่สี บรอนซ์ละเอียด SC-194,บจก. วีที คัลเลอร์ โปร,2,2450,4900,,2565-12-13,IV308-65,ราคาที่ระบุ ยังไม่รวม VAT7%,แม่สี,งานสี,,2067
แม่สี บรอนซ์ละเอียด SC-194,บจก. วีที คัลเลอร์ โปร,1,2450,2450,,2566-04-24,IV226-66,ราคาที่ระบุ ยังไม่รวม VAT7%,แม่สี,งานสี,,2068
แม่สี บรอนซ์ละเอียด Hybrid S194,บจก. วีที คัลเลอร์ โปร,1,2450,2450,,2566-07-10,IV387-66,ราคาที่ระบุ ยังไม่รวม VAT7%,แม่สี,งานสี,,2069
แม่สี บรอนซ์ละเอียด Hybrid S194,บจก. วีที คัลเลอร์ โปร,1,2450,2450,,2566-09-09,IV517-66,ราคาที่ระบุ ยังไม่รวม VAT7%,แม่สี,งานสี,,2070
แม่สี บรอนซ์ละเอียด Hybrid S194,บจก. วีที คัลเลอร์ โปร,1,2450,2450,,2566-10-16,IV591-66,ราคาที่ระบุ ยังไม่รวม VAT7%,แม่สี,งานสี,,2071
แม่สี บรอนซ์ละเอียด Hybrid S194,บจก. วีที คัลเลอร์ โปร,2,2450,4900,,2566-10-21,IV684-66,ราคาที่ระบุ ยังไม่รวม VAT7%,แม่สี,งานสี,,2072
แม่สี บรอนซ์ละเอียด Hybrid S194,บจก. วีที คัลเลอร์ โปร,1,2450,2450,,2567-02-26,IV6702103,ราคาที่ระบุ ยังไม่รวม VAT7%,แม่สี,งานสี,,2073
แม่สี บรอนซ์ละเอียด Hybrid S194,บจก. วีที คัลเลอร์ โปร,1,2450,2450,,2567-05-08,IV6705049,ราคาที่ระบุ ยังไม่รวม VAT7%,แม่สี,งานสี,,2074
แม่สี บรอนซ์ละเอียด Hybrid S194,บจก. วีที คัลเลอร์ โปร,1,2450,2450,,2567-03-19,IV6703088,ราคาที่ระบุ ยังไม่รวม VAT7%,แม่สี,งานสี,,2075
แม่สี บรอนซ์ละเอียด Hybrid S194,บจก. วีที คัลเลอร์ โปร,2,2450,4900,,2567-07-11,IV6707082,ราคาที่ระบุ ยังไม่รวม VAT7%,แม่สี,งานสี,,2076
แม่สี บรอนซ์ละเอียด Hybrid S194,บจก. วีที คัลเลอร์ โปร,1,2450,2450,,2567-08-23,IV6708116,ราคาที่ระบุ ยังไม่รวม VAT7%,แม่สี,งานสี,,2077
แม่สี บรอนซ์ละเอียด Hybrid S194,บจก. วีที คัลเลอร์ โปร,2,2450,4900,,2567-11-19,IV6711103,ราคาที่ระบุ ยังไม่รวม VAT7%,แม่สี,งานสี,,2078
แม่สี บรอนซ์ละเอียด Hybrid S194,บจก. วีที คัลเลอร์ โปร,1,2450,2450,,2567-12-18,IV6712085,ราคาที่ระบุ ยังไม่รวม VAT7%,แม่สี,งานสี,,2079
แม่สี บรอนซ์ละเอียด Hybrid S194,บจก. วีที คัลเลอร์ โปร,2,2450,5243,4900.0,2568-05-21,IV6805147,,แม่สี,งานสี,,2080
แม่สี บรอนซ์ละเอียด Hybrid S194,บจก. วีที คัลเลอร์ โปร,1,2450,2621.5,2450.0,2568-06-26,IV6806175,,แม่สี,งานสี,0.07,2081
แม่สี บรอนซ์ละเอียด Hybrid S194,บจก. วีที คัลเลอร์ โปร,1,2450,2621.5,2450.0,2568-07-23,IV6807180,,แม่สี,งานสี,0.07,2082
แม่สี บรอนซ์ละเอียด Hybrid S194,บจก. วีที คัลเลอร์ โปร,1,2450,2621.5,2450.0,2568-08-23,IV6808151,,แม่สี,งานสี,0.07,2083
แม่สี บรอนซ์ละเอียด Hybrid S194,บจก. วีที คัลเลอร์ โปร,1,2450,2621.5,2450.0,2568-10-01,IV6810015,,แม่สี,งานสี,0.07,2084
แม่สี บรอนซ์ละเอียด Hybrid S194,บจก. วีที คัลเลอร์ โปร,2,2450,5243,4900.0,2568-12-08,IV6812065,,แม่สี,งานสี,0.07,2085
แม่สี บรอนซ์ละเอียดพิเศษ Hybrid S195,บจก. วีที คัลเลอร์ โปร,1,750,750,,2566-09-22,IV541-66,ราคาที่ระบุ ยังไม่รวม VAT7%,แม่สี,งานสี,,2086
แม่สี บรอนซ์ละเอียดพิเศษ Hybrid S195,บจก. วีที คัลเลอร์ โปร,1,750,802.5,750.0,2568-07-23,IV6807180,ราคาที่ระบุ ยังไม่รวม VAT7%,แม่สี,งานสี,0.07,2087
แม่สี Matrix  M-195,ทรัพย์สินไทย,1,850,850,,2562-08-26,,ราคาที่ระบุเป็นก่อนหักส่วนลด,แม่สี,งานสี,10.0,2088
แม่สี Matrix  M-198,ทรัพย์สินไทย,2,850,1700,,2562-08-26,,ราคาที่ระบุเป็นก่อนหักส่วนลด,แม่สี,งานสี,10.0,2089
แม่สี Matrix  M-198,ทรัพย์สินไทย,2,850,1700,,2563-03-11,,ราคาที่ระบุเป็นก่อนหักส่วนลด,แม่สี,งานสี,10.0,2090
แม่สี Matrix  M-198,ทรัพย์สินไทย,2,850,1700,,2563-03-24,,ราคาที่ระบุเป็นก่อนหักส่วนลด,แม่สี,งานสี,10.0,2091
แม่สี Matrix  M-198,ทรัพย์สินไทย,2,850,1700,,2563-08-07,,ราคาที่ระบุเป็นก่อนหักส่วนลด,แม่สี,งานสี,10.0,2092
แม่สี Matrix  M-198,ทรัพย์สินไทย,2,850,1700,,2564-03-24,,ราคาที่ระบุเป็นก่อนหักส่วนลด,แม่สี,งานสี,10.0,2093
แม่สี Matrix  M-198,ทรัพย์สินไทย,2,850,1700,,2564-07-26,,ราคาที่ระบุเป็นก่อนหักส่วนลด,แม่สี,งานสี,10.0,2094
แม่สี Matrix  M-198,ทรัพย์สินไทย,1,850,850,,2565-02-22,IV6502259,ราคาที่ระบุเป็นก่อนหักส่วนลด,แม่สี,งานสี,10.0,2095
แม่สี บรอนซ์หยาบลอยพิเศษ SC-198,บจก. วีที คัลเลอร์ โปร,1,750,750,,2565-08-24,IV148-65,ราคาที่ระบุ ยังไม่รวมภาษี,แม่สี,งานสี,,2096
แม่สี บรอนซ์หยาบลอยพิเศษ SC-198,บจก. วีที คัลเลอร์ โปร,1,750,750,,2565-11-25,IV283-65,ราคาที่ระบุ ยังไม่รวมภาษี,แม่สี,งานสี,,2097
แม่สี บรอนซ์หยาบลอยพิเศษ SC-198,บจก. วีที คัลเลอร์ โปร,1,750,750,,2565-11-11,IV259-65,ราคาที่ระบุ ยังไม่รวมภาษี,แม่สี,งานสี,,2098
แม่สี บรอนซ์หยาบลอยพิเศษ SC-198,บจก. วีที คัลเลอร์ โปร,1,750,750,,2566-06-24,IV352-66,ราคาที่ระบุ ยังไม่รวมภาษี,แม่สี,งานสี,,2099
แม่สี บรอนซ์หยาบลอยพิเศษ Hybrid S198,บจก. วีที คัลเลอร์ โปร,1,750,750,,2566-07-27,IV424-66,ราคาที่ระบุ ยังไม่รวมภาษี,แม่สี,งานสี,,2100
แม่สี บรอนซ์หยาบลอยพิเศษ Hybrid S198,บจก. วีที คัลเลอร์ โปร,1,750,750,,2566-08-21,IV469-66,ราคาที่ระบุ ยังไม่รวมภาษี,แม่สี,งานสี,,2101
แม่สี บรอนซ์หยาบลอยพิเศษ Hybrid S198,บจก. วีที คัลเลอร์ โปร,1,750,750,,2567-03-19,IV6703088,ราคาที่ระบุ ยังไม่รวมภาษี,แม่สี,งานสี,,2102
แม่สี บรอนซ์หยาบลอยพิเศษ Hybrid S198,บจก. วีที คัลเลอร์ โปร,2,750,1500,,2567-08-14,IV6708064,ราคาที่ระบุ ยังไม่รวมภาษี,แม่สี,งานสี,,2103
แม่สี บรอนซ์หยาบลอยพิเศษ Hybrid S198,บจก. วีที คัลเลอร์ โปร,1,802.5,802.5,,2568-02-24,IV6802144,ราคารวม VAT แล้ว,แม่สี,งานสี,,2104
แม่สี บรอนซ์หยาบลอยพิเศษ Hybrid S198,บจก. วีที คัลเลอร์ โปร,1,750,802.5,750.0,2568-07-23,IV6807180,,แม่สี,งานสี,0.07,2105
แม่สี บรอนซ์หยาบลอยพิเศษ Hybrid S198,บจก. วีที คัลเลอร์ โปร,2,750,1605,1500.0,2568-10-01,IV6810015,,แม่สี,งานสี,0.07,2106
แม่สี Matrix  M-199,ทรัพย์สินไทย,1,850,850,,2563-02-20,,ราคาที่ระบุเป็นก่อนหักส่วนลด,แม่สี,งานสี,10.0,2107
แม่สี Matrix  M-199,ทรัพย์สินไทย,1,850,850,,2563-03-24,,ราคาที่ระบุเป็นก่อนหักส่วนลด,แม่สี,งานสี,10.0,2108
แม่สี Matrix  M-199,ทรัพย์สินไทย,2,850,1700,,2563-09-23,,ราคาที่ระบุเป็นก่อนหักส่วนลด,แม่สี,งานสี,10.0,2109
แม่สี Matrix  M-199,ทรัพย์สินไทย,1,850,850,,2563-12-21,,ราคาที่ระบุเป็นก่อนหักส่วนลด,แม่สี,งานสี,10.0,2110
แม่สี Matrix  M-199,ทรัพย์สินไทย,2,850,1700,,2564-01-27,,ราคาที่ระบุเป็นก่อนหักส่วนลด,แม่สี,งานสี,10.0,2111
แม่สี Matrix  M-199,ทรัพย์สินไทย,2,850,1700,,2564-02-15,,ราคาที่ระบุเป็นก่อนหักส่วนลด,แม่สี,งานสี,10.0,2112
แม่สี Matrix  M-199,ทรัพย์สินไทย,2,850,1700,,2564-02-23,,ราคาที่ระบุเป็นก่อนหักส่วนลด,แม่สี,งานสี,10.0,2113
แม่สี Matrix  M-199,ทรัพย์สินไทย,2,850,1700,,2564-07-12,,ราคาที่ระบุเป็นก่อนหักส่วนลด,แม่สี,งานสี,10.0,2114
แม่สี Matrix  M-199,ทรัพย์สินไทย,1,850,850,,2564-10-26,IV6410364,ราคาที่ระบุเป็นก่อนหักส่วนลด,แม่สี,งานสี,10.0,2115
แม่สี Matrix  M-199,ทรัพย์สินไทย,2,850,1700,,2564-11-23,IV6411319,ราคาที่ระบุเป็นก่อนหักส่วนลด,แม่สี,งานสี,10.0,2116
แม่สี Matrix  M-199,ทรัพย์สินไทย,2,850,1700,,2565-02-22,IV6502258,ราคาที่ระบุเป็นก่อนหักส่วนลด,แม่สี,งานสี,10.0,2117
แม่สี Matrix  M-199,ทรัพย์สินไทย,1,850,850,,2565-03-23,IV6503300,ราคาที่ระบุเป็นก่อนหักส่วนลด,แม่สี,งานสี,10.0,2118
แม่สี Matrix  M-199,ทรัพย์สินไทย,2,850,1700,,2565-04-27,IV6504236,ราคาที่ระบุเป็นก่อนหักส่วนลด,แม่สี,งานสี,10.0,2119
แม่สี Matrix  M-199,ทรัพย์สินไทย,2,850,1700,,2565-05-25,IV6505290,ราคาที่ระบุเป็นก่อนหักส่วนลด,แม่สี,งานสี,10.0,2120
แม่สี Matrix  M-199,ทรัพย์สินไทย,2,950,1900,,2565-07-07,IV6507108,ราคาที่ระบุเป็นก่อนหักส่วนลด,แม่สี,งานสี,10.0,2121
แม่สี ปรับแม่สีมุก Hybrid S199,บจก. วีที คัลเลอร์ โปร,2,750,1605,1500.0,2568-07-21,IV6807158,,แม่สี,งานสี,0.07,2122
แม่สี ปรับแม่สีมุก Hybrid S199,บจก. วีที คัลเลอร์ โปร,6,750,4815,4500.0,2568-07-24,IV6807194,,แม่สี,งานสี,0.07,2123
แม่สี ปรับแม่สีมุก Hybrid S199,บจก. วีที คัลเลอร์ โปร,4,750,3210,3000.0,2568-09-02,IV6809023,,แม่สี,งานสี,0.07,2124
แม่สี ปรับแม่สีมุก Hybrid S199,บจก. วีที คัลเลอร์ โปร,4,750,3210,3000.0,2568-11-03,IV6811023,ราคาที่ระบุ ยังไม่รวม VAT7%,แม่สี,งานสี,0.07,2125
แม่สี Matrix  M-201,ทรัพย์สินไทย,1,1680,1680,,2562-05-15,,ราคาที่ระบุเป็นก่อนหักส่วนลด,แม่สี,งานสี,10.0,2126
แม่สี Matrix  M-201,ทรัพย์สินไทย,2,1680,3360,,2561-05-28,,ราคาที่ระบุเป็นก่อนหักส่วนลด,แม่สี,งานสี,10.0,2127
แม่สี Matrix  M-201,ทรัพย์สินไทย,1,1680,1680,,2562-08-26,,ราคาที่ระบุเป็นก่อนหักส่วนลด,แม่สี,งานสี,10.0,2128
แม่สี Matrix  M-201,ทรัพย์สินไทย,1,1680,1680,,2562-09-10,,ราคาที่ระบุเป็นก่อนหักส่วนลด,แม่สี,งานสี,10.0,2129
แม่สี Matrix  M-201,ทรัพย์สินไทย,1,1680,1680,,2562-09-27,,ราคาที่ระบุเป็นก่อนหักส่วนลด,แม่สี,งานสี,10.0,2130
แม่สี Matrix  M-201,ทรัพย์สินไทย,1,1680,1680,,2562-10-01,,ราคาที่ระบุเป็นก่อนหักส่วนลด,แม่สี,งานสี,10.0,2131
แม่สี Matrix  M-201,ทรัพย์สินไทย,2,1680,3360,,2563-02-20,,ราคาที่ระบุเป็นก่อนหักส่วนลด,แม่สี,งานสี,10.0,2132
แม่สี Matrix  M-201,ทรัพย์สินไทย,2,1680,3360,,2563-03-25,,ราคาที่ระบุเป็นก่อนหักส่วนลด,แม่สี,งานสี,10.0,2133
แม่สี Matrix  M-201,ทรัพย์สินไทย,2,1680,3360,,2563-07-29,,ราคาที่ระบุเป็นก่อนหักส่วนลด,แม่สี,งานสี,10.0,2134
แม่สี Matrix  M-201,ทรัพย์สินไทย,2,1680,3360,,2563-08-24,,ราคาที่ระบุเป็นก่อนหักส่วนลด,แม่สี,งานสี,10.0,2135
แม่สี Matrix  M-201,ทรัพย์สินไทย,2,1680,3360,,2563-09-23,,ราคาที่ระบุเป็นก่อนหักส่วนลด,แม่สี,งานสี,10.0,2136
แม่สี Matrix  M-201,ทรัพย์สินไทย,2,1680,3360,,2563-11-25,,ราคาที่ระบุเป็นก่อนหักส่วนลด,แม่สี,งานสี,10.0,2137
แม่สี Matrix  M-201,ทรัพย์สินไทย,2,1680,3360,,2564-03-29,,ราคาที่ระบุเป็นก่อนหักส่วนลด,แม่สี,งานสี,10.0,2138
แม่สี Matrix  M-201,ทรัพย์สินไทย,1,1680,1680,,2564-06-18,,ราคาที่ระบุเป็นก่อนหักส่วนลด,แม่สี,งานสี,10.0,2139
แม่สี Matrix  M-201,ทรัพย์สินไทย,2,1680,3360,,2564-07-12,,ราคาที่ระบุเป็นก่อนหักส่วนลด,แม่สี,งานสี,10.0,2140
แม่สี Matrix  M-201,ทรัพย์สินไทย,1,1680,1680,,2564-09-22,IV6409285,ราคาที่ระบุเป็นก่อนหักส่วนลด,แม่สี,งานสี,10.0,2141
แม่สี Matrix  M-201,ทรัพย์สินไทย,1,1680,1680,,2564-10-26,IV6410364,ราคาที่ระบุเป็นก่อนหักส่วนลด,แม่สี,งานสี,10.0,2142
แม่สี Matrix  M-201,ทรัพย์สินไทย,3,1680,5040,,2564-11-23,IV6411319,ราคาที่ระบุเป็นก่อนหักส่วนลด,แม่สี,งานสี,10.0,2143
แม่สี Matrix  M-201,ทรัพย์สินไทย,3,1680,5040,,2565-02-22,IV6502258,ราคาที่ระบุเป็นก่อนหักส่วนลด,แม่สี,งานสี,10.0,2144
แม่สี Matrix  M-201,ทรัพย์สินไทย,2,1680,3360,,2565-03-23,IV6503300,ราคาที่ระบุเป็นก่อนหักส่วนลด,แม่สี,งานสี,10.0,2145
แม่สี Matrix  M-201,ทรัพย์สินไทย,2,1680,3360,,2565-03-28,IV6503340,ราคาที่ระบุเป็นก่อนหักส่วนลด,แม่สี,งานสี,10.0,2146
แม่สี Matrix  M-201,ทรัพย์สินไทย,1,1880,1880,,2565-07-07,IV6507108,ราคาที่ระบุเป็นก่อนหักส่วนลด,แม่สี,งานสี,10.0,2147
แม่สี Matrix  M-202,ทรัพย์สินไทย,1,1680,1680,,2562-08-26,,ราคาที่ระบุเป็นก่อนหักส่วนลด,แม่สี,งานสี,10.0,2148
แม่สี Matrix  M-202,ทรัพย์สินไทย,2,1680,3360,,2563-02-20,,ราคาที่ระบุเป็นก่อนหักส่วนลด,แม่สี,งานสี,10.0,2149
แม่สี Matrix  M-202,ทรัพย์สินไทย,2,1680,3360,,2563-04-23,,ราคาที่ระบุเป็นก่อนหักส่วนลด,แม่สี,งานสี,10.0,2150
แม่สี Matrix  M-202,ทรัพย์สินไทย,1,1680,1680,,2563-07-29,,ราคาที่ระบุเป็นก่อนหักส่วนลด,แม่สี,งานสี,10.0,2151
แม่สี Matrix  M-202,ทรัพย์สินไทย,2,1680,3360,,2563-09-23,,ราคาที่ระบุเป็นก่อนหักส่วนลด,แม่สี,งานสี,10.0,2152
แม่สี Matrix  M-202,ทรัพย์สินไทย,1,1680,1680,,2564-03-29,,ราคาที่ระบุเป็นก่อนหักส่วนลด,แม่สี,งานสี,10.0,2153
แม่สี Matrix  M-202,ทรัพย์สินไทย,2,1680,3360,,2564-07-26,,ราคาที่ระบุเป็นก่อนหักส่วนลด,แม่สี,งานสี,10.0,2154
แม่สี Matrix  M-202,ทรัพย์สินไทย,2,1680,3360,,2565-06-24,IV6506328,ราคาที่ระบุเป็นก่อนหักส่วนลด,แม่สี,งานสี,10.0,2155
แม่สี Matrix  M-202,ทรัพย์สินไทย,1,1680,1680,,2565-06-27,IV6506336,ราคาที่ระบุเป็นก่อนหักส่วนลด,แม่สี,งานสี,10.0,2156
แม่สี มุกเหลือง SC-202,ทรัพย์สินไทย,1,1400,1400,,2565-12-22,IV328-65,ราคาที่ระบุเป็นก่อนหักส่วนลด,แม่สี,งานสี,,2157
แม่สี มุกเหลือง SC-202,ทรัพย์สินไทย,1,1400,1400,,2566-06-24,IV353-66,ราคาที่ระบุเป็นก่อนหักส่วนลด,แม่สี,งานสี,,2158
แม่สี มุกเหลือง Hybrid S202,ทรัพย์สินไทย,2,1400,2800,,2566-07-27,IV423-66,ราคาที่ระบุเป็นก่อนหักส่วนลด,แม่สี,งานสี,,2159
แม่สี มุกเหลือง Hybrid S202,ทรัพย์สินไทย,1,1400,1400,,2566-10-24,IV619-66,ราคาที่ระบุเป็นก่อนหักส่วนลด,แม่สี,งานสี,,2160
แม่สี มุกเหลือง Hybrid S202,ทรัพย์สินไทย,1,1400,1400,,2567-02-26,IV6702103,ราคาที่ระบุเป็นก่อนหักส่วนลด,แม่สี,งานสี,,2161
แม่สี มุกเหลือง Hybrid S202,ทรัพย์สินไทย,1,1400,1400,,2567-03-19,IV6703088,ราคาที่ระบุเป็นก่อนหักส่วนลด,แม่สี,งานสี,,2162
แม่สี มุกเหลือง Hybrid S202,ทรัพย์สินไทย,2,1400,2800,,2567-11-19,IV6711103,ราคาที่ระบุเป็นก่อนหักส่วนลด,แม่สี,งานสี,,2163
แม่สี มุกเหลือง Hybrid S202,บจก. วีที คัลเลอร์ โปร,2,1498,2996,,2568-03-26,IV6803171,ราคารวม VAT แล้ว,แม่สี,งานสี,,2164
แม่สี มุกเหลือง Hybrid S202,บจก. วีที คัลเลอร์ โปร,1,1400,1498,1400.0,2568-05-21,IV6805147,,แม่สี,งานสี,,2165
แม่สี มุกเหลือง Hybrid S202,บจก. วีที คัลเลอร์ โปร,3,1400,4494,4200.0,2568-06-13,IV6806091,,แม่สี,งานสี,0.07,2166
แม่สี มุกเหลือง Hybrid S202,บจก. วีที คัลเลอร์ โปร,1,1400,1498,1400.0,2568-06-26,IV6806175,ราคาที่ระบุ ยังไม่รวม VAT7%,แม่สี,งานสี,0.07,2167
แม่สี มุกเหลือง Hybrid S202,บจก. วีที คัลเลอร์ โปร,2,1400,2996,2800.0,2568-11-03,IV6811023,ราคาที่ระบุ ยังไม่รวม VAT7%,แม่สี,งานสี,0.07,2168
แม่สี Matrix  M-203,ทรัพย์สินไทย,1,1680,1680,,2562-06-07,,ราคาที่ระบุเป็นก่อนหักส่วนลด,แม่สี,งานสี,10.0,2169
แม่สี Matrix  M-203,ทรัพย์สินไทย,1,1680,1680,,2562-08-26,,ราคาที่ระบุเป็นก่อนหักส่วนลด,แม่สี,งานสี,10.0,2170
แม่สี Matrix  M-203,ทรัพย์สินไทย,1,1680,1680,,2563-02-20,,ราคาที่ระบุเป็นก่อนหักส่วนลด,แม่สี,งานสี,10.0,2171
แม่สี Matrix  M-203,ทรัพย์สินไทย,1,1680,1680,,2563-07-29,,ราคาที่ระบุเป็นก่อนหักส่วนลด,แม่สี,งานสี,10.0,2172
แม่สี Matrix  M-203,ทรัพย์สินไทย,1,1680,1680,,2563-12-10,,ราคาที่ระบุเป็นก่อนหักส่วนลด,แม่สี,งานสี,10.0,2173
แม่สี Matrix  M-203,ทรัพย์สินไทย,1,1680,1680,,2564-03-29,,ราคาที่ระบุเป็นก่อนหักส่วนลด,แม่สี,งานสี,10.0,2174
แม่สี Matrix  M-203,ทรัพย์สินไทย,2,1680,3360,,2564-07-12,,ราคาที่ระบุเป็นก่อนหักส่วนลด,แม่สี,งานสี,10.0,2175
แม่สี Matrix  M-203,ทรัพย์สินไทย,1,1680,1680,,2565-02-22,IV6502258,ราคาที่ระบุเป็นก่อนหักส่วนลด,แม่สี,งานสี,10.0,2176
แม่สี Matrix  M-203,ทรัพย์สินไทย,2,1680,3360,,2565-05-25,IV6505291,ราคาที่ระบุเป็นก่อนหักส่วนลด,แม่สี,งานสี,10.0,2177
แม่สี มุกน้ำเงิน SC-203,วีที คัลเลอร์ โปร,2,1400,2800,,2565-12-13,IV308-65,ราคาที่ระบุเป็นก่อนหักส่วนลด,แม่สี,งานสี,,2178
แม่สี มุกน้ำเงิน SC-203,วีที คัลเลอร์ โปร,1,1400,1400,,2566-06-24,IV353-66,ราคาที่ระบุเป็นก่อนหักส่วนลด,แม่สี,งานสี,,2179
แม่สี มุกน้ำเงิน Hybrid S203,วีที คัลเลอร์ โปร,1,1400,1400,,2566-07-27,IV423-66,ราคาที่ระบุเป็นก่อนหักส่วนลด,แม่สี,งานสี,,2180
แม่สี มุกน้ำเงิน Hybrid S203,วีที คัลเลอร์ โปร,1,1400,1400,,2566-08-21,IV469-66,ราคาที่ระบุเป็นก่อนหักส่วนลด,แม่สี,งานสี,,2181
แม่สี มุกน้ำเงิน Hybrid S203,วีที คัลเลอร์ โปร,2,1400,2800,,2566-12-21,IV765-66,ราคาที่ระบุเป็นก่อนหักส่วนลด,แม่สี,งานสี,,2182
แม่สี มุกน้ำเงิน Hybrid S203,วีที คัลเลอร์ โปร,1,1400,1400,,2567-05-21,IV6705104,ราคาที่ระบุเป็นก่อนหักส่วนลด,แม่สี,งานสี,,2183
แม่สี มุกน้ำเงิน Hybrid S203,วีที คัลเลอร์ โปร,1,1400,1400,,2567-03-19,IV6703088,ราคาที่ระบุเป็นก่อนหักส่วนลด,แม่สี,งานสี,,2184
แม่สี มุกน้ำเงิน Hybrid S203,วีที คัลเลอร์ โปร,1,1400,1400,,2567-07-11,IV6707082,ราคาที่ระบุเป็นก่อนหักส่วนลด,แม่สี,งานสี,,2185
แม่สี มุกน้ำเงิน Hybrid S203,วีที คัลเลอร์ โปร,2,1400,2800,,2567-12-18,IV6712085,ราคาที่ระบุเป็นก่อนหักส่วนลด,แม่สี,งานสี,,2186
แม่สี มุกน้ำเงิน Hybrid S203,บจก. วีที คัลเลอร์ โปร,2,1498,2996,,2568-03-26,IV6803171,ราคารวม VAT แล้ว,แม่สี,งานสี,,2187
แม่สี มุกน้ำเงิน Hybrid S203,บจก. วีที คัลเลอร์ โปร,1,1400,1498,1400.0,2568-05-21,IV6805147,,แม่สี,งานสี,,2188
แม่สี มุกน้ำเงิน Hybrid S203,บจก. วีที คัลเลอร์ โปร,1,1400,1498,1400.0,2568-06-26,IV6806175,ราคาที่ระบุ ยังไม่รวม VAT7%,แม่สี,งานสี,0.07,2189
แม่สี มุกน้ำเงิน Hybrid S203,บจก. วีที คัลเลอร์ โปร,2,1400,2996,2800.0,2568-11-03,IV6811023,ราคาที่ระบุ ยังไม่รวม VAT7%,แม่สี,งานสี,0.07,2190
แม่สี Matrix  M-204,ทรัพย์สินไทย,1,1680,1680,,2562-05-24,,ราคาที่ระบุเป็นก่อนหักส่วนลด,แม่สี,งานสี,10.0,2191
แม่สี Matrix  M-204,ทรัพย์สินไทย,1,1680,1680,,2563-04-23,,ราคาที่ระบุเป็นก่อนหักส่วนลด,แม่สี,งานสี,10.0,2192
แม่สี Matrix  M-204,ทรัพย์สินไทย,1,1680,1680,,2564-07-12,,ราคาที่ระบุเป็นก่อนหักส่วนลด,แม่สี,งานสี,10.0,2193
แม่สี มุกแดง Hybrid S204,บจก. วีที คัลเลอร์ โปร,1,1400,1498,1400.0,2568-05-21,IV6805147,,แม่สี,งานสี,,2194
แม่สี Matrix  M-205,ทรัพย์สินไทย,1,1680,1680,,2562-05-24,,ราคาที่ระบุเป็นก่อนหักส่วนลด,แม่สี,งานสี,10.0,2195
แม่สี Matrix  M-205,ทรัพย์สินไทย,1,1680,1680,,2562-07-24,,ราคาที่ระบุเป็นก่อนหักส่วนลด,แม่สี,งานสี,10.0,2196
แม่สี Matrix  M-205,ทรัพย์สินไทย,1,1680,1680,,2562-10-01,,ราคาที่ระบุเป็นก่อนหักส่วนลด,แม่สี,งานสี,10.0,2197
แม่สี Matrix  M-205,ทรัพย์สินไทย,2,1680,3360,,2563-11-25,,ราคาที่ระบุเป็นก่อนหักส่วนลด,แม่สี,งานสี,10.0,2198
แม่สี Matrix  M-205,ทรัพย์สินไทย,1,1680,1680,,2564-10-26,IV6410364,ราคาที่ระบุเป็นก่อนหักส่วนลด,แม่สี,งานสี,10.0,2199
แม่สี Matrix  M-205,ทรัพย์สินไทย,1,1680,1680,,2565-02-22,IV6502258,ราคาที่ระบุเป็นก่อนหักส่วนลด,แม่สี,งานสี,10.0,2200
แม่สี มุกแดงสด Hybrid S205,บจก. วีที คัลเลอร์ โปร,1,1400,1498,1400.0,2568-05-21,IV6805147,,แม่สี,งานสี,,2201
แม่สี มุกแดงสด Hybrid S205,บจก. วีที คัลเลอร์ โปร,1,1400,1498,1400.0,2568-10-01,IV6810015,,แม่สี,งานสี,,2202
แม่สี มุกแดงสด Hybrid S205,บจก. วีที คัลเลอร์ โปร,1,1400,1498,1400.0,2568-11-26,IV6811188,,แม่สี,งานสี,0.07,2203
แม่สี Matrix  M-206,ทรัพย์สินไทย,1,1680,1680,,2563-09-23,,ราคาที่ระบุเป็นก่อนหักส่วนลด,แม่สี,งานสี,10.0,2204
แม่สี Matrix  M-206,ทรัพย์สินไทย,1,1680,1680,,2564-07-12,,ราคาที่ระบุเป็นก่อนหักส่วนลด,แม่สี,งานสี,10.0,2205
แม่สี มุกทอง Hybrid S206,บจก. วีที คัลเลอร์ โปร,1,1400,1400,,2567-08-14,IV6708064,ราคาที่ระบุเป็นก่อนหักส่วนลด,แม่สี,งานสี,,2206
แม่สี มุกทอง Hybrid S206,บจก. วีที คัลเลอร์ โปร,1,1498,1498,,2568-03-26,IV6803171,ราคารวม VAT แล้ว,แม่สี,งานสี,,2207
แม่สี มุกทอง Hybrid S206,บจก. วีที คัลเลอร์ โปร,1,1400,1498,1400.0,2568-05-21,IV6805147,,แม่สี,งานสี,,2208
แม่สี มุกทอง Hybrid S206,บจก. วีที คัลเลอร์ โปร,1,1400,1498,1400.0,2568-10-16,IV6810110,ราคาที่ลง ยังไม่รวมภาษี,แม่สี,งานสี,,2209
แม่สี Matrix  M-210,ทรัพย์สินไทย,2,1680,3360,,2562-07-09,,ราคาที่ระบุเป็นก่อนหักส่วนลด,แม่สี,งานสี,10.0,2210
แม่สี Matrix  M-210,ทรัพย์สินไทย,1,1680,1680,,2564-01-22,,ราคาที่ระบุเป็นก่อนหักส่วนลด,แม่สี,งานสี,10.0,2211
แม่สี Matrix  M-210,ทรัพย์สินไทย,1,1680,1680,,2563-01-27,,ราคาที่ระบุเป็นก่อนหักส่วนลด,แม่สี,งานสี,10.0,2212
แม่สี Matrix  M-210,ทรัพย์สินไทย,1,1680,1680,,2564-07-12,,ราคาที่ระบุเป็นก่อนหักส่วนลด,แม่สี,งานสี,10.0,2213
แม่สี Matrix  M-210,ทรัพย์สินไทย,1,1680,1680,,2565-05-25,IV6505291,ราคาที่ระบุเป็นก่อนหักส่วนลด,แม่สี,งานสี,10.0,2214
แม่สี มุกขาว SC-201,บจก. วีที คัลเลอร์ โปร,1,1400,1400,,2565-11-11,IV259/65,ราคายังไม่รวม VAT,แม่สี,งานสี,,2215
แม่สี มุกขาว SC-201,บจก. วีที คัลเลอร์ โปร,1,1400,1400,,2565-11-23,IV276/65,ราคายังไม่รวม VAT,แม่สี,งานสี,,2216
แม่สี มุกขาว SC-201,บจก. วีที คัลเลอร์ โปร,2,1400,2800,,2565-12-13,IV308-65,ราคายังไม่รวม VAT,แม่สี,งานสี,,2217
แม่สี มุกขาว SC-201,บจก. วีที คัลเลอร์ โปร,2,1400,2800,,2565-12-22,IV328-65,ราคายังไม่รวม VAT,แม่สี,งานสี,,2218
แม่สี มุกขาว SC-201,บจก. วีที คัลเลอร์ โปร,2,1400,2800,,2566-03-23,IV178-66,ราคายังไม่รวม VAT,แม่สี,งานสี,,2219
แม่สี มุกขาว SC-201,บจก. วีที คัลเลอร์ โปร,1,1400,1400,,2566-02-09,IV088-66,ราคายังไม่รวม VAT,แม่สี,งานสี,,2220
แม่สี มุกขาว SC-201,บจก. วีที คัลเลอร์ โปร,2,1400,2800,,2566-03-02,IV130-66,ราคายังไม่รวม VAT,แม่สี,งานสี,,2221
แม่สี มุกขาว SC-201,บจก. วีที คัลเลอร์ โปร,1,1400,1400,,2566-06-24,IV353-66,ราคายังไม่รวม VAT,แม่สี,งานสี,,2222
แม่สี มุกขาว Hybrid S201,บจก. วีที คัลเลอร์ โปร,1,1400,1400,,2566-07-27,IV423-66,ราคายังไม่รวม VAT,แม่สี,งานสี,,2223
แม่สี มุกขาว Hybrid S201,บจก. วีที คัลเลอร์ โปร,1,1400,1400,,2566-08-21,IV469-66,ราคายังไม่รวม VAT,แม่สี,งานสี,,2224
แม่สี มุกขาว Hybrid S201,บจก. วีที คัลเลอร์ โปร,1,1400,1400,,2566-09-22,IV541-66,ราคายังไม่รวม VAT,แม่สี,งานสี,,2225
แม่สี มุกขาว Hybrid S201,บจก. วีที คัลเลอร์ โปร,1,1400,1400,,2566-10-24,IV619-66,ราคายังไม่รวม VAT,แม่สี,งานสี,,2226
แม่สี มุกขาว Hybrid S201,บจก. วีที คัลเลอร์ โปร,2,1400,2800,,2566-12-21,IV765-66,ราคายังไม่รวม VAT,แม่สี,งานสี,,2227
แม่สี มุกขาว Hybrid S201,บจก. วีที คัลเลอร์ โปร,2,1400,2800,,2567-02-12,IV6702047,ราคายังไม่รวม VAT,แม่สี,งานสี,,2228
แม่สี มุกขาว Hybrid S201,บจก. วีที คัลเลอร์ โปร,1,1400,1400,,2567-05-08,IV6705049,ราคายังไม่รวม VAT,แม่สี,งานสี,,2229
แม่สี มุกขาว Hybrid S201,บจก. วีที คัลเลอร์ โปร,2,1400,2800,,2567-05-21,IV6705104,ราคายังไม่รวม VAT,แม่สี,งานสี,,2230
แม่สี มุกขาว Hybrid S201,บจก. วีที คัลเลอร์ โปร,1,1400,1400,,2567-06-21,IV6706124,ราคายังไม่รวม VAT,แม่สี,งานสี,,2231
แม่สี มุกขาว Hybrid S201,บจก. วีที คัลเลอร์ โปร,2,1400,2800,,2567-08-23,IV6708116,ราคายังไม่รวม VAT,แม่สี,งานสี,,2232
แม่สี มุกขาว Hybrid S201,บจก. วีที คัลเลอร์ โปร,2,1400,2800,,2567-09-24,IV6709122,ราคายังไม่รวม VAT,แม่สี,งานสี,,2233
แม่สี มุกขาว Hybrid S201,บจก. วีที คัลเลอร์ โปร,2,1400,2800,,2567-12-18,IV6712085,ราคายังไม่รวม VAT,แม่สี,งานสี,,2234
แม่สี มุกขาว Hybrid S201,บจก. วีที คัลเลอร์ โปร,2,1498,2996,,2568-01-21,IV6801106,ราคารวม VAT แล้ว,แม่สี,งานสี,,2235
แม่สี มุกขาว Hybrid S201,บจก. วีที คัลเลอร์ โปร,2,1400,2996,2800.0,2568-04-24,IV6804121,ราคารวม VAT แล้ว,แม่สี,งานสี,,2236
แม่สี มุกขาว Hybrid S201,บจก. วีที คัลเลอร์ โปร,6,1400,8988,8400.0,2568-06-26,IV6806175,ราคาที่ระบุ ยังไม่รวม VAT7%,แม่สี,งานสี,0.07,2237
แม่สี มุกขาว Hybrid S201,บจก. วีที คัลเลอร์ โปร,4,1400,5992,5600.0,2568-09-02,IV6809023,ราคาที่ระบุ ยังไม่รวม VAT7%,แม่สี,งานสี,0.07,2238
แม่สี มุกขาว Hybrid S201,บจก. วีที คัลเลอร์ โปร,4,1400,5992,5600.0,2568-10-16,IV6810110,ราคาที่ลง ยังไม่รวมภาษี,แม่สี,งานสี,,2239
แม่สี มุกขาว Hybrid S201,บจก. วีที คัลเลอร์ โปร,2,1400,2996,2800.0,2568-11-26,IV6811188,,แม่สี,งานสี,0.07,2240
แม่สี มุกเหลือง Hybrid S202,บจก. วีที คัลเลอร์ โปร,1,1400,1400,,2567-06-11,IV6706078,ราคายังไม่รวม VAT,แม่สี,งานสี,,2241
แม่สี มุกเหลือง Hybrid S202,บจก. วีที คัลเลอร์ โปร,2,1498,2996,,2568-01-21,IV6801106,ราคารวม VAT แล้ว,แม่สี,งานสี,,2242
แม่สี มุกแดงสด SC-204,บจก. วีที คัลเลอร์ โปร,1,1400,1400,,2566-06-13,IV329-66,ราคายังไม่รวม VAT,แม่สี,งานสี,,2243
แม่สี มุกแดงสด Hybrid S204,บจก. วีที คัลเลอร์ โปร,1,1400,1400,,2566-07-27,IV423-66,ราคายังไม่รวม VAT,แม่สี,งานสี,,2244
แม่สี มุกแดงสด SC-205,บจก. วีที คัลเลอร์ โปร,1,1400,1400,,2566-02-22,IV113-66,ราคายังไม่รวม VAT,แม่สี,งานสี,,2245
แม่สี มุกแดงสด SC-205,บจก. วีที คัลเลอร์ โปร,2,1400,2800,,2566-06-13,IV329-66,ราคายังไม่รวม VAT,แม่สี,งานสี,,2246
แม่สี มุกแดงสด Hybrid S205,บจก. วีที คัลเลอร์ โปร,1,1400,1400,,2566-07-27,IV423-66,ราคายังไม่รวม VAT,แม่สี,งานสี,,2247
แม่สี มุกแดงสด Hybrid S205,บจก. วีที คัลเลอร์ โปร,1,1400,1400,,2567-03-19,IV6703088,ราคายังไม่รวม VAT,แม่สี,งานสี,,2248
แม่สี มุกแดงสด Hybrid S205,บจก. วีที คัลเลอร์ โปร,1,1400,1400,,2567-09-24,IV6709122,ราคายังไม่รวม VAT,แม่สี,งานสี,,2249
แม่สี มุกโอปอ SC-210,บจก. วีที คัลเลอร์ โปร,1,1400,1400,,2565-12-13,IV308-65,ราคายังไม่รวม VAT,แม่สี,งานสี,,2250
แม่สี มุกโอปอ Hybrid S210,บจก. วีที คัลเลอร์ โปร,1,1400,1400,,2566-10-24,IV619-66,ราคายังไม่รวม VAT,แม่สี,งานสี,,2251
แม่สี มุกโอปอ Hybrid S210,บจก. วีที คัลเลอร์ โปร,1,1400,1400,,2567-04-22,IV6704071,ราคายังไม่รวม VAT,แม่สี,งานสี,,2252
แม่สี มุกโอปอ Hybrid S210,บจก. วีที คัลเลอร์ โปร,4,1400,5992,5600.0,2568-09-02,IV6809023,,แม่สี,งานสี,,2253
แม่สี Matrix  M-211 (สีบรอนซ์หลัก),ทรัพย์สินไทย,12,930,11160,,2562-05-24,,ราคาที่ระบุเป็นก่อนหักส่วนลด,แม่สี,งานสี,10.0,2254
แม่สี Matrix  M-211 (สีบรอนซ์หลัก),ทรัพย์สินไทย,6,930,5580,,2561-05-28,,ราคาที่ระบุเป็นก่อนหักส่วนลด,แม่สี,งานสี,10.0,2255
แม่สี Matrix  M-211 (สีบรอนซ์หลัก),ทรัพย์สินไทย,6,930,5580,,2562-06-07,,ราคาที่ระบุเป็นก่อนหักส่วนลด,แม่สี,งานสี,10.0,2256
แม่สี Matrix  M-211 (สีบรอนซ์หลัก),ทรัพย์สินไทย,6,930,5580,,2562-06-24,,ราคาที่ระบุเป็นก่อนหักส่วนลด,แม่สี,งานสี,10.0,2257
แม่สี Matrix  M-211 (สีบรอนซ์หลัก),ทรัพย์สินไทย,6,930,5580,,2562-06-25,,ราคาที่ระบุเป็นก่อนหักส่วนลด,แม่สี,งานสี,10.0,2258
แม่สี Matrix  M-211 (สีบรอนซ์หลัก),ทรัพย์สินไทย,12,930,11160,,2562-07-24,,ราคาที่ระบุเป็นก่อนหักส่วนลด,แม่สี,งานสี,10.0,2259
แม่สี Matrix  M-211 (สีบรอนซ์หลัก),ทรัพย์สินไทย,18,930,16740,,2562-08-26,,ราคาที่ระบุเป็นก่อนหักส่วนลด,แม่สี,งานสี,10.0,2260
แม่สี Matrix  M-211 (สีบรอนซ์หลัก),ทรัพย์สินไทย,6,930,5580,,2563-01-27,,ราคาที่ระบุเป็นก่อนหักส่วนลด,แม่สี,งานสี,10.0,2261
แม่สี Matrix  M-211 (สีบรอนซ์หลัก),ทรัพย์สินไทย,18,930,16740,,2563-02-20,,ราคาที่ระบุเป็นก่อนหักส่วนลด,แม่สี,งานสี,10.0,2262
แม่สี Matrix  M-211 (สีบรอนซ์หลัก),ทรัพย์สินไทย,12,930,11160,,2563-03-24,,ราคาที่ระบุเป็นก่อนหักส่วนลด,แม่สี,งานสี,10.0,2263
แม่สี Matrix  M-211 (สีบรอนซ์หลัก),ทรัพย์สินไทย,6,930,5580,,2563-04-06,,ราคาที่ระบุเป็นก่อนหักส่วนลด,แม่สี,งานสี,10.0,2264
แม่สี Matrix  M-211 (สีบรอนซ์หลัก),ทรัพย์สินไทย,12,930,11160,,2563-04-23,,ราคาที่ระบุเป็นก่อนหักส่วนลด,แม่สี,งานสี,10.0,2265
แม่สี Matrix  M-211 (สีบรอนซ์หลัก),ทรัพย์สินไทย,6,930,5580,,2563-07-15,,ราคาที่ระบุเป็นก่อนหักส่วนลด,แม่สี,งานสี,10.0,2266
แม่สี Matrix  M-211 (สีบรอนซ์หลัก),ทรัพย์สินไทย,12,930,11160,,2563-07-24,,ราคาที่ระบุเป็นก่อนหักส่วนลด,แม่สี,งานสี,10.0,2267
แม่สี Matrix  M-211 (สีบรอนซ์หลัก),ทรัพย์สินไทย,6,930,5580,,2563-07-29,,ราคาที่ระบุเป็นก่อนหักส่วนลด,แม่สี,งานสี,10.0,2268
แม่สี Matrix  M-211 (สีบรอนซ์หลัก),ทรัพย์สินไทย,12,930,11160,,2563-08-24,,ราคาที่ระบุเป็นก่อนหักส่วนลด,แม่สี,งานสี,10.0,2269
แม่สี Matrix  M-211 (สีบรอนซ์หลัก),ทรัพย์สินไทย,12,930,11160,,2563-09-23,,ราคาที่ระบุเป็นก่อนหักส่วนลด,แม่สี,งานสี,10.0,2270
แม่สี Matrix  M-211 (สีบรอนซ์หลัก),ทรัพย์สินไทย,6,930,5580,,2563-10-21,,ราคาที่ระบุเป็นก่อนหักส่วนลด,แม่สี,งานสี,10.0,2271
แม่สี Matrix  M-211 (สีบรอนซ์หลัก),ทรัพย์สินไทย,6,930,5580,,2563-11-25,,ราคาที่ระบุเป็นก่อนหักส่วนลด,แม่สี,งานสี,10.0,2272
แม่สี Matrix  M-211 (สีบรอนซ์หลัก),ทรัพย์สินไทย,18,930,16740,,2563-12-21,,ราคาที่ระบุเป็นก่อนหักส่วนลด,แม่สี,งานสี,10.0,2273
แม่สี Matrix  M-211 (สีบรอนซ์หลัก),ทรัพย์สินไทย,18,930,16740,,2564-02-23,,ราคาที่ระบุเป็นก่อนหักส่วนลด,แม่สี,งานสี,10.0,2274
แม่สี Matrix  M-211 (สีบรอนซ์หลัก),ทรัพย์สินไทย,18,930,16740,,2564-03-24,,ราคาที่ระบุเป็นก่อนหักส่วนลด,แม่สี,งานสี,10.0,2275
แม่สี Matrix  M-211 (สีบรอนซ์หลัก),ทรัพย์สินไทย,12,930,11160,,2564-06-18,,ราคาที่ระบุเป็นก่อนหักส่วนลด,แม่สี,งานสี,10.0,2276
แม่สี Matrix  M-211 (สีบรอนซ์หลัก),ทรัพย์สินไทย,6,930,5580,,2564-07-26,,ราคาที่ระบุเป็นก่อนหักส่วนลด,แม่สี,งานสี,10.0,2277
แม่สี Matrix  M-211 (สีบรอนซ์หลัก),ทรัพย์สินไทย,6,930,5580,,2564-08-26,,ราคาที่ระบุเป็นก่อนหักส่วนลด,แม่สี,งานสี,10.0,2278
แม่สี Matrix  M-211 (สีบรอนซ์หลัก),ทรัพย์สินไทย,12,930,11160,,2564-09-22,IV6409285,ราคาที่ระบุเป็นก่อนหักส่วนลด,แม่สี,งานสี,10.0,2279
แม่สี Matrix  M-211 (สีบรอนซ์หลัก),ทรัพย์สินไทย,6,930,5580,,2564-10-26,IV6410364,ราคาที่ระบุเป็นก่อนหักส่วนลด,แม่สี,งานสี,10.0,2280
แม่สี Matrix  M-211 (สีบรอนซ์หลัก),ทรัพย์สินไทย,6,930,5580,,2564-11-23,IV6411319,ราคาที่ระบุเป็นก่อนหักส่วนลด,แม่สี,งานสี,10.0,2281
แม่สี Matrix  M-211 (สีบรอนซ์หลัก),ทรัพย์สินไทย,12,930,11160,,2565-01-21,IV6501225,ราคาที่ระบุเป็นก่อนหักส่วนลด,แม่สี,งานสี,10.0,2282
แม่สี Matrix  M-211 (สีบรอนซ์หลัก),ทรัพย์สินไทย,18,930,16740,,2565-03-23,IV6503300,ราคาที่ระบุเป็นก่อนหักส่วนลด,แม่สี,งานสี,10.0,2283
แม่สี Matrix  M-211 (สีบรอนซ์หลัก),ทรัพย์สินไทย,12,930,11160,,2565-05-25,IV6505291,ราคาที่ระบุเป็นก่อนหักส่วนลด,แม่สี,งานสี,10.0,2284
แม่สี Matrix  M-211 (สีบรอนซ์หลัก),ทรัพย์สินไทย,12,930,11160,,2565-06-27,IV6506336,ราคาที่ระบุเป็นก่อนหักส่วนลด,แม่สี,งานสี,10.0,2285
แม่สีบรอนซ์หยาบพิเศษ SC-211,บจก. วีที คัลเลอร์ โปร,12,800,9600,,2565-09-20,IV184-65,ราคาที่ระบุเป็นก่อนหักส่วนลด,แม่สี,งานสี,,2286
แม่สีบรอนซ์หยาบพิเศษ SC-211,บจก. วีที คัลเลอร์ โปร,6,800,4800,,2565-10-25,IV228-65,ราคาที่ระบุเป็นก่อนหักส่วนลด,แม่สี,งานสี,,2287
แม่สีบรอนซ์หยาบพิเศษ SC-211,บจก. วีที คัลเลอร์ โปร,12,800,9600,,2565-11-23,IV276-65,ราคาที่ระบุเป็นก่อนหักส่วนลด,แม่สี,งานสี,,2288
แม่สีบรอนซ์หยาบพิเศษ SC-211,บจก. วีที คัลเลอร์ โปร,12,800,9600,,2565-12-19,IV318-65,ราคาที่ระบุเป็นก่อนหักส่วนลด,แม่สี,งานสี,,2289
แม่สีบรอนซ์หยาบพิเศษ SC-211,บจก. วีที คัลเลอร์ โปร,12,800,9600,,2566-02-22,IV113-66,ราคาที่ระบุเป็นก่อนหักส่วนลด,แม่สี,งานสี,,2290
แม่สีบรอนซ์หยาบพิเศษ SC-211,บจก. วีที คัลเลอร์ โปร,6,800,4800,,2566-03-23,IV178-66,ราคาที่ระบุเป็นก่อนหักส่วนลด,แม่สี,งานสี,,2291
แม่สีบรอนซ์หยาบพิเศษ SC-211,บจก. วีที คัลเลอร์ โปร,6,800,4800,,2566-04-24,IV226-66,ราคาที่ระบุเป็นก่อนหักส่วนลด,แม่สี,งานสี,,2292
แม่สีบรอนซ์หยาบพิเศษ SC-211,บจก. วีที คัลเลอร์ โปร,6,800,4800,,2566-06-24,IV353-66,ราคาที่ระบุเป็นก่อนหักส่วนลด,แม่สี,งานสี,,2293
แม่สีบรอนซ์หยาบพิเศษ SC-211,บจก. วีที คัลเลอร์ โปร,6,800,4800,,2566-07-21,IV410-66,ราคาที่ระบุเป็นก่อนหักส่วนลด,แม่สี,งานสี,,2294
แม่สีบรอนซ์หยาบพิเศษ Hybrid S211,บจก. วีที คัลเลอร์ โปร,6,800,4800,,2566-07-27,IV423-66,ราคาที่ระบุเป็นก่อนหักส่วนลด,แม่สี,งานสี,,2295
แม่สีบรอนซ์หยาบพิเศษ Hybrid S211,บจก. วีที คัลเลอร์ โปร,6,800,4800,,2566-08-21,IV469-66,ราคาที่ระบุเป็นก่อนหักส่วนลด,แม่สี,งานสี,,2296
แม่สีบรอนซ์หยาบพิเศษ Hybrid S211,บจก. วีที คัลเลอร์ โปร,6,800,4800,,2566-09-09,IV517-66,ราคาที่ระบุเป็นก่อนหักส่วนลด,แม่สี,งานสี,,2297
แม่สีบรอนซ์หยาบพิเศษ Hybrid S211,บจก. วีที คัลเลอร์ โปร,12,800,9600,,2566-09-22,IV541-66,ราคาที่ระบุเป็นก่อนหักส่วนลด,แม่สี,งานสี,,2298
แม่สีบรอนซ์หยาบพิเศษ Hybrid S211,บจก. วีที คัลเลอร์ โปร,6,800,4800,,2566-10-21,IV684-66,ราคาที่ระบุเป็นก่อนหักส่วนลด,แม่สี,งานสี,,2299
แม่สีบรอนซ์หยาบพิเศษ Hybrid S211,บจก. วีที คัลเลอร์ โปร,6,800,4800,,2566-12-21,IV765-66,ราคาที่ระบุเป็นก่อนหักส่วนลด,แม่สี,งานสี,,2300
แม่สีบรอนซ์หยาบพิเศษ Hybrid S211,บจก. วีที คัลเลอร์ โปร,6,800,4800,,2567-01-24,IV6701079,ราคาที่ระบุเป็นก่อนหักส่วนลด,แม่สี,งานสี,,2301
แม่สีบรอนซ์หยาบพิเศษ Hybrid S211,บจก. วีที คัลเลอร์ โปร,12,800,9600,,2567-02-26,IV6702103,ราคาที่ระบุเป็นก่อนหักส่วนลด,แม่สี,งานสี,,2302
แม่สีบรอนซ์หยาบพิเศษ Hybrid S211,บจก. วีที คัลเลอร์ โปร,6,800,4800,,2567-04-22,IV6704071,ราคาที่ระบุเป็นก่อนหักส่วนลด,แม่สี,งานสี,,2303
แม่สีบรอนซ์หยาบพิเศษ Hybrid S211,บจก. วีที คัลเลอร์ โปร,12,800,9600,,2567-05-21,IV6705104,ราคาที่ระบุเป็นก่อนหักส่วนลด,แม่สี,งานสี,,2304
แม่สีบรอนซ์หยาบพิเศษ Hybrid S211,บจก. วีที คัลเลอร์ โปร,6,800,4800,,2567-06-21,IV6706124,ราคาที่ระบุเป็นก่อนหักส่วนลด,แม่สี,งานสี,,2305
แม่สีบรอนซ์หยาบพิเศษ Hybrid S211,บจก. วีที คัลเลอร์ โปร,6,800,4800,,2567-07-23,IV6707130,ราคาที่ระบุเป็นก่อนหักส่วนลด,แม่สี,งานสี,,2306
แม่สีบรอนซ์หยาบพิเศษ Hybrid S211,บจก. วีที คัลเลอร์ โปร,6,800,4800,,2567-08-23,IV6708116,ราคาที่ระบุเป็นก่อนหักส่วนลด,แม่สี,งานสี,,2307
แม่สีบรอนซ์หยาบพิเศษ Hybrid S211,บจก. วีที คัลเลอร์ โปร,12,800,9600,,2567-11-19,IV6711103,ราคาที่ระบุเป็นก่อนหักส่วนลด,แม่สี,งานสี,,2308
แม่สีบรอนซ์หยาบพิเศษ Hybrid S211,บจก. วีที คัลเลอร์ โปร,6,800,4800,,2567-12-18,IV6712085,ราคาที่ระบุเป็นก่อนหักส่วนลด,แม่สี,งานสี,,2309
แม่สีบรอนซ์หยาบพิเศษ Hybrid S211,บจก. วีที คัลเลอร์ โปร,6,856,5136,,2568-01-21,IV6801106,ราคารวม VAT แล้ว,แม่สี,งานสี,,2310
แม่สีบรอนซ์หยาบพิเศษ Hybrid S211,บจก. วีที คัลเลอร์ โปร,6,856,5136,,2568-02-24,IV6802144,ราคารวม VAT แล้ว,แม่สี,งานสี,,2311
แม่สีบรอนซ์หยาบพิเศษ Hybrid S211,บจก. วีที คัลเลอร์ โปร,4,856,3424,,2568-03-26,IV6803171,ราคารวม VAT แล้ว,แม่สี,งานสี,,2312
แม่สีบรอนซ์หยาบพิเศษ Hybrid S211,บจก. วีที คัลเลอร์ โปร,12,800,10272,9600.0,2568-05-21,IV6805147,,แม่สี,งานสี,,2313
แม่สีบรอนซ์หยาบพิเศษ Hybrid S211,บจก. วีที คัลเลอร์ โปร,2,800,1712,1600.0,2568-08-13,IV6808072,,แม่สี,งานสี,0.07,2314
แม่สีบรอนซ์หยาบพิเศษ Hybrid S211,บจก. วีที คัลเลอร์ โปร,3,800,2568,2400.0,2568-06-13,IV6806091,,แม่สี,งานสี,0.07,2315
แม่สีบรอนซ์หยาบพิเศษ Hybrid S211,บจก. วีที คัลเลอร์ โปร,10,800,8560,8000.0,2568-06-26,IV6806175,,แม่สี,งานสี,0.07,2316
แม่สีบรอนซ์หยาบพิเศษ Hybrid S211,บจก. วีที คัลเลอร์ โปร,6,800,5136,4800.0,2568-08-23,IV6808151,,แม่สี,งานสี,0.07,2317
แม่สีบรอนซ์หยาบพิเศษ Hybrid S211,บจก. วีที คัลเลอร์ โปร,4,800,3424,3200.0,2568-10-01,IV6810015,,แม่สี,งานสี,0.07,2318
แม่สีบรอนซ์หยาบพิเศษ Hybrid S211,บจก. วีที คัลเลอร์ โปร,4,800,3424,3200.0,2568-10-16,IV6810110,ราคาที่ลง ยังไม่รวมภาษี,แม่สี,งานสี,,2319
แม่สีบรอนซ์หยาบพิเศษ Hybrid S211,บจก. วีที คัลเลอร์ โปร,4,800,3424,3200.0,2568-11-03,IV6811023,ราคาที่ระบุ ยังไม่รวม VAT7%,แม่สี,งานสี,0.07,2320
แม่สีบรอนซ์หยาบพิเศษ Hybrid S211,บจก. วีที คัลเลอร์ โปร,4,800,3424,3200.0,2568-11-26,IV6811188,,แม่สี,งานสี,0.07,2321
แม่สีบรอนซ์หยาบพิเศษ Hybrid S211,บจก. วีที คัลเลอร์ โปร,2,800,1712,1600.0,2568-12-08,IV6812065,,แม่สี,งานสี,0.07,2322
แม่สี Matrix  M-212 (สีบรอนซ์หลัก),ทรัพย์สินไทย,12,930,11160,,2561-05-28,,ราคาที่ระบุเป็นก่อนหักส่วนลด,แม่สี,งานสี,10.0,2323
แม่สี Matrix  M-212 (สีบรอนซ์หลัก),ทรัพย์สินไทย,6,930,5880,,2562-06-07,,ราคาที่ระบุเป็นก่อนหักส่วนลด,แม่สี,งานสี,10.0,2324
แม่สี Matrix  M-212 (สีบรอนซ์หลัก),ทรัพย์สินไทย,6,930,5580,,2562-06-24,,ราคาที่ระบุเป็นก่อนหักส่วนลด,แม่สี,งานสี,10.0,2325
แม่สี Matrix  M-212 (สีบรอนซ์หลัก),ทรัพย์สินไทย,6,930,5580,,2562-06-25,,ราคาที่ระบุเป็นก่อนหักส่วนลด,แม่สี,งานสี,10.0,2326
แม่สี Matrix  M-212 (สีบรอนซ์หลัก),ทรัพย์สินไทย,12,930,11160,,2562-07-24,,ราคาที่ระบุเป็นก่อนหักส่วนลด,แม่สี,งานสี,10.0,2327
แม่สี Matrix  M-212 (สีบรอนซ์หลัก),ทรัพย์สินไทย,12,930,11160,,2562-08-26,,ราคาที่ระบุเป็นก่อนหักส่วนลด,แม่สี,งานสี,10.0,2328
แม่สี Matrix  M-212 (สีบรอนซ์หลัก),ทรัพย์สินไทย,6,930,5580,,2563-01-27,,ราคาที่ระบุเป็นก่อนหักส่วนลด,แม่สี,งานสี,10.0,2329
แม่สี Matrix  M-212 (สีบรอนซ์หลัก),ทรัพย์สินไทย,18,930,16740,,2563-02-20,,ราคาที่ระบุเป็นก่อนหักส่วนลด,แม่สี,งานสี,10.0,2330
แม่สี Matrix  M-212 (สีบรอนซ์หลัก),ทรัพย์สินไทย,12,930,11160,,2563-03-24,,ราคาที่ระบุเป็นก่อนหักส่วนลด,แม่สี,งานสี,10.0,2331
แม่สี Matrix  M-212 (สีบรอนซ์หลัก),ทรัพย์สินไทย,12,930,11160,,2563-04-23,,ราคาที่ระบุเป็นก่อนหักส่วนลด,แม่สี,งานสี,10.0,2332
แม่สี Matrix  M-212 (สีบรอนซ์หลัก),ทรัพย์สินไทย,12,930,11160,,2563-07-24,,ราคาที่ระบุเป็นก่อนหักส่วนลด,แม่สี,งานสี,10.0,2333
แม่สี Matrix  M-212 (สีบรอนซ์หลัก),ทรัพย์สินไทย,6,930,5580,,2563-07-29,,ราคาที่ระบุเป็นก่อนหักส่วนลด,แม่สี,งานสี,10.0,2334
แม่สี Matrix  M-212 (สีบรอนซ์หลัก),ทรัพย์สินไทย,6,930,5580,,2563-08-24,,ราคาที่ระบุเป็นก่อนหักส่วนลด,แม่สี,งานสี,10.0,2335
แม่สี Matrix  M-212 (สีบรอนซ์หลัก),ทรัพย์สินไทย,12,930,11160,,2563-09-23,,ราคาที่ระบุเป็นก่อนหักส่วนลด,แม่สี,งานสี,10.0,2336
แม่สี Matrix  M-212 (สีบรอนซ์หลัก),ทรัพย์สินไทย,12,930,11160,,2563-10-21,,ราคาที่ระบุเป็นก่อนหักส่วนลด,แม่สี,งานสี,10.0,2337
แม่สี Matrix  M-212 (สีบรอนซ์หลัก),ทรัพย์สินไทย,18,930,16740,,2563-12-21,,ราคาที่ระบุเป็นก่อนหักส่วนลด,แม่สี,งานสี,10.0,2338
แม่สี Matrix  M-212 (สีบรอนซ์หลัก),ทรัพย์สินไทย,18,930,16740,,2564-02-23,,ราคาที่ระบุเป็นก่อนหักส่วนลด,แม่สี,งานสี,10.0,2339
แม่สี Matrix  M-212 (สีบรอนซ์หลัก),ทรัพย์สินไทย,18,930,16740,,2564-03-24,,ราคาที่ระบุเป็นก่อนหักส่วนลด,แม่สี,งานสี,10.0,2340
แม่สี Matrix  M-212 (สีบรอนซ์หลัก),ทรัพย์สินไทย,6,930,5580,,2564-08-24,,ราคาที่ระบุเป็นก่อนหักส่วนลด,แม่สี,งานสี,10.0,2341
แม่สี Matrix  M-212 (สีบรอนซ์หลัก),ทรัพย์สินไทย,12,930,11160,,2564-06-18,,ราคาที่ระบุเป็นก่อนหักส่วนลด,แม่สี,งานสี,10.0,2342
แม่สี Matrix  M-212 (สีบรอนซ์หลัก),ทรัพย์สินไทย,12,930,11160,,2564-07-26,,ราคาที่ระบุเป็นก่อนหักส่วนลด,แม่สี,งานสี,10.0,2343
แม่สี Matrix  M-212 (สีบรอนซ์หลัก),ทรัพย์สินไทย,6,930,5580,,2564-08-26,,ราคาที่ระบุเป็นก่อนหักส่วนลด,แม่สี,งานสี,10.0,2344
แม่สี Matrix  M-212 (สีบรอนซ์หลัก),ทรัพย์สินไทย,12,930,11160,,2564-09-22,IV6409285,ราคาที่ระบุเป็นก่อนหักส่วนลด,แม่สี,งานสี,10.0,2345
แม่สี Matrix  M-212 (สีบรอนซ์หลัก),ทรัพย์สินไทย,6,930,5580,,2564-10-26,IV6410364,ราคาที่ระบุเป็นก่อนหักส่วนลด,แม่สี,งานสี,10.0,2346
แม่สี Matrix  M-212 (สีบรอนซ์หลัก),ทรัพย์สินไทย,12,930,11160,,2564-11-23,IV6411319,ราคาที่ระบุเป็นก่อนหักส่วนลด,แม่สี,งานสี,10.0,2347
แม่สี Matrix  M-212 (สีบรอนซ์หลัก),ทรัพย์สินไทย,6,930,5580,,2564-12-22,IV6412302,ราคาที่ระบุเป็นก่อนหักส่วนลด,แม่สี,งานสี,10.0,2348
แม่สี Matrix  M-212 (สีบรอนซ์หลัก),ทรัพย์สินไทย,12,930,11160,,2565-01-21,IV6501225,ราคาที่ระบุเป็นก่อนหักส่วนลด,แม่สี,งานสี,10.0,2349
แม่สี Matrix  M-212 (สีบรอนซ์หลัก),ทรัพย์สินไทย,12,930,11160,,2565-02-22,IV6502258,ราคาที่ระบุเป็นก่อนหักส่วนลด,แม่สี,งานสี,10.0,2350
แม่สี Matrix  M-212 (สีบรอนซ์หลัก),ทรัพย์สินไทย,12,930,11160,,2565-03-23,IV6503300,ราคาที่ระบุเป็นก่อนหักส่วนลด,แม่สี,งานสี,10.0,2351
แม่สี Matrix  M-212 (สีบรอนซ์หลัก),ทรัพย์สินไทย,6,930,5580,,2565-04-27,IV6504236,ราคาที่ระบุเป็นก่อนหักส่วนลด,แม่สี,งานสี,10.0,2352
แม่สี Matrix  M-212 (สีบรอนซ์หลัก),ทรัพย์สินไทย,18,930,16740,,2565-05-25,IV6505291,ราคาที่ระบุเป็นก่อนหักส่วนลด,แม่สี,งานสี,10.0,2353
แม่สี Matrix  M-212 (สีบรอนซ์หลัก),ทรัพย์สินไทย,6,930,5580,,2565-06-24,IV6506322,ราคาที่ระบุเป็นก่อนหักส่วนลด,แม่สี,งานสี,10.0,2354
แม่สี Matrix  M-212 (สีบรอนซ์หลัก),ทรัพย์สินไทย,12,930,11160,,2565-06-27,IV6506336,ราคาที่ระบุเป็นก่อนหักส่วนลด,แม่สี,งานสี,10.0,2355
แม่สี บรอนซ์ละเอียดพิเศษ SC-212 (สีบรอนซ์หลัก),บจก. วีที คัลเลอร์ โปร,6,800,4800,,2565-08-02,IV116-65,ราคาที่ระบุ ยังไม่รวม VAT7%,แม่สี,งานสี,,2356
แม่สี บรอนซ์ละเอียดพิเศษ SC-212 (สีบรอนซ์หลัก),บจก. วีที คัลเลอร์ โปร,8,800,6400,,2565-08-24,IV148-65,ราคาที่ระบุ ยังไม่รวม VAT7%,แม่สี,งานสี,,2357
แม่สี บรอนซ์ละเอียดพิเศษ SC-212 (สีบรอนซ์หลัก),บจก. วีที คัลเลอร์ โปร,8,800,6400,,2565-09-07,IV167-65,ราคายังไม่รวม VAT,แม่สี,งานสี,,2358
แม่สี บรอนซ์ละเอียดพิเศษ SC-212 (สีบรอนซ์หลัก),บจก. วีที คัลเลอร์ โปร,12,800,9600,,2565-09-20,IV184-65,ราคายังไม่รวม VAT,แม่สี,งานสี,,2359
แม่สี บรอนซ์ละเอียดพิเศษ SC-212 (สีบรอนซ์หลัก),บจก. วีที คัลเลอร์ โปร,6,800,4800,,2565-10-15,IV214-65,ราคายังไม่รวม VAT,แม่สี,งานสี,,2360
แม่สี บรอนซ์ละเอียดพิเศษ SC-212 (สีบรอนซ์หลัก),บจก. วีที คัลเลอร์ โปร,12,800,9600,,2565-10-25,IV228-65,ราคายังไม่รวม VAT,แม่สี,งานสี,,2361
แม่สี บรอนซ์ละเอียดพิเศษ SC-212 (สีบรอนซ์หลัก),บจก. วีที คัลเลอร์ โปร,12,800,9600,,2565-11-23,IV276-65,ราคายังไม่รวม VAT,แม่สี,งานสี,,2362
แม่สี บรอนซ์ละเอียดพิเศษ SC-212 (สีบรอนซ์หลัก),บจก. วีที คัลเลอร์ โปร,12,800,9600,,2565-12-19,IV318-65,ราคายังไม่รวม VAT,แม่สี,งานสี,,2363
แม่สี บรอนซ์ละเอียดพิเศษ SC-212 (สีบรอนซ์หลัก),บจก. วีที คัลเลอร์ โปร,6,800,4800,,2566-03-23,IV178-66,ราคายังไม่รวม VAT,แม่สี,งานสี,,2364
แม่สี บรอนซ์ละเอียดพิเศษ SC-212 (สีบรอนซ์หลัก),บจก. วีที คัลเลอร์ โปร,6,800,4800,,2566-02-09,IV088-66,ราคายังไม่รวม VAT,แม่สี,งานสี,,2365
แม่สี บรอนซ์ละเอียดพิเศษ SC-212 (สีบรอนซ์หลัก),บจก. วีที คัลเลอร์ โปร,18,800,14400,,2566-02-22,IV113-66,ราคายังไม่รวม VAT,แม่สี,งานสี,,2366
แม่สี บรอนซ์ละเอียดพิเศษ SC-212 (สีบรอนซ์หลัก),บจก. วีที คัลเลอร์ โปร,4,800,3200,,2566-03-20,IV168-66,ราคายังไม่รวม VAT,แม่สี,งานสี,,2367
แม่สี บรอนซ์ละเอียดพิเศษ SC-212 (สีบรอนซ์หลัก),บจก. วีที คัลเลอร์ โปร,6,800,4800,,2566-04-24,IV226-66,ราคายังไม่รวม VAT,แม่สี,งานสี,,2368
แม่สี บรอนซ์ละเอียดพิเศษ SC-212 (สีบรอนซ์หลัก),บจก. วีที คัลเลอร์ โปร,6,800,4800,,2566-06-13,IV329-66,ราคายังไม่รวม VAT,แม่สี,งานสี,,2369
แม่สี บรอนซ์ละเอียดพิเศษ SC-212 (สีบรอนซ์หลัก),บจก. วีที คัลเลอร์ โปร,12,800,9600,,2566-06-24,IV353-66,ราคายังไม่รวม VAT,แม่สี,งานสี,,2370
แม่สี บรอนซ์ละเอียดพิเศษ Hybrid S212 (สีบรอนซ์หลัก),บจก. วีที คัลเลอร์ โปร,6,800,4800,,2566-07-21,IV410-66,ราคายังไม่รวม VAT,แม่สี,งานสี,,2371
แม่สี บรอนซ์ละเอียดพิเศษ Hybrid S212 (สีบรอนซ์หลัก),บจก. วีที คัลเลอร์ โปร,6,800,4800,,2566-07-27,IV423-66,ราคายังไม่รวม VAT,แม่สี,งานสี,,2372
แม่สี บรอนซ์ละเอียดพิเศษ Hybrid S212 (สีบรอนซ์หลัก),บจก. วีที คัลเลอร์ โปร,6,800,4800,,2566-08-21,IV469-66,ราคายังไม่รวม VAT,แม่สี,งานสี,,2373
แม่สี บรอนซ์ละเอียดพิเศษ Hybrid S212 (สีบรอนซ์หลัก),บจก. วีที คัลเลอร์ โปร,12,800,9600,,2566-09-22,IV541-66,ราคายังไม่รวม VAT,แม่สี,งานสี,,2374
แม่สี บรอนซ์ละเอียดพิเศษ Hybrid S212 (สีบรอนซ์หลัก),บจก. วีที คัลเลอร์ โปร,12,800,9600,,2566-10-21,IV684-66,ราคายังไม่รวม VAT,แม่สี,งานสี,,2375
แม่สี บรอนซ์ละเอียดพิเศษ Hybrid S212 (สีบรอนซ์หลัก),บจก. วีที คัลเลอร์ โปร,12,800,9600,,2566-10-24,IV619-66,ราคายังไม่รวม VAT,แม่สี,งานสี,,2376
แม่สี บรอนซ์ละเอียดพิเศษ Hybrid S212 (สีบรอนซ์หลัก),บจก. วีที คัลเลอร์ โปร,6,800,4800,,2566-12-21,IV765-66,ราคายังไม่รวม VAT,แม่สี,งานสี,,2377
แม่สี บรอนซ์ละเอียดพิเศษ Hybrid S212 (สีบรอนซ์หลัก),บจก. วีที คัลเลอร์ โปร,6,800,4800,,2567-01-24,IV6701079,ราคายังไม่รวม VAT,แม่สี,งานสี,,2378
แม่สี บรอนซ์ละเอียดพิเศษ Hybrid S212 (สีบรอนซ์หลัก),บจก. วีที คัลเลอร์ โปร,12,800,9600,,2567-02-26,IV6702103,ราคายังไม่รวม VAT,แม่สี,งานสี,,2379
แม่สี บรอนซ์ละเอียดพิเศษ Hybrid S212 (สีบรอนซ์หลัก),บจก. วีที คัลเลอร์ โปร,6,800,4800,,2567-04-22,IV6704071,ราคายังไม่รวม VAT,แม่สี,งานสี,,2380
แม่สี บรอนซ์ละเอียดพิเศษ Hybrid S212 (สีบรอนซ์หลัก),บจก. วีที คัลเลอร์ โปร,12,800,9600,,2567-05-21,IV6705104,ราคายังไม่รวม VAT,แม่สี,งานสี,,2381
แม่สี บรอนซ์ละเอียดพิเศษ Hybrid S212 (สีบรอนซ์หลัก),บจก. วีที คัลเลอร์ โปร,12,800,9600,,2567-03-19,IV6703088,ราคายังไม่รวม VAT,แม่สี,งานสี,,2382
แม่สี บรอนซ์ละเอียดพิเศษ Hybrid S212 (สีบรอนซ์หลัก),บจก. วีที คัลเลอร์ โปร,12,800,9600,,2567-06-21,IV6706124,ราคายังไม่รวม VAT,แม่สี,งานสี,,2383
แม่สี บรอนซ์ละเอียดพิเศษ Hybrid S212 (สีบรอนซ์หลัก),บจก. วีที คัลเลอร์ โปร,6,800,4800,,2567-07-11,IV6707082,ราคายังไม่รวม VAT,แม่สี,งานสี,,2384
แม่สี บรอนซ์ละเอียดพิเศษ Hybrid S212 (สีบรอนซ์หลัก),บจก. วีที คัลเลอร์ โปร,12,800,9600,,2567-07-23,IV6707130,ราคายังไม่รวม VAT,แม่สี,งานสี,,2385
แม่สี บรอนซ์ละเอียดพิเศษ Hybrid S212 (สีบรอนซ์หลัก),บจก. วีที คัลเลอร์ โปร,12,800,9600,,2567-08-23,IV6708116,ราคายังไม่รวม VAT,แม่สี,งานสี,,2386
แม่สี บรอนซ์ละเอียดพิเศษ Hybrid S212 (สีบรอนซ์หลัก),บจก. วีที คัลเลอร์ โปร,12,800,9600,,2567-09-24,IV6709122,ราคายังไม่รวม VAT,แม่สี,งานสี,,2387
แม่สี บรอนซ์ละเอียดพิเศษ Hybrid S212 (สีบรอนซ์หลัก),บจก. วีที คัลเลอร์ โปร,12,800,9600,,2567-11-19,IV6711103,ราคายังไม่รวม VAT,แม่สี,งานสี,,2388
แม่สี บรอนซ์ละเอียดพิเศษ Hybrid S212 (สีบรอนซ์หลัก),บจก. วีที คัลเลอร์ โปร,12,800,9600,,2567-12-18,IV6712085,ราคายังไม่รวม VAT,แม่สี,งานสี,,2389
แม่สี บรอนซ์ละเอียดพิเศษ Hybrid S212 (สีบรอนซ์หลัก),บจก. วีที คัลเลอร์ โปร,6,856,5136,,2568-01-21,IV6801106,ราคารวม VAT แล้ว,แม่สี,งานสี,,2390
แม่สี บรอนซ์ละเอียดพิเศษ Hybrid S212 (สีบรอนซ์หลัก),บจก. วีที คัลเลอร์ โปร,6,856,5136,,2568-02-18,IV6802112,ราคารวม VAT แล้ว,แม่สี,งานสี,,2391
แม่สี บรอนซ์ละเอียดพิเศษ Hybrid S212 (สีบรอนซ์หลัก),บจก. วีที คัลเลอร์ โปร,6,856,5136,,2568-02-24,IV6802144,ราคารวม VAT แล้ว,แม่สี,งานสี,,2392
แม่สี บรอนซ์ละเอียดพิเศษ Hybrid S212 (สีบรอนซ์หลัก),บจก. วีที คัลเลอร์ โปร,6,856,5136,,2568-03-26,IV6803171,ราคารวม VAT แล้ว,แม่สี,งานสี,,2393
แม่สี บรอนซ์ละเอียดพิเศษ Hybrid S212 (สีบรอนซ์หลัก),บจก. วีที คัลเลอร์ โปร,17,800,14552,13600.0,2568-05-21,IV6805147,,แม่สี,งานสี,,2394
แม่สี บรอนซ์ละเอียดพิเศษ Hybrid S212 (สีบรอนซ์หลัก),บจก. วีที คัลเลอร์ โปร,4,800,3424,3200.0,2568-08-13,IV6808072,,แม่สี,งานสี,0.07,2395
แม่สี บรอนซ์ละเอียดพิเศษ Hybrid S212 (สีบรอนซ์หลัก),บจก. วีที คัลเลอร์ โปร,6,800,5136,4800.0,2568-06-13,IV6806091,,แม่สี,งานสี,0.07,2396
แม่สี บรอนซ์ละเอียดพิเศษ Hybrid S212 (สีบรอนซ์หลัก),บจก. วีที คัลเลอร์ โปร,10,800,8560,8000.0,2568-06-26,IV6806175,,แม่สี,งานสี,0.07,2397
แม่สี บรอนซ์ละเอียดพิเศษ Hybrid S212 (สีบรอนซ์หลัก),บจก. วีที คัลเลอร์ โปร,6,800,5136,4800.0,2568-08-23,IV6808151,,แม่สี,งานสี,0.07,2398
แม่สี บรอนซ์ละเอียดพิเศษ Hybrid S212 (สีบรอนซ์หลัก),บจก. วีที คัลเลอร์ โปร,4,800,3424,3200.0,2568-09-02,IV6809023,,แม่สี,งานสี,0.07,2399
แม่สี บรอนซ์ละเอียดพิเศษ Hybrid S212 (สีบรอนซ์หลัก),บจก. วีที คัลเลอร์ โปร,4,800,3424,3200.0,2568-10-01,IV6810015,,แม่สี,งานสี,0.07,2400
แม่สี บรอนซ์ละเอียดพิเศษ Hybrid S212 (สีบรอนซ์หลัก),บจก. วีที คัลเลอร์ โปร,4,800,3424,3200.0,2568-10-16,IV6810110,ราคาที่ลง ยังไม่รวมภาษี,แม่สี,งานสี,,2401
แม่สี บรอนซ์ละเอียดพิเศษ Hybrid S212 (สีบรอนซ์หลัก),บจก. วีที คัลเลอร์ โปร,4,800,3424,3200.0,2568-11-03,IV6811023,ราคาที่ระบุ ยังไม่รวม VAT7%,แม่สี,งานสี,0.07,2402
แม่สี บรอนซ์ละเอียดพิเศษ Hybrid S212 (สีบรอนซ์หลัก),บจก. วีที คัลเลอร์ โปร,4,800,3424,3200.0,2568-11-26,IV6811188,,แม่สี,งานสี,0.07,2403
แม่สี บรอนซ์ละเอียดพิเศษ Hybrid S212 (สีบรอนซ์หลัก),บจก. วีที คัลเลอร์ โปร,4,800,3424,3200.0,2568-12-08,IV6812065,,แม่สี,งานสี,0.07,2404
แม่สี บรอนซ์ละเอียดพิเศษ Hybrid S212 (สีบรอนซ์หลัก),บจก. วีที คัลเลอร์ โปร,4,800,3424,3200.0,2568-12-22,IV6812142,,แม่สี,งานสี,0.07,2405
แม่สี Matrix  M-213,ทรัพย์สินไทย,1,930,930,,2565-04-27,IV6504236,ราคาที่ระบุเป็นก่อนหักส่วนลด,แม่สี,งานสี,10.0,2406
แม่สี Matrix  M-214,ทรัพย์สินไทย,1,1900,1900,,2563-09-23,,ราคาที่ระบุเป็นก่อนหักส่วนลด,แม่สี,งานสี,10.0,2407
แม่สี Matrix  M-214,ทรัพย์สินไทย,1,1900,1900,,2563-11-25,,ราคาที่ระบุเป็นก่อนหักส่วนลด,แม่สี,งานสี,10.0,2408
แม่สี บิลเลี่ยนส้ม Hybrid S215,บจก. วีที คัลเลอร์ โปร,1,1800,1926,1800.0,2568-09-12,IV6809088,,แม่สี,งานสี,0.07,2409
แม่สี Matrix  M-216,ทรัพย์สินไทย,1,1900,1900,,2563-09-23,,ราคาที่ระบุเป็นก่อนหักส่วนลด,แม่สี,งานสี,10.0,2410
แม่สี แดงพิเศษ Hybrid S216,บจก. วีที คัลเลอร์ โปร,1,1800,1800,,2566-09-22,IV541-66,,แม่สี,งานสี,,2411
แม่สี แดงพิเศษ Hybrid S216,บจก. วีที คัลเลอร์ โปร,2,1800,3852,3600.0,2568-10-01,IV6810015,,แม่สี,งานสี,,2412
แม่สี Matrix  M-218,ทรัพย์สินไทย,2,1900,3800,,2563-09-23,,ราคาที่ระบุเป็นก่อนหักส่วนลด,แม่สี,งานสี,10.0,2413
แม่สี บรอนซ์ละเอียดพิเศษ Hybrid S218,บจก. วีที คัลเลอร์ โปร,1,1800,1800,,2567-07-23,IV6707130,ราคายังไม่รวม VAT,แม่สี,งานสี,,2414
แม่สี บรอนซ์ละเอียดพิเศษ Hybrid S218,บจก. วีที คัลเลอร์ โปร,1,1800,1800,,2567-11-19,IV6711103,ราคายังไม่รวม VAT,แม่สี,งานสี,,2415
แม่สี บรอนซ์ละเอียดพิเศษ Hybrid S218,บจก. วีที คัลเลอร์ โปร,1,1800,1800,,2567-12-18,IV6712085,ราคายังไม่รวม VAT,แม่สี,งานสี,,2416
แม่สี บรอนซ์ละเอียดพิเศษ Hybrid S218,บจก. วีที คัลเลอร์ โปร,2,1800,3852,3600.0,2568-05-21,IV6805147,,แม่สี,งานสี,,2417
แม่สี บรอนซ์ละเอียดพิเศษ Hybrid S218,บจก. วีที คัลเลอร์ โปร,1,1800,1926,1800.0,2568-06-26,IV6806175,ราคาที่ระบุ ยังไม่รวม VAT7%,แม่สี,งานสี,0.07,2418
แม่สี Matrix  M-221,ทรัพย์สินไทย,1,1680,1680,,2561-05-28,,ราคาที่ระบุเป็นก่อนหักส่วนลด,แม่สี,งานสี,10.0,2419
แม่สี Matrix  M-221,ทรัพย์สินไทย,1,1680,1680,,2562-06-07,,ราคาที่ระบุเป็นก่อนหักส่วนลด,แม่สี,งานสี,10.0,2420
แม่สี Matrix  M-221,ทรัพย์สินไทย,1,1680,1680,,2562-07-24,,ราคาที่ระบุเป็นก่อนหักส่วนลด,แม่สี,งานสี,10.0,2421
แม่สี Matrix  M-221,ทรัพย์สินไทย,1,1680,1680,,2563-09-23,,ราคาที่ระบุเป็นก่อนหักส่วนลด,แม่สี,งานสี,10.0,2422
แม่สี Matrix  M-221,ทรัพย์สินไทย,1,1680,1680,,2562-10-01,,ราคาที่ระบุเป็นก่อนหักส่วนลด,แม่สี,งานสี,10.0,2423
แม่สี Matrix  M-221,ทรัพย์สินไทย,2,1680,3360,,2563-11-25,,ราคาที่ระบุเป็นก่อนหักส่วนลด,แม่สี,งานสี,10.0,2424
แม่สี Matrix  M-221,ทรัพย์สินไทย,1,1680,1680,,2565-01-21,IV6501225,ราคาที่ระบุเป็นก่อนหักส่วนลด,แม่สี,งานสี,10.0,2425
แม่สี Matrix  M-221,ทรัพย์สินไทย,1,1680,1680,,2565-05-25,IV6505291,ราคาที่ระบุเป็นก่อนหักส่วนลด,แม่สี,งานสี,10.0,2426
แม่สี มุกแดงชมพู SC-221,บจก. วีที คัลเลอร์ โปร,1,1400,1400,,2566-02-22,IV113-66,ราคายังไม่รวม VAT,แม่สี,งานสี,,2427
แม่สี มุกแดงชมพู SC-221,บจก. วีที คัลเลอร์ โปร,2,1400,2800,,2566-06-13,IV329-66,ราคายังไม่รวม VAT,แม่สี,งานสี,,2428
แม่สี มุกแดงชมพู Hybrid S221,บจก. วีที คัลเลอร์ โปร,1,1400,1400,,2567-03-19,IV6703088,ราคายังไม่รวม VAT,แม่สี,งานสี,,2429
แม่สี มุกแดงชมพู Hybrid S221,บจก. วีที คัลเลอร์ โปร,1,1400,1400,,2567-06-11,IV6706078,ราคายังไม่รวม VAT,แม่สี,งานสี,,2430
แม่สี มุกแดงชมพู Hybrid S221,บจก. วีที คัลเลอร์ โปร,1,1400,1400,,2567-09-16,IV6709082,ราคายังไม่รวม VAT,แม่สี,งานสี,,2431
แม่สี มุกแดงชมพู Hybrid S221,บจก. วีที คัลเลอร์ โปร,2,1400,2996,2800.0,2568-08-13,IV6808072,ราคาที่ระบุ ยังไม่รวม VAT7%,แม่สี,งานสี,0.07,2432
แม่สี มุกแดงชมพู Hybrid S221,บจก. วีที คัลเลอร์ โปร,2,1400,2996,2800.0,2568-07-23,IV6807180,ราคาที่ระบุ ยังไม่รวม VAT7%,แม่สี,งานสี,0.07,2433
แม่สี Matrix  M-223,ทรัพย์สินไทย,2,1680,3360,,2563-02-20,,ราคาที่ระบุเป็นก่อนหักส่วนลด,แม่สี,งานสี,10.0,2434
แม่สี Matrix  M-224,ทรัพย์สินไทย,1,1680,1680,,2564-07-12,,ราคาที่ระบุเป็นก่อนหักส่วนลด,แม่สี,งานสี,10.0,2435
แม่สี Matrix  M-224,ทรัพย์สินไทย,1,1680,1680,,2565-01-21,IV6501225,ราคาที่ระบุเป็นก่อนหักส่วนลด,แม่สี,งานสี,10.0,2436
แม่สี มุกเหลือบเขียว Hybrid S224,บจก. วีที คัลเลอร์ โปร,1,1400,1400,,2567-06-11,IV6706078,ราคายังไม่รวม VAT,แม่สี,งานสี,,2437
แม่สี มุกเหลือบเขียว Hybrid S224,บจก. วีที คัลเลอร์ โปร,1,1400,1400,,2567-09-16,IV6709082,ราคายังไม่รวม VAT,แม่สี,งานสี,,2438
แม่สี มุกเหลือบเขียว Hybrid S224,บจก. วีที คัลเลอร์ โปร,2,1400,2996,2800.0,2568-08-13,IV6808072,ราคาที่ระบุ ยังไม่รวม VAT7%,แม่สี,งานสี,0.07,2439
แม่สี มุกเหลือบเขียว Hybrid S224,บจก. วีที คัลเลอร์ โปร,2,1400,2996,2800.0,2568-07-23,IV6807180,ราคาที่ระบุ ยังไม่รวม VAT7%,แม่สี,งานสี,0.07,2440
แม่สี Matrix  M-225,ทรัพย์สินไทย,1,1680,1680,,2562-06-25,,ราคาที่ระบุเป็นก่อนหักส่วนลด,แม่สี,งานสี,10.0,2441
แม่สี Matrix  M-225,ทรัพย์สินไทย,1,1680,1680,,2562-10-01,,ราคาที่ระบุเป็นก่อนหักส่วนลด,แม่สี,งานสี,10.0,2442
แม่สี Matrix  M-225,ทรัพย์สินไทย,1,1680,1680,,2563-03-11,,ราคาที่ระบุเป็นก่อนหักส่วนลด,แม่สี,งานสี,10.0,2443
แม่สี Matrix  M-225,ทรัพย์สินไทย,2,1680,3360,,2563-04-23,,ราคาที่ระบุเป็นก่อนหักส่วนลด,แม่สี,งานสี,10.0,2444
แม่สี Matrix  M-225,ทรัพย์สินไทย,2,1680,3360,,2564-01-11,,ราคาที่ระบุเป็นก่อนหักส่วนลด,แม่สี,งานสี,10.0,2445
แม่สี Matrix  M-225,ทรัพย์สินไทย,1,1680,1680,,2565-01-21,IV6501225,ราคาที่ระบุเป็นก่อนหักส่วนลด,แม่สี,งานสี,10.0,2446
แม่สี Matrix  M-225,ทรัพย์สินไทย,2,1680,3360,,2564-02-24,,ราคาที่ระบุเป็นก่อนหักส่วนลด,แม่สี,งานสี,10.0,2447
แม่สี Matrix  M-225,ทรัพย์สินไทย,1,1680,1680,,2565-06-27,IV6506337,ราคาที่ระบุเป็นก่อนหักส่วนลด,แม่สี,งานสี,10.0,2448
แม่สี มุกน้ำเงินละเอียด SC-225,บจก. วีที คัลเลอร์ โปร,2,1400,2800,,2566-02-22,IV113-66,ราคายังไม่รวม VAT,แม่สี,งานสี,,2449
แม่สี มุกน้ำเงินละเอียด SC-225,บจก. วีที คัลเลอร์ โปร,1,1400,1400,,2566-06-24,IV353-66,ราคายังไม่รวม VAT,แม่สี,งานสี,,2450
แม่สี มุกน้ำเงินละเอียด SC-225,บจก. วีที คัลเลอร์ โปร,1,1400,1400,,2566-07-27,IV423-66,ราคายังไม่รวม VAT,แม่สี,งานสี,,2451
แม่สี น้ำเงินละเอียดพิเศษ Hybrid S225,บจก. วีที คัลเลอร์ โปร,1,1400,1400,,2567-01-24,IV6701079,ราคายังไม่รวม VAT,แม่สี,งานสี,,2452
แม่สี น้ำเงินละเอียดพิเศษ Hybrid S225,บจก. วีที คัลเลอร์ โปร,1,1400,1400,,2567-03-19,IV6703088,ราคายังไม่รวม VAT,แม่สี,งานสี,,2453
แม่สี น้ำเงินละเอียดพิเศษ Hybrid S225,บจก. วีที คัลเลอร์ โปร,1,1400,1400,,2567-06-11,IV6706078,ราคายังไม่รวม VAT,แม่สี,งานสี,,2454
แม่สี น้ำเงินละเอียดพิเศษ Hybrid S225,บจก. วีที คัลเลอร์ โปร,1,1400,1400,,2567-07-11,IV6707082,ราคายังไม่รวม VAT,แม่สี,งานสี,,2455
แม่สี น้ำเงินละเอียดพิเศษ Hybrid S225,บจก. วีที คัลเลอร์ โปร,1,1400,1400,,2567-07-23,IV6707130,ราคายังไม่รวม VAT,แม่สี,งานสี,,2456
แม่สี น้ำเงินละเอียดพิเศษ Hybrid S225,บจก. วีที คัลเลอร์ โปร,1,1498,1498,,2568-02-24,IV6802144,ราคารวม VAT แล้ว,แม่สี,งานสี,,2457
แม่สี น้ำเงินละเอียดพิเศษ Hybrid S225,บจก. วีที คัลเลอร์ โปร,1,1400,1498,1400.0,2568-06-26,IV6806175,ราคาที่ระบุ ยังไม่รวม VAT7%,แม่สี,งานสี,0.07,2458
แม่สี น้ำเงินละเอียดพิเศษ Hybrid S225,บจก. วีที คัลเลอร์ โปร,2,1400,2996,2800.0,2568-07-23,IV6807180,ราคาที่ระบุ ยังไม่รวม VAT7%,แม่สี,งานสี,0.07,2459
แม่สี น้ำเงินละเอียดพิเศษ Hybrid S225,บจก. วีที คัลเลอร์ โปร,2,1400,2996,2800.0,2568-11-26,IV6811188,,แม่สี,งานสี,0.07,2460
แม่สี Matrix  M-226,ทรัพย์สินไทย,3,1680,5040,,2562-05-24,,ราคาที่ระบุเป็นก่อนหักส่วนลด,แม่สี,งานสี,10.0,2461
แม่สี Matrix  M-226,ทรัพย์สินไทย,2,1680,3360,,2562-06-25,,ราคาที่ระบุเป็นก่อนหักส่วนลด,แม่สี,งานสี,10.0,2462
แม่สี Matrix  M-226,ทรัพย์สินไทย,3,1680,5040,,2562-07-24,,ราคาที่ระบุเป็นก่อนหักส่วนลด,แม่สี,งานสี,10.0,2463
แม่สี Matrix  M-226,ทรัพย์สินไทย,2,1680,3360,,2562-07-25,,ราคาที่ระบุเป็นก่อนหักส่วนลด,แม่สี,งานสี,10.0,2464
แม่สี Matrix  M-226,ทรัพย์สินไทย,2,1680,3360,,2562-08-19,,ราคาที่ระบุเป็นก่อนหักส่วนลด,แม่สี,งานสี,10.0,2465
แม่สี Matrix  M-226,ทรัพย์สินไทย,2,1680,3360,,2562-09-10,,ราคาที่ระบุเป็นก่อนหักส่วนลด,แม่สี,งานสี,10.0,2466
แม่สี Matrix  M-226,ทรัพย์สินไทย,2,1680,3360,,2562-09-27,,ราคาที่ระบุเป็นก่อนหักส่วนลด,แม่สี,งานสี,10.0,2467
แม่สี Matrix  M-226,ทรัพย์สินไทย,2,1680,3360,,2563-01-27,,ราคาที่ระบุเป็นก่อนหักส่วนลด,แม่สี,งานสี,10.0,2468
แม่สี Matrix  M-226,ทรัพย์สินไทย,3,1680,5040,,2563-03-11,,ราคาที่ระบุเป็นก่อนหักส่วนลด,แม่สี,งานสี,10.0,2469
แม่สี Matrix  M-226,ทรัพย์สินไทย,2,1680,3360,,2563-03-24,,ราคาที่ระบุเป็นก่อนหักส่วนลด,แม่สี,งานสี,10.0,2470
แม่สี Matrix  M-226,ทรัพย์สินไทย,1,1680,1680,,2563-03-25,,ราคาที่ระบุเป็นก่อนหักส่วนลด,แม่สี,งานสี,10.0,2471
แม่สี Matrix  M-226,ทรัพย์สินไทย,2,1680,3360,,2563-04-23,,ราคาที่ระบุเป็นก่อนหักส่วนลด,แม่สี,งานสี,10.0,2472
แม่สี Matrix  M-226,ทรัพย์สินไทย,2,1680,3360,,2563-07-24,,ราคาที่ระบุเป็นก่อนหักส่วนลด,แม่สี,งานสี,10.0,2473
แม่สี Matrix  M-226,ทรัพย์สินไทย,6,1680,10080,,2563-08-24,,ราคาที่ระบุเป็นก่อนหักส่วนลด,แม่สี,งานสี,10.0,2474
แม่สี Matrix  M-226,ทรัพย์สินไทย,3,1680,5040,,2563-09-23,,ราคาที่ระบุเป็นก่อนหักส่วนลด,แม่สี,งานสี,10.0,2475
แม่สี Matrix  M-226,ทรัพย์สินไทย,4,1680,6720,,2563-11-25,,ราคาที่ระบุเป็นก่อนหักส่วนลด,แม่สี,งานสี,10.0,2476
แม่สี Matrix  M-226,ทรัพย์สินไทย,2,1680,3360,,2563-12-21,,ราคาที่ระบุเป็นก่อนหักส่วนลด,แม่สี,งานสี,10.0,2477
แม่สี Matrix  M-226,ทรัพย์สินไทย,2,1680,3360,,2564-02-15,,ราคาที่ระบุเป็นก่อนหักส่วนลด,แม่สี,งานสี,10.0,2478
แม่สี Matrix  M-226,ทรัพย์สินไทย,4,1680,6720,,2564-02-23,,ราคาที่ระบุเป็นก่อนหักส่วนลด,แม่สี,งานสี,10.0,2479
แม่สี Matrix  M-226,ทรัพย์สินไทย,4,1680,6720,,2564-03-24,,ราคาที่ระบุเป็นก่อนหักส่วนลด,แม่สี,งานสี,10.0,2480
แม่สี Matrix  M-226,ทรัพย์สินไทย,2,1680,3360,,2564-06-18,,ราคาที่ระบุเป็นก่อนหักส่วนลด,แม่สี,งานสี,10.0,2481
แม่สี Matrix  M-226,ทรัพย์สินไทย,4,1680,6720,,2564-07-26,,ราคาที่ระบุเป็นก่อนหักส่วนลด,แม่สี,งานสี,10.0,2482
แม่สี Matrix  M-226,ทรัพย์สินไทย,3,1680,5040,,2564-08-26,,ราคาที่ระบุเป็นก่อนหักส่วนลด,แม่สี,งานสี,10.0,2483
แม่สี Matrix  M-226,ทรัพย์สินไทย,2,1680,3360,,2564-10-26,IV6410364,ราคาที่ระบุเป็นก่อนหักส่วนลด,แม่สี,งานสี,10.0,2484
แม่สี Matrix  M-226,ทรัพย์สินไทย,2,1680,3360,,2564-11-23,IV6411320,ราคาที่ระบุเป็นก่อนหักส่วนลด,แม่สี,งานสี,10.0,2485
แม่สี Matrix  M-226,ทรัพย์สินไทย,3,1680,5040,,2564-12-22,IV6412302,ราคาที่ระบุเป็นก่อนหักส่วนลด,แม่สี,งานสี,10.0,2486
แม่สี Matrix  M-226,ทรัพย์สินไทย,2,1680,3360,,2565-02-22,IV6502258,ราคาที่ระบุเป็นก่อนหักส่วนลด,แม่สี,งานสี,10.0,2487
แม่สี Matrix  M-226,ทรัพย์สินไทย,3,1680,5040,,2565-03-02,IV6503046,ราคาที่ระบุเป็นก่อนหักส่วนลด,แม่สี,งานสี,10.0,2488
แม่สี Matrix  M-226,ทรัพย์สินไทย,2,1680,3360,,2565-03-18,IV6503253,ราคาที่ระบุเป็นก่อนหักส่วนลด,แม่สี,งานสี,10.0,2489
แม่สี Matrix  M-226,ทรัพย์สินไทย,2,1680,3360,,2565-03-23,IV6503301,ราคาที่ระบุเป็นก่อนหักส่วนลด,แม่สี,งานสี,10.0,2490
แม่สี Matrix  M-226,ทรัพย์สินไทย,2,1680,3360,,2565-03-28,IV6503340,ราคาที่ระบุเป็นก่อนหักส่วนลด,แม่สี,งานสี,10.0,2491
แม่สี Matrix  M-226,ทรัพย์สินไทย,2,1680,3360,,2565-04-27,IV6504236,ราคาที่ระบุเป็นก่อนหักส่วนลด,แม่สี,งานสี,10.0,2492
แม่สี Matrix  M-226,ทรัพย์สินไทย,3,1680,5040,,2565-06-27,IV6506336,ราคาที่ระบุเป็นก่อนหักส่วนลด,แม่สี,งานสี,10.0,2493
แม่สี Matrix  M-226,ทรัพย์สินไทย,2,1880,3760,,2565-07-07,IV6507108,ราคาที่ระบุเป็นก่อนหักส่วนลด,แม่สี,งานสี,10.0,2494
แม่สี มุกขาวละเอียดพิเศษ SC-226,บจก. วีที คัลเลอร์ โปร,2,1400,2800,,2565-08-02,IV116-65,ราคาที่ระบุ ยังไม่รวม VAT7%,แม่สี,งานสี,,2495
แม่สี มุกขาวละเอียดพิเศษ SC-226,บจก. วีที คัลเลอร์ โปร,3,1400,4200,,2565-09-07,IV167-65,ราคายังไม่รวม VAT,แม่สี,งานสี,,2496
แม่สี มุกขาวละเอียดพิเศษ SC-226,บจก. วีที คัลเลอร์ โปร,3,1400,4200,,2565-09-20,IV184-65,ราคายังไม่รวม VAT,แม่สี,งานสี,,2497
แม่สี มุกขาวละเอียดพิเศษ SC-226,บจก. วีที คัลเลอร์ โปร,3,1400,4200,,2565-10-25,IV228-65,ราคายังไม่รวม VAT,แม่สี,งานสี,,2498
แม่สี มุกขาวละเอียดพิเศษ SC-226,บจก. วีที คัลเลอร์ โปร,3,1400,4200,,2565-11-23,IV276-65,ราคายังไม่รวม VAT,แม่สี,งานสี,,2499
แม่สี มุกขาวละเอียดพิเศษ SC-226,บจก. วีที คัลเลอร์ โปร,3,1400,4200,,2565-12-19,IV318-65,ราคายังไม่รวม VAT,แม่สี,งานสี,,2500
แม่สี มุกขาวละเอียดพิเศษ SC-226,บจก. วีที คัลเลอร์ โปร,2,1400,2800,,2566-02-09,IV088-66,ราคายังไม่รวม VAT,แม่สี,งานสี,,2501
แม่สี มุกขาวละเอียดพิเศษ SC-226,บจก. วีที คัลเลอร์ โปร,3,1400,4200,,2566-02-22,IV113-66,ราคายังไม่รวม VAT,แม่สี,งานสี,,2502
แม่สี มุกขาวละเอียดพิเศษ SC-226,บจก. วีที คัลเลอร์ โปร,2,1400,2800,,2566-03-02,IV130-66,ราคายังไม่รวม VAT,แม่สี,งานสี,,2503
แม่สี มุกขาวละเอียดพิเศษ SC-226,บจก. วีที คัลเลอร์ โปร,2,1400,2800,,2566-03-23,IV178-66,ราคายังไม่รวม VAT,แม่สี,งานสี,,2504
แม่สี มุกขาวละเอียดพิเศษ SC-226,บจก. วีที คัลเลอร์ โปร,3,1400,4200,,2566-04-24,IV226-66,ราคายังไม่รวม VAT,แม่สี,งานสี,,2505
แม่สี มุกขาวละเอียดพิเศษ Hybrid S226,บจก. วีที คัลเลอร์ โปร,3,1400,4200,,2566-07-10,IV387-66,ราคายังไม่รวม VAT,แม่สี,งานสี,,2506
แม่สี มุกขาวละเอียดพิเศษ Hybrid S226,บจก. วีที คัลเลอร์ โปร,2,1400,2800,,2566-07-21,IV410-66,ราคายังไม่รวม VAT,แม่สี,งานสี,,2507
แม่สี มุกขาวละเอียดพิเศษ Hybrid S226,บจก. วีที คัลเลอร์ โปร,4,1400,5600,,2566-07-27,IV423-66,ราคายังไม่รวม VAT,แม่สี,งานสี,,2508
แม่สี มุกขาวละเอียดพิเศษ Hybrid S226,บจก. วีที คัลเลอร์ โปร,6,1400,8400,,2566-08-21,IV469-66,ราคายังไม่รวม VAT,แม่สี,งานสี,,2509
แม่สี มุกขาวละเอียดพิเศษ Hybrid S226,บจก. วีที คัลเลอร์ โปร,4,1400,5600,,2566-09-22,IV541-66,ราคายังไม่รวม VAT,แม่สี,งานสี,,2510
แม่สี มุกขาวละเอียดพิเศษ Hybrid S226,บจก. วีที คัลเลอร์ โปร,3,1400,4200,,2566-10-21,IV684-66,ราคายังไม่รวม VAT,แม่สี,งานสี,,2511
แม่สี มุกขาวละเอียดพิเศษ Hybrid S226,บจก. วีที คัลเลอร์ โปร,3,1400,4200,,2566-10-24,IV619-66,ราคายังไม่รวม VAT,แม่สี,งานสี,,2512
แม่สี มุกขาวละเอียดพิเศษ Hybrid S226,บจก. วีที คัลเลอร์ โปร,4,1400,5600,,2566-12-21,IV765-66,ราคายังไม่รวม VAT,แม่สี,งานสี,,2513
แม่สี มุกขาวละเอียดพิเศษ Hybrid S226,บจก. วีที คัลเลอร์ โปร,3,1400,4200,,2567-01-24,IV6701079,ราคายังไม่รวม VAT,แม่สี,งานสี,,2514
แม่สี มุกขาวละเอียดพิเศษ Hybrid S226,บจก. วีที คัลเลอร์ โปร,2,1400,2800,,2567-04-22,IV6704071,ราคายังไม่รวม VAT,แม่สี,งานสี,,2515
แม่สี มุกขาวละเอียดพิเศษ Hybrid S226,บจก. วีที คัลเลอร์ โปร,4,1400,5600,,2567-03-19,IV6703088,ราคายังไม่รวม VAT,แม่สี,งานสี,,2516
แม่สี มุกขาวละเอียดพิเศษ Hybrid S226,บจก. วีที คัลเลอร์ โปร,2,1400,2800,,2567-06-11,IV6706078,ราคายังไม่รวม VAT,แม่สี,งานสี,,2517
แม่สี มุกขาวละเอียดพิเศษ Hybrid S226,บจก. วีที คัลเลอร์ โปร,4,1400,5600,,2567-06-21,IV6706124,ราคายังไม่รวม VAT,แม่สี,งานสี,,2518
แม่สี มุกขาวละเอียดพิเศษ Hybrid S226,บจก. วีที คัลเลอร์ โปร,4,1400,5600,,2567-07-23,IV6707130,ราคายังไม่รวม VAT,แม่สี,งานสี,,2519
แม่สี มุกขาวละเอียดพิเศษ Hybrid S226,บจก. วีที คัลเลอร์ โปร,4,1400,5600,,2567-08-23,IV6708116,ราคายังไม่รวม VAT,แม่สี,งานสี,,2520
แม่สี มุกขาวละเอียดพิเศษ Hybrid S226,บจก. วีที คัลเลอร์ โปร,3,1400,4200,,2567-09-24,IV6709122,ราคายังไม่รวม VAT,แม่สี,งานสี,,2521
แม่สี มุกขาวละเอียดพิเศษ Hybrid S226,บจก. วีที คัลเลอร์ โปร,4,1400,5600,,2567-11-19,IV6711103,ราคายังไม่รวม VAT,แม่สี,งานสี,,2522
แม่สี มุกขาวละเอียดพิเศษ Hybrid S226,บจก. วีที คัลเลอร์ โปร,4,1400,5600,,2567-12-18,IV6712085,ราคายังไม่รวม VAT,แม่สี,งานสี,,2523
แม่สี มุกขาวละเอียดพิเศษ Hybrid S226,บจก. วีที คัลเลอร์ โปร,5,1498,7490,,2568-01-21,IV6801106,ราคารวม VAT แล้ว,แม่สี,งานสี,,2524
แม่สี มุกขาวละเอียดพิเศษ Hybrid S226,บจก. วีที คัลเลอร์ โปร,3,1498,4494,,2568-02-18,IV6802112,ราคารวม VAT แล้ว,แม่สี,งานสี,,2525
แม่สี มุกขาวละเอียดพิเศษ Hybrid S226,บจก. วีที คัลเลอร์ โปร,2,1498,2996,,2568-02-24,IV6802144,ราคารวม VAT แล้ว,แม่สี,งานสี,,2526
แม่สี มุกขาวละเอียดพิเศษ Hybrid S226,บจก. วีที คัลเลอร์ โปร,6,1498,8988,,2568-03-26,IV6803171,ราคารวม VAT แล้ว,แม่สี,งานสี,,2527
แม่สี มุกขาวละเอียดพิเศษ Hybrid S226,บจก. วีที คัลเลอร์ โปร,6,1400,8988,8400.0,2568-05-21,IV6805147,,แม่สี,งานสี,,2528
แม่สี มุกขาวละเอียดพิเศษ Hybrid S226,บจก. วีที คัลเลอร์ โปร,6,1400,8988,8400.0,2568-06-26,IV6806175,ราคาที่ระบุ ยังไม่รวม VAT7%,แม่สี,งานสี,0.07,2529
แม่สี มุกแดงละเอียดพิเศษ SC-227,บจก. วีที คัลเลอร์ โปร,2,1400,2800,,2566-06-24,IV353-66,ราคายังไม่รวม VAT,แม่สี,งานสี,,2530
แม่สี มุกแดงละเอียดพิเศษ Hybrid S227,บจก. วีที คัลเลอร์ โปร,1,1400,1400,,2567-08-14,IV6708064,ราคายังไม่รวม VAT,แม่สี,งานสี,,2531
แม่สี มุกแดงละเอียดพิเศษ Hybrid S227,บจก. วีที คัลเลอร์ โปร,1,1498,1498,,2568-02-24,IV6802144,ราคารวม VAT แล้ว,แม่สี,งานสี,,2532
แม่สี มุกแดงละเอียดพิเศษ Hybrid S227,บจก. วีที คัลเลอร์ โปร,1,1400,1498,1400.0,2568-05-21,IV6805147,,แม่สี,งานสี,,2533
แม่สี มุกแดงละเอียดพิเศษ Hybrid S227,บจก. วีที คัลเลอร์ โปร,2,1400,2996,2800.0,2568-07-23,IV6807180,,แม่สี,งานสี,0.07,2534
แม่สี มุกแดงละเอียดพิเศษ Hybrid S227,บจก. วีที คัลเลอร์ โปร,2,1400,2996,2800.0,2568-09-12,IV6809088,,แม่สี,งานสี,0.07,2535
แม่สี มุกแดงละเอียดพิเศษ Hybrid S227,บจก. วีที คัลเลอร์ โปร,1,1400,1498,1400.0,2568-11-26,IV6811188,,แม่สี,งานสี,0.07,2536
แม่สี มุกขาวละเอียด SC-229,บจก. วีที คัลเลอร์ โปร,2,1400,2800,,2566-02-09,IV088-66,ราคายังไม่รวม VAT,แม่สี,งานสี,,2537
แม่สี มุกขาวละเอียด SC-229,บจก. วีที คัลเลอร์ โปร,1,1400,1400,,2566-06-24,IV353-66,ราคายังไม่รวม VAT,แม่สี,งานสี,,2538
แม่สี มุกขาวละเอียด Hybrid S229,บจก. วีที คัลเลอร์ โปร,1,1400,1400,,2566-08-21,IV469-66,ราคายังไม่รวม VAT,แม่สี,งานสี,,2539
แม่สี มุกขาวละเอียด Hybrid S229,บจก. วีที คัลเลอร์ โปร,2,1400,2800,,2567-01-22,IV6701069,ราคายังไม่รวม VAT,แม่สี,งานสี,,2540
แม่สี มุกขาวละเอียด Hybrid S229,บจก. วีที คัลเลอร์ โปร,1,1400,1400,,2567-07-23,IV6707130,ราคายังไม่รวม VAT,แม่สี,งานสี,,2541
แม่สี มุกขาวละเอียด Hybrid S229,บจก. วีที คัลเลอร์ โปร,2,1400,2800,,2567-10-21,IV6710109,ราคายังไม่รวม VAT,แม่สี,งานสี,,2542
แม่สี มุกขาวละเอียด Hybrid S229,บจก. วีที คัลเลอร์ โปร,2,1498,2996,,2568-01-21,IV6801106,ราคารวม VAT แล้ว,แม่สี,งานสี,,2543
แม่สี มุกขาวละเอียด Hybrid S229,บจก. วีที คัลเลอร์ โปร,1,1400,1498,1400.0,2568-05-21,IV6805147,,แม่สี,งานสี,,2544
แม่สี มุกเขียวละเอียดพิเศษ SC-246,บจก. วีที คัลเลอร์ โปร,1,1400,1400,,2565-09-20,IV184-65,ราคายังไม่รวม VAT,แม่สี,งานสี,,2545
แม่สี มุกเขียวละเอียดพิเศษ SC-246,บจก. วีที คัลเลอร์ โปร,1,1400,1400,,2566-03-23,IV178-66,ราคายังไม่รวม VAT,แม่สี,งานสี,,2546
แม่สี มุกเขียวละเอียดพิเศษ Hybrid S246,บจก. วีที คัลเลอร์ โปร,1,1400,1400,,2567-06-11,IV6706078,ราคายังไม่รวม VAT,แม่สี,งานสี,,2547
แม่สี มุกเขียวละเอียดพิเศษ Hybrid S246,บจก. วีที คัลเลอร์ โปร,1,1400,1400,,2567-11-19,IV6711134,ราคายังไม่รวม VAT,แม่สี,งานสี,,2548
แม่สี มุกเขียวละเอียดพิเศษ Hybrid S246,บจก. วีที คัลเลอร์ โปร,1,1498,1498,,2568-03-26,IV6803171,ราคารวม VAT แล้ว,แม่สี,งานสี,,2549
แม่สี มุกเขียวละเอียดพิเศษ Hybrid S246,บจก. วีที คัลเลอร์ โปร,2,1400,2996,2800.0,2568-07-23,IV6807180,ราคาที่ระบุ ยังไม่รวม VAT7%,แม่สี,งานสี,0.07,2550
แม่สี Matrix  M-227,ทรัพย์สินไทย,1,1680,1680,,2562-05-24,,ราคาที่ระบุเป็นก่อนหักส่วนลด,แม่สี,งานสี,10.0,2551
แม่สี Matrix  M-227,ทรัพย์สินไทย,2,1680,3360,,2562-10-01,,ราคาที่ระบุเป็นก่อนหักส่วนลด,แม่สี,งานสี,10.0,2552
แม่สี Matrix  M-227,ทรัพย์สินไทย,1,1680,1680,,2564-07-26,,ราคาที่ระบุเป็นก่อนหักส่วนลด,แม่สี,งานสี,10.0,2553
แม่สี Matrix  M-227,ทรัพย์สินไทย,2,1680,3360,,2563-08-24,,ราคาที่ระบุเป็นก่อนหักส่วนลด,แม่สี,งานสี,10.0,2554
แม่สี Matrix  M-227,ทรัพย์สินไทย,1,1680,1680,,2564-10-26,IV6410364,ราคาที่ระบุเป็นก่อนหักส่วนลด,แม่สี,งานสี,10.0,2555
แม่สี Matrix  M-227,ทรัพย์สินไทย,2,1680,3360,,2565-02-22,IV6502259,ราคาที่ระบุเป็นก่อนหักส่วนลด,แม่สี,งานสี,10.0,2556
แม่สี Matrix  M-227,ทรัพย์สินไทย,1,1680,1680,,2565-05-25,IV6505291,ราคาที่ระบุเป็นก่อนหักส่วนลด,แม่สี,งานสี,10.0,2557
แม่สี Matrix  M-228,ทรัพย์สินไทย,1,1680,1680,,2562-05-24,,ราคาที่ระบุเป็นก่อนหักส่วนลด,แม่สี,งานสี,10.0,2558
แม่สี Matrix  M-229,ทรัพย์สินไทย,1,1680,1680,,2562-05-24,,ราคาที่ระบุเป็นก่อนหักส่วนลด,แม่สี,งานสี,10.0,2559
แม่สี Matrix  M-229,ทรัพย์สินไทย,2,1680,3360,,2561-05-28,,ราคาที่ระบุเป็นก่อนหักส่วนลด,แม่สี,งานสี,10.0,2560
แม่สี Matrix  M-229,ทรัพย์สินไทย,1,1680,1680,,2562-09-24,,ราคาที่ระบุเป็นก่อนหักส่วนลด,แม่สี,งานสี,10.0,2561
แม่สี Matrix  M-229,ทรัพย์สินไทย,2,1680,3360,,2563-08-24,,ราคาที่ระบุเป็นก่อนหักส่วนลด,แม่สี,งานสี,10.0,2562
แม่สี Matrix  M-229,ทรัพย์สินไทย,1,1680,1680,,2564-02-23,,ราคาที่ระบุเป็นก่อนหักส่วนลด,แม่สี,งานสี,10.0,2563
แม่สี Matrix  M-229,ทรัพย์สินไทย,1,1680,1680,,2565-03-23,IV6503301,ราคาที่ระบุเป็นก่อนหักส่วนลด,แม่สี,งานสี,10.0,2564
แม่สี Matrix  M-231,ทรัพย์สินไทย,1,1680,1680,,2562-09-24,,ราคาที่ระบุเป็นก่อนหักส่วนลด,แม่สี,งานสี,10.0,2565
แม่สี Matrix  M-231,ทรัพย์สินไทย,2,1680,3360,,2563-03-11,,ราคาที่ระบุเป็นก่อนหักส่วนลด,แม่สี,งานสี,10.0,2566
แม่สี Matrix  M-231,ทรัพย์สินไทย,2,1680,3360,,2563-11-25,,ราคาที่ระบุเป็นก่อนหักส่วนลด,แม่สี,งานสี,10.0,2567
แม่สี Matrix  M-231,ทรัพย์สินไทย,1,1680,1680,,2564-03-29,,ราคาที่ระบุเป็นก่อนหักส่วนลด,แม่สี,งานสี,10.0,2568
แม่สี Matrix  M-231,ทรัพย์สินไทย,2,1680,3360,,2564-08-24,,ราคาที่ระบุเป็นก่อนหักส่วนลด,แม่สี,งานสี,10.0,2569
แม่สี Matrix  M-231,ทรัพย์สินไทย,1,1680,1680,,2565-04-27,IV6504236,ราคาที่ระบุเป็นก่อนหักส่วนลด,แม่สี,งานสี,10.0,2570
แม่สี Matrix  M-231,ทรัพย์สินไทย,1,1680,1680,,2565-05-25,IV6505291,ราคาที่ระบุเป็นก่อนหักส่วนลด,แม่สี,งานสี,10.0,2571
แม่สี มุกเหลือบแดง SC-231,ทรัพย์สินไทย,1,1400,1400,,2565-12-22,IV328-65,ราคาที่ระบุเป็นก่อนหักส่วนลด,แม่สี,งานสี,,2572
แม่สี มุกเหลือบแดง SC-231,ทรัพย์สินไทย,1,1400,1400,,2566-06-24,IV353-66,ราคาที่ระบุเป็นก่อนหักส่วนลด,แม่สี,งานสี,,2573
แม่สี มุกเหลือบแดง Hybrid S231,บจก. วีที คัลเลอร์ โปร,2,1400,2800,,2567-02-12,IV6702047,ราคายังไม่รวม VAT,แม่สี,งานสี,,2574
แม่สี มุกเหลือบแดง Hybrid S231,บจก. วีที คัลเลอร์ โปร,1,1400,1400,,2567-07-11,IV6707082,ราคายังไม่รวม VAT,แม่สี,งานสี,,2575
แม่สี มุกเหลือบแดง Hybrid S231,บจก. วีที คัลเลอร์ โปร,2,1400,2800,,2567-11-19,IV6711103,ราคายังไม่รวม VAT,แม่สี,งานสี,,2576
แม่สี มุกเหลือบแดง Hybrid S231,บจก. วีที คัลเลอร์ โปร,2,1400,2996,2800.0,2568-07-23,IV6807180,,แม่สี,งานสี,0.07,2577
แม่สี มุกเหลือบแดง Hybrid S231,บจก. วีที คัลเลอร์ โปร,2,1400,2996,2800.0,2568-09-12,IV6809088,,แม่สี,งานสี,0.07,2578
แม่สี มุกเหลือบแดง Hybrid S231,บจก. วีที คัลเลอร์ โปร,2,1400,2996,2800.0,2568-11-03,IV6811023,ราคาที่ระบุ ยังไม่รวม VAT7%,แม่สี,งานสี,0.07,2579
แม่สี Matrix  M-236,ทรัพย์สินไทย,1,1680,1680,,2563-04-23,,ราคาที่ระบุเป็นก่อนหักส่วนลด,แม่สี,งานสี,10.0,2580
แม่สี Matrix  M-239,ทรัพย์สินไทย,1,1680,1680,,2563-04-23,,ราคาที่ระบุเป็นก่อนหักส่วนลด,แม่สี,งานสี,10.0,2581
แม่สี Matrix  M-239,ทรัพย์สินไทย,1,1680,1680,,2563-12-21,,ราคาที่ระบุเป็นก่อนหักส่วนลด,แม่สี,งานสี,10.0,2582
แม่สี Matrix  M-243,ทรัพย์สินไทย,2,1680,3360,,2563-03-11,,ราคาที่ระบุเป็นก่อนหักส่วนลด,แม่สี,งานสี,10.0,2583
แม่สี Matrix  M-243,ทรัพย์สินไทย,1,1680,1680,,2564-11-11,IV6411168,ราคาที่ระบุเป็นก่อนหักส่วนลด,แม่สี,งานสี,10.0,2584
แม่สี Matrix  M-243,ทรัพย์สินไทย,2,1680,3360,,2565-01-21,IV6501225,ราคาที่ระบุเป็นก่อนหักส่วนลด,แม่สี,งานสี,10.0,2585
แม่สี มุกทองละเอียดพิเศษ Hybrid S243,บจก. วีที คัลเลอร์ โปร,2,1400,2800,,2567-01-22,IV6701069,ราคาที่ระบุ ยังไม่รวมภาษี,แม่สี,งานสี,,2586
แม่สี มุกทองละเอียดพิเศษ Hybrid S243,บจก. วีที คัลเลอร์ โปร,1,1400,1400,,2567-08-23,IV6708116,ราคาที่ระบุ ยังไม่รวมภาษี,แม่สี,งานสี,,2587
แม่สี มุกทองละเอียดพิเศษ Hybrid S243,บจก. วีที คัลเลอร์ โปร,1,1498,1498,,2568-02-24,IV6802144,ราคารวม VAT แล้ว,แม่สี,งานสี,,2588
แม่สี มุกทองละเอียดพิเศษ Hybrid S243,บจก. วีที คัลเลอร์ โปร,2,1400,2996,2800.0,2568-07-23,IV6807180,ราคาที่ระบุ ยังไม่รวม VAT7%,แม่สี,งานสี,0.07,2589
แม่สี Matrix  M-245,ทรัพย์สินไทย,2,1680,3360,,2562-07-09,,ราคาที่ระบุเป็นก่อนหักส่วนลด,แม่สี,งานสี,10.0,2590
แม่สี Matrix  M-245,ทรัพย์สินไทย,1,1680,1680,,2562-09-27,,ราคาที่ระบุเป็นก่อนหักส่วนลด,แม่สี,งานสี,10.0,2591
แม่สี Matrix  M-245,ทรัพย์สินไทย,2,1680,3360,,2563-04-23,,ราคาที่ระบุเป็นก่อนหักส่วนลด,แม่สี,งานสี,10.0,2592
แม่สี Matrix  M-245,ทรัพย์สินไทย,3,1680,5040,,2563-08-24,,ราคาที่ระบุเป็นก่อนหักส่วนลด,แม่สี,งานสี,10.0,2593
แม่สี Matrix  M-245,ทรัพย์สินไทย,1,1680,1680,,2564-03-24,,ราคาที่ระบุเป็นก่อนหักส่วนลด,แม่สี,งานสี,10.0,2594
แม่สี Matrix  M-245,ทรัพย์สินไทย,2,1680,3360,,2564-07-12,,ราคาที่ระบุเป็นก่อนหักส่วนลด,แม่สี,งานสี,10.0,2595
แม่สี Matrix  M-245,ทรัพย์สินไทย,1,1680,1680,,2564-11-23,IV6411320,ราคาที่ระบุเป็นก่อนหักส่วนลด,แม่สี,งานสี,10.0,2596
แม่สี Matrix  M-245,ทรัพย์สินไทย,1,1680,1680,,2565-03-23,IV6503301,ราคาที่ระบุเป็นก่อนหักส่วนลด,แม่สี,งานสี,10.0,2597
แม่สี Matrix  M-245,ทรัพย์สินไทย,1,1680,1680,,2565-06-27,IV6506337,ราคาที่ระบุเป็นก่อนหักส่วนลด,แม่สี,งานสี,10.0,2598
แม่สี Matrix  M-246,ทรัพย์สินไทย,2,1680,3360,,2561-05-28,,ราคาที่ระบุเป็นก่อนหักส่วนลด,แม่สี,งานสี,10.0,2599
แม่สี Matrix  M-246,ทรัพย์สินไทย,2,1680,3360,,2562-07-09,,ราคาที่ระบุเป็นก่อนหักส่วนลด,แม่สี,งานสี,10.0,2600
แม่สี Matrix  M-246,ทรัพย์สินไทย,1,1680,1680,,2564-03-24,,ราคาที่ระบุเป็นก่อนหักส่วนลด,แม่สี,งานสี,10.0,2601
แม่สี Matrix  M-246,ทรัพย์สินไทย,1,1680,1680,,2565-02-22,IV6502259,ราคาที่ระบุเป็นก่อนหักส่วนลด,แม่สี,งานสี,10.0,2602
แม่สี Matrix  M-251,ทรัพย์สินไทย,1,850,850,,2563-04-06,,ราคาที่ระบุเป็นก่อนหักส่วนลด,แม่สี,งานสี,10.0,2603
แม่สี Matrix  M-251,ทรัพย์สินไทย,1,850,850,,2563-06-10,,ราคาที่ระบุเป็นก่อนหักส่วนลด,แม่สี,งานสี,10.0,2604
แม่สี Matrix  M-251,ทรัพย์สินไทย,1,850,850,,2564-02-23,,ราคาที่ระบุเป็นก่อนหักส่วนลด,แม่สี,งานสี,10.0,2605
แม่สี Matrix  M-251,ทรัพย์สินไทย,1,850,850,,2564-03-24,,ราคาที่ระบุเป็นก่อนหักส่วนลด,แม่สี,งานสี,10.0,2606
แม่สี Matrix  M-251,ทรัพย์สินไทย,1,850,850,,2564-10-26,IV6410364,ราคาที่ระบุเป็นก่อนหักส่วนลด,แม่สี,งานสี,10.0,2607
แม่สี Matrix  M-251,ทรัพย์สินไทย,1,850,850,,2565-06-27,IV6506337,ราคาที่ระบุเป็นก่อนหักส่วนลด,แม่สี,งานสี,10.0,2608
แม่สี Matrix  M-254,ทรัพย์สินไทย,3,850,2550,,2562-05-15,,ราคาที่ระบุเป็นก่อนหักส่วนลด,แม่สี,งานสี,10.0,2609
แม่สี Matrix  M-254,ทรัพย์สินไทย,2,850,1700,,2562-07-09,,ราคาที่ระบุเป็นก่อนหักส่วนลด,แม่สี,งานสี,10.0,2610
แม่สี Matrix  M-254,ทรัพย์สินไทย,2,850,1700,,2562-07-24,,ราคาที่ระบุเป็นก่อนหักส่วนลด,แม่สี,งานสี,10.0,2611
แม่สี Matrix  M-254,ทรัพย์สินไทย,3,850,2550,,2562-08-26,,ราคาที่ระบุเป็นก่อนหักส่วนลด,แม่สี,งานสี,10.0,2612
แม่สี Matrix  M-254,ทรัพย์สินไทย,2,850,1700,,2562-09-10,,ราคาที่ระบุเป็นก่อนหักส่วนลด,แม่สี,งานสี,10.0,2613
แม่สี Matrix  M-254,ทรัพย์สินไทย,2,850,1700,,2562-09-24,,ราคาที่ระบุเป็นก่อนหักส่วนลด,แม่สี,งานสี,10.0,2614
แม่สี Matrix  M-254,ทรัพย์สินไทย,3,850,2550,,2563-02-20,,ราคาที่ระบุเป็นก่อนหักส่วนลด,แม่สี,งานสี,10.0,2615
แม่สี Matrix  M-254,ทรัพย์สินไทย,2,850,1700,,2563-03-24,,ราคาที่ระบุเป็นก่อนหักส่วนลด,แม่สี,งานสี,10.0,2616
แม่สี Matrix  M-254,ทรัพย์สินไทย,1,850,850,,2563-04-23,,ราคาที่ระบุเป็นก่อนหักส่วนลด,แม่สี,งานสี,10.0,2617
แม่สี Matrix  M-254,ทรัพย์สินไทย,3,850,2550,,2563-06-10,,ราคาที่ระบุเป็นก่อนหักส่วนลด,แม่สี,งานสี,10.0,2618
แม่สี Matrix  M-254,ทรัพย์สินไทย,4,850,3400,,2563-08-07,,ราคาที่ระบุเป็นก่อนหักส่วนลด,แม่สี,งานสี,10.0,2619
แม่สี Matrix  M-254,ทรัพย์สินไทย,3,850,2550,,2563-08-24,,ราคาที่ระบุเป็นก่อนหักส่วนลด,แม่สี,งานสี,10.0,2620
แม่สี Matrix  M-254,ทรัพย์สินไทย,2,850,1700,,2563-10-21,,ราคาที่ระบุเป็นก่อนหักส่วนลด,แม่สี,งานสี,10.0,2621
แม่สี Matrix  M-254,ทรัพย์สินไทย,3,850,2550,,2563-12-10,,ราคาที่ระบุเป็นก่อนหักส่วนลด,แม่สี,งานสี,10.0,2622
แม่สี Matrix  M-254,ทรัพย์สินไทย,2,850,1700,,2563-12-21,,ราคาที่ระบุเป็นก่อนหักส่วนลด,แม่สี,งานสี,10.0,2623
แม่สี Matrix  M-254,ทรัพย์สินไทย,2,850,1700,,2564-01-22,,ราคาที่ระบุเป็นก่อนหักส่วนลด,แม่สี,งานสี,10.0,2624
แม่สี Matrix  M-254,ทรัพย์สินไทย,2,850,1700,,2564-02-24,,ราคาที่ระบุเป็นก่อนหักส่วนลด,แม่สี,งานสี,10.0,2625
แม่สี Matrix  M-254,ทรัพย์สินไทย,3,850,2550,,2564-03-24,,ราคาที่ระบุเป็นก่อนหักส่วนลด,แม่สี,งานสี,10.0,2626
แม่สี Matrix  M-254,ทรัพย์สินไทย,2,850,1700,,2564-06-18,,ราคาที่ระบุเป็นก่อนหักส่วนลด,แม่สี,งานสี,10.0,2627
แม่สี Matrix  M-254,ทรัพย์สินไทย,3,850,2550,,2564-08-24,,ราคาที่ระบุเป็นก่อนหักส่วนลด,แม่สี,งานสี,10.0,2628
แม่สี Matrix  M-254,ทรัพย์สินไทย,2,850,1700,,2564-09-22,IV6409285,ราคาที่ระบุเป็นก่อนหักส่วนลด,แม่สี,งานสี,10.0,2629
แม่สี Matrix  M-254,ทรัพย์สินไทย,1,850,850,,2564-10-19,IV6410254,ราคาที่ระบุเป็นก่อนหักส่วนลด,แม่สี,งานสี,10.0,2630
แม่สี Matrix  M-254,ทรัพย์สินไทย,2,850,1700,,2564-11-11,IV6411168,ราคาที่ระบุเป็นก่อนหักส่วนลด,แม่สี,งานสี,10.0,2631
แม่สี Matrix  M-254,ทรัพย์สินไทย,3,850,2550,,2564-12-22,IV6412302,ราคาที่ระบุเป็นก่อนหักส่วนลด,แม่สี,งานสี,10.0,2632
แม่สี Matrix  M-254,ทรัพย์สินไทย,2,850,1700,,2565-02-22,IV6502259,ราคาที่ระบุเป็นก่อนหักส่วนลด,แม่สี,งานสี,10.0,2633
แม่สี Matrix  M-254,ทรัพย์สินไทย,2,850,1700,,2565-04-27,IV6504236,ราคาที่ระบุเป็นก่อนหักส่วนลด,แม่สี,งานสี,10.0,2634
แม่สี Matrix  M-254,ทรัพย์สินไทย,2,850,1700,,2565-05-25,IV6505291,ราคาที่ระบุเป็นก่อนหักส่วนลด,แม่สี,งานสี,10.0,2635
แม่สี Matrix  M-254,ทรัพย์สินไทย,2,950,1900,,2565-07-07,IV6507108,ราคาที่ระบุเป็นก่อนหักส่วนลด,แม่สี,งานสี,10.0,2636
แม่สี ดำอมเหลือง SC-254,บจก. วีที คัลเลอร์ โปร,2,750,1500,,2565-08-24,IV148-65,ราคาที่ระบุ ยังไม่รวมภาษี,แม่สี,งานสี,,2637
แม่สี ดำอมเหลือง SC-254,บจก. วีที คัลเลอร์ โปร,2,750,1500,,2565-09-20,IV184-65,ราคาที่ระบุ ยังไม่รวมภาษี,แม่สี,งานสี,,2638
แม่สี ดำอมเหลือง SC-254,บจก. วีที คัลเลอร์ โปร,1,750,750,,2565-11-23,IV276-65,ราคาที่ระบุ ยังไม่รวมภาษี,แม่สี,งานสี,,2639
แม่สี ดำอมเหลือง SC-254,บจก. วีที คัลเลอร์ โปร,1,750,750,,2565-12-13,IV308-65,ราคาที่ระบุ ยังไม่รวมภาษี,แม่สี,งานสี,,2640
แม่สี ดำอมเหลือง SC-254,บจก. วีที คัลเลอร์ โปร,2,750,1500,,2566-02-09,IV088-66,ราคาที่ระบุ ยังไม่รวมภาษี,แม่สี,งานสี,,2641
แม่สี ดำอมเหลือง SC-254,บจก. วีที คัลเลอร์ โปร,2,750,1500,,2566-06-24,IV352-66,ราคาที่ระบุ ยังไม่รวมภาษี,แม่สี,งานสี,,2642
แม่สี ดำอมเหลือง Hybrid S254,บจก. วีที คัลเลอร์ โปร,2,750,1500,,2566-07-10,IV387-66,ราคาที่ระบุ ยังไม่รวมภาษี,แม่สี,งานสี,,2643
แม่สี ดำอมเหลือง Hybrid S254,บจก. วีที คัลเลอร์ โปร,2,750,1500,,2566-08-21,IV469-66,ราคาที่ระบุ ยังไม่รวมภาษี,แม่สี,งานสี,,2644
แม่สี ดำอมเหลือง Hybrid S254,บจก. วีที คัลเลอร์ โปร,2,750,1500,,2566-10-21,IV684-66,ราคาที่ระบุ ยังไม่รวมภาษี,แม่สี,งานสี,,2645
แม่สี ดำอมเหลือง Hybrid S254,บจก. วีที คัลเลอร์ โปร,2,750,1605,1500.0,2568-07-21,IV6807158,,แม่สี,งานสี,0.07,2646
แม่สี ดำอมเหลือง Hybrid S254,บจก. วีที คัลเลอร์ โปร,4,750,3210,3000.0,2568-07-23,IV6807180,,แม่สี,งานสี,0.07,2647
แม่สี ดำอมเหลือง Hybrid S254,บจก. วีที คัลเลอร์ โปร,4,750,3210,3000.0,2568-08-23,IV6808151,,แม่สี,งานสี,0.07,2648
แม่สี ดำอมเหลือง Hybrid S254,บจก. วีที คัลเลอร์ โปร,4,750,3210,3000.0,2568-09-12,IV6809088,,แม่สี,งานสี,0.07,2649
แม่สี ดำอมเหลือง Hybrid S254,บจก. วีที คัลเลอร์ โปร,4,750,3210,3000.0,2568-10-01,IV6810015,,แม่สี,งานสี,0.07,2650
แม่สี ดำอมเหลือง Hybrid S254,บจก. วีที คัลเลอร์ โปร,2,750,1605,1500.0,2568-11-03,IV6811023,ราคาที่ระบุ ยังไม่รวม VAT7%,แม่สี,งานสี,0.07,2651
แม่สี ดำอมเหลือง Hybrid S254,บจก. วีที คัลเลอร์ โปร,4,750,3210,3000.0,2568-11-26,IV6811188,,แม่สี,งานสี,0.07,2652
แม่สี ม่วงสด Hybrid S255,บจก. วีที คัลเลอร์ โปร,2,750,1605,1500.0,2568-08-13,IV6808072,ราคาที่ระบุ ยังไม่รวม VAT7%,แม่สี,งานสี,0.07,2653
แม่สี เหลืองเนื้อมาก Hybrid S284,บจก. วีที คัลเลอร์ โปร,1,800,800,,2566-12-21,IV765-66,ราคาที่ระบุ ยังไม่รวมภาษี,แม่สี,งานสี,,2654
แม่สี เหลืองเนื้อมาก Hybrid S284,บจก. วีที คัลเลอร์ โปร,1,800,800,,2567-01-24,IV6701079,ราคาที่ระบุ ยังไม่รวมภาษี,แม่สี,งานสี,,2655
แม่สี Matrix  M-255,ทรัพย์สินไทย,1,850,850,,2562-09-27,,ราคาที่ระบุเป็นก่อนหักส่วนลด,แม่สี,งานสี,10.0,2656
แม่สี Matrix  M-255,ทรัพย์สินไทย,1,850,850,,2563-01-27,,ราคาที่ระบุเป็นก่อนหักส่วนลด,แม่สี,งานสี,10.0,2657
แม่สี Matrix  M-255,ทรัพย์สินไทย,2,850,1700,,2563-06-10,,ราคาที่ระบุเป็นก่อนหักส่วนลด,แม่สี,งานสี,10.0,2658
แม่สี Matrix  M-255,ทรัพย์สินไทย,1,850,850,,2563-12-10,,ราคาที่ระบุเป็นก่อนหักส่วนลด,แม่สี,งานสี,10.0,2659
แม่สี Matrix  M-255,ทรัพย์สินไทย,1,850,850,,2564-01-11,,ราคาที่ระบุเป็นก่อนหักส่วนลด,แม่สี,งานสี,10.0,2660
แม่สี Matrix  M-255,ทรัพย์สินไทย,1,850,850,,2564-01-27,,ราคาที่ระบุเป็นก่อนหักส่วนลด,แม่สี,งานสี,10.0,2661
แม่สี Matrix  M-255,ทรัพย์สินไทย,1,850,850,,2564-03-24,,ราคาที่ระบุเป็นก่อนหักส่วนลด,แม่สี,งานสี,10.0,2662
แม่สี Matrix  M-255,ทรัพย์สินไทย,2,850,170,,2564-08-24,,ราคาที่ระบุเป็นก่อนหักส่วนลด,แม่สี,งานสี,10.0,2663
แม่สี Matrix  M-255,ทรัพย์สินไทย,1,850,850,,2565-02-22,IV6502259,ราคาที่ระบุเป็นก่อนหักส่วนลด,แม่สี,งานสี,10.0,2664
แม่สี Matrix  M-255,ทรัพย์สินไทย,2,850,1700,,2565-06-27,IV6506337,ราคาที่ระบุเป็นก่อนหักส่วนลด,แม่สี,งานสี,10.0,2665
แม่สี ม่วงสด SC-255,บจก. วีที คัลเลอร์ โปร,1,750,750,,2565-08-24,IV148-65,ราคาที่ระบุ ยังไม่รวมภาษี,แม่สี,งานสี,,2666
แม่สี ม่วงสด SC-255,บจก. วีที คัลเลอร์ โปร,1,750,750,,2565-09-20,IV184-65,ราคาที่ระบุ ยังไม่รวมภาษี,แม่สี,งานสี,,2667
แม่สี ม่วงสด SC-255,บจก. วีที คัลเลอร์ โปร,1,750,750,,2565-11-25,IV283-65,ราคาที่ระบุ ยังไม่รวมภาษี,แม่สี,งานสี,,2668
แม่สี ม่วงสด SC-255,บจก. วีที คัลเลอร์ โปร,1,750,750,,2566-06-24,IV353-66,ราคาที่ระบุ ยังไม่รวมภาษี,แม่สี,งานสี,,2669
แม่สี แดงโครอล SC-257,บจก. วีที คัลเลอร์ โปร,1,750,750,,2566-03-23,IV178-66,ราคาที่ระบุ ยังไม่รวมภาษี,แม่สี,งานสี,,2670
แม่สี แดงโครอล Hybrid S257,บจก. วีที คัลเลอร์ โปร,2,750,1500,,2566-07-10,IV387-66,ราคาที่ระบุ ยังไม่รวมภาษี,แม่สี,งานสี,,2671
แม่สี แดงโครอล Hybrid S257,บจก. วีที คัลเลอร์ โปร,1,750,750,,2567-05-21,IV6705104,ราคาที่ระบุ ยังไม่รวมภาษี,แม่สี,งานสี,,2672
แม่สี แดงโครอล Hybrid S257,บจก. วีที คัลเลอร์ โปร,1,750,750,,2567-10-21,IV6710109,ราคาที่ระบุ ยังไม่รวมภาษี,แม่สี,งานสี,,2673
แม่สี แดงโครอล Hybrid S257,บจก. วีที คัลเลอร์ โปร,2,750,1605,1500.0,2568-09-12,IV6809088,,แม่สี,งานสี,0.07,2674
แม่สี แดงโครอล Hybrid S257,บจก. วีที คัลเลอร์ โปร,2,750,1605,1500.0,2568-11-03,IV6811023,ราคาที่ระบุ ยังไม่รวม VAT7%,แม่สี,งานสี,0.07,2675
แม่สี Matrix  M-256,ทรัพย์สินไทย,1,850,850,,2563-03-11,,ราคาที่ระบุเป็นก่อนหักส่วนลด,แม่สี,งานสี,10.0,2676
แม่สี Matrix  M-256,ทรัพย์สินไทย,2,850,1700,,2563-06-10,,ราคาที่ระบุเป็นก่อนหักส่วนลด,แม่สี,งานสี,10.0,2677
แม่สี Matrix  M-256,ทรัพย์สินไทย,1,850,850,,2565-03-23,IV6503301,ราคาที่ระบุเป็นก่อนหักส่วนลด,แม่สี,งานสี,10.0,2678
แม่สี Matrix  M-257,ทรัพย์สินไทย,1,850,850,,2562-05-24,,ราคาที่ระบุเป็นก่อนหักส่วนลด,แม่สี,งานสี,10.0,2679
แม่สี Matrix  M-257,ทรัพย์สินไทย,1,850,850,,2562-07-24,,ราคาที่ระบุเป็นก่อนหักส่วนลด,แม่สี,งานสี,10.0,2680
แม่สี Matrix  M-257,ทรัพย์สินไทย,2,850,1700,,2564-02-23,,ราคาที่ระบุเป็นก่อนหักส่วนลด,แม่สี,งานสี,10.0,2681
แม่สี Matrix  M-257,ทรัพย์สินไทย,1,850,850,,2565-03-23,IV6503301,ราคาที่ระบุเป็นก่อนหักส่วนลด,แม่สี,งานสี,10.0,2682
แม่สีแดงโครรอล SC257,บจก. วีที คัลเลอร์ โปร,1,750,750,,2565-09-07,IV167-65,ราคายังไม่รวม VAT,แม่สี,งานสี,,2683
แม่สี Matrix  M-259,ทรัพย์สินไทย,2,850,1700,,2562-05-15,,ราคาที่ระบุเป็นก่อนหักส่วนลด,แม่สี,งานสี,10.0,2684
แม่สี Matrix  M-259,ทรัพย์สินไทย,3,850,2550,,2562-06-24,,ราคาที่ระบุเป็นก่อนหักส่วนลด,แม่สี,งานสี,10.0,2685
แม่สี Matrix  M-259,ทรัพย์สินไทย,3,850,2550,,2562-06-07,,ราคาที่ระบุเป็นก่อนหักส่วนลด,แม่สี,งานสี,10.0,2686
แม่สี Matrix  M-259,ทรัพย์สินไทย,2,850,1700,,2562-07-09,,ราคาที่ระบุเป็นก่อนหักส่วนลด,แม่สี,งานสี,10.0,2687
แม่สี Matrix  M-259,ทรัพย์สินไทย,3,850,2550,,2562-08-19,,ราคาที่ระบุเป็นก่อนหักส่วนลด,แม่สี,งานสี,10.0,2688
แม่สี Matrix  M-259,ทรัพย์สินไทย,2,850,1700,,2562-08-26,,ราคาที่ระบุเป็นก่อนหักส่วนลด,แม่สี,งานสี,10.0,2689
แม่สี Matrix  M-259,ทรัพย์สินไทย,3,850,2550,,2563-02-20,,ราคาที่ระบุเป็นก่อนหักส่วนลด,แม่สี,งานสี,10.0,2690
แม่สี Matrix  M-259,ทรัพย์สินไทย,2,850,1700,,2563-03-24,,ราคาที่ระบุเป็นก่อนหักส่วนลด,แม่สี,งานสี,10.0,2691
แม่สี Matrix  M-259,ทรัพย์สินไทย,3,850,2550,,2563-07-24,,ราคาที่ระบุเป็นก่อนหักส่วนลด,แม่สี,งานสี,10.0,2692
แม่สี Matrix  M-259,ทรัพย์สินไทย,3,850,2550,,2563-08-24,,ราคาที่ระบุเป็นก่อนหักส่วนลด,แม่สี,งานสี,10.0,2693
แม่สี Matrix  M-259,ทรัพย์สินไทย,2,850,1700,,2563-10-21,,ราคาที่ระบุเป็นก่อนหักส่วนลด,แม่สี,งานสี,10.0,2694
แม่สี Matrix  M-259,ทรัพย์สินไทย,2,850,1700,,2563-12-21,,ราคาที่ระบุเป็นก่อนหักส่วนลด,แม่สี,งานสี,10.0,2695
แม่สี Matrix  M-259,ทรัพย์สินไทย,3,850,2550,,2564-01-11,,ราคาที่ระบุเป็นก่อนหักส่วนลด,แม่สี,งานสี,10.0,2696
แม่สี Matrix  M-259,ทรัพย์สินไทย,4,850,3400,,2564-01-22,,ราคาที่ระบุเป็นก่อนหักส่วนลด,แม่สี,งานสี,10.0,2697
แม่สี Matrix  M-259,ทรัพย์สินไทย,2,850,1700,,2564-02-24,,ราคาที่ระบุเป็นก่อนหักส่วนลด,แม่สี,งานสี,10.0,2698
แม่สี Matrix  M-259,ทรัพย์สินไทย,2,850,1700,,2564-03-24,,ราคาที่ระบุเป็นก่อนหักส่วนลด,แม่สี,งานสี,10.0,2699
แม่สี Matrix  M-259,ทรัพย์สินไทย,3,850,2550,,2564-06-18,,ราคาที่ระบุเป็นก่อนหักส่วนลด,แม่สี,งานสี,10.0,2700
แม่สี Matrix  M-259,ทรัพย์สินไทย,2,850,1700,,2564-07-26,,ราคาที่ระบุเป็นก่อนหักส่วนลด,แม่สี,งานสี,10.0,2701
แม่สี Matrix  M-259,ทรัพย์สินไทย,3,850,2550,,2564-10-19,IV6410254,ราคาที่ระบุเป็นก่อนหักส่วนลด,แม่สี,งานสี,10.0,2702
แม่สี Matrix  M-259,ทรัพย์สินไทย,3,850,2550,,2564-11-23,IV6411320,ราคาที่ระบุเป็นก่อนหักส่วนลด,แม่สี,งานสี,10.0,2703
แม่สี Matrix  M-259,ทรัพย์สินไทย,1,850,850,,2565-03-18,IV6503253,ราคาที่ระบุเป็นก่อนหักส่วนลด,แม่สี,งานสี,10.0,2704
แม่สี Matrix  M-259,ทรัพย์สินไทย,2,850,1700,,2565-04-27,IV6504236,ราคาที่ระบุเป็นก่อนหักส่วนลด,แม่สี,งานสี,10.0,2705
แม่สี Matrix  M-259,ทรัพย์สินไทย,3,850,2550,,2565-05-25,IV6505291,ราคาที่ระบุเป็นก่อนหักส่วนลด,แม่สี,งานสี,10.0,2706
แม่สี Matrix  M-259,ทรัพย์สินไทย,1,950,950,,2565-07-07,IV6507108,ราคาที่ระบุเป็นก่อนหักส่วนลด,แม่สี,งานสี,10.0,2707
แม่สี น้ำเงินอมฟ้า SC-259,บจก. วีที คัลเลอร์ โปร,2,750,1500,,2565-08-24,IV148-65,ราคาที่ระบุ ยังไม่รวมภาษี,แม่สี,งานสี,,2708
แม่สี น้ำเงินอมฟ้า SC-259,บจก. วีที คัลเลอร์ โปร,2,750,1500,,2565-09-20,IV184-65,ราคาที่ระบุ ยังไม่รวมภาษี,แม่สี,งานสี,,2709
แม่สี น้ำเงินอมฟ้า SC-259,บจก. วีที คัลเลอร์ โปร,2,750,1500,,2565-10-25,IV228-65,ราคาที่ระบุ ยังไม่รวมภาษี,แม่สี,งานสี,,2710
แม่สี น้ำเงินอมฟ้า SC-259,บจก. วีที คัลเลอร์ โปร,3,750,2250,,2565-11-23,IV276-65,ราคาที่ระบุ ยังไม่รวมภาษี,แม่สี,งานสี,,2711
แม่สี น้ำเงินอมฟ้า SC-259,บจก. วีที คัลเลอร์ โปร,1,750,750,,2566-02-22,IV113-66,ราคาที่ระบุ ยังไม่รวมภาษี,แม่สี,งานสี,,2712
แม่สี น้ำเงินอมฟ้า SC-259,บจก. วีที คัลเลอร์ โปร,2,750,1500,,2566-03-23,IV178-66,ราคาที่ระบุ ยังไม่รวมภาษี,แม่สี,งานสี,,2713
แม่สี น้ำเงินอมฟ้า Hybrid S259,บจก. วีที คัลเลอร์ โปร,2,750,1500,,2566-07-27,IV423-66,ราคาที่ระบุ ยังไม่รวมภาษี,แม่สี,งานสี,,2714
แม่สี น้ำเงินอมฟ้า Hybrid S259,บจก. วีที คัลเลอร์ โปร,1,750,750,,2566-08-21,IV469-66,ราคาที่ระบุ ยังไม่รวมภาษี,แม่สี,งานสี,,2715
แม่สี น้ำเงินอมฟ้า Hybrid S259,บจก. วีที คัลเลอร์ โปร,2,750,1500,,2566-09-09,IV517-66,ราคาที่ระบุ ยังไม่รวมภาษี,แม่สี,งานสี,,2716
แม่สี น้ำเงินอมฟ้า Hybrid S259,บจก. วีที คัลเลอร์ โปร,1,750,750,,2566-10-16,IV591-66,ราคาที่ระบุ ยังไม่รวมภาษี,แม่สี,งานสี,,2717
แม่สี น้ำเงินอมฟ้า Hybrid S259,บจก. วีที คัลเลอร์ โปร,2,750,1500,,2566-10-21,IV684-66,ราคาที่ระบุ ยังไม่รวมภาษี,แม่สี,งานสี,,2718
แม่สี น้ำเงินอมฟ้า Hybrid S259,บจก. วีที คัลเลอร์ โปร,2,750,1500,,2566-12-21,IV765-66,ราคาที่ระบุ ยังไม่รวมภาษี,แม่สี,งานสี,,2719
แม่สี น้ำเงินอมฟ้า Hybrid S259,บจก. วีที คัลเลอร์ โปร,1,750,750,,2567-01-24,IV6701079,ราคาที่ระบุ ยังไม่รวมภาษี,แม่สี,งานสี,,2720
แม่สี น้ำเงินอมฟ้า Hybrid S259,บจก. วีที คัลเลอร์ โปร,2,750,1500,,2567-04-22,IV6704071,ราคาที่ระบุ ยังไม่รวมภาษี,แม่สี,งานสี,,2721
แม่สี น้ำเงินอมฟ้า Hybrid S259,บจก. วีที คัลเลอร์ โปร,2,750,1500,,2567-05-21,IV6705104,ราคาที่ระบุ ยังไม่รวมภาษี,แม่สี,งานสี,,2722
แม่สี น้ำเงินอมฟ้า Hybrid S259,บจก. วีที คัลเลอร์ โปร,2,750,1500,,2567-03-19,IV6703088,ราคาที่ระบุ ยังไม่รวมภาษี,แม่สี,งานสี,,2723
แม่สี น้ำเงินอมฟ้า Hybrid S259,บจก. วีที คัลเลอร์ โปร,2,750,1500,,2567-06-24,IV6706130,ราคาที่ระบุ ยังไม่รวมภาษี,แม่สี,งานสี,,2724
แม่สี น้ำเงินอมฟ้า Hybrid S259,บจก. วีที คัลเลอร์ โปร,2,750,1500,,2567-08-23,IV6708116,ราคาที่ระบุ ยังไม่รวมภาษี,แม่สี,งานสี,,2725
แม่สี น้ำเงินอมฟ้า Hybrid S259,บจก. วีที คัลเลอร์ โปร,2,750,1500,,2567-09-24,IV6709122,ราคาที่ระบุ ยังไม่รวมภาษี,แม่สี,งานสี,,2726
แม่สี น้ำเงินอมฟ้า Hybrid S259,บจก. วีที คัลเลอร์ โปร,2,750,1500,,2567-11-19,IV6711103,ราคาที่ระบุ ยังไม่รวมภาษี,แม่สี,งานสี,,2727
แม่สี น้ำเงินอมฟ้า Hybrid S259,บจก. วีที คัลเลอร์ โปร,2,802.5,1605,,2568-01-21,IV6801106,ราคารวม VAT แล้ว,แม่สี,งานสี,,2728
แม่สี น้ำเงินอมฟ้า Hybrid S259,บจก. วีที คัลเลอร์ โปร,2,750,1605,1500.0,2568-05-21,IV6805147,,แม่สี,งานสี,,2729
แม่สี น้ำเงินอมฟ้า Hybrid S259,บจก. วีที คัลเลอร์ โปร,2,750,1605,1500.0,2568-06-26,IV6806175,,แม่สี,งานสี,0.07,2730
แม่สี น้ำเงินอมฟ้า Hybrid S259,บจก. วีที คัลเลอร์ โปร,4,750,3210,3000.0,2568-07-23,IV6807180,,แม่สี,งานสี,0.07,2731
แม่สี น้ำเงินอมฟ้า Hybrid S259,บจก. วีที คัลเลอร์ โปร,2,750,1605,1500.0,2568-08-23,IV6808151,,แม่สี,งานสี,0.07,2732
แม่สี น้ำเงินอมฟ้า Hybrid S259,บจก. วีที คัลเลอร์ โปร,2,750,1605,1500.0,2568-10-01,IV6810015,,แม่สี,งานสี,0.07,2733
แม่สี น้ำเงินอมฟ้า Hybrid S259,บจก. วีที คัลเลอร์ โปร,2,750,1605,1500.0,2568-10-16,IV6810110,ราคาที่ลง ยังไม่รวมภาษี,แม่สี,งานสี,,2734
แม่สี น้ำเงินอมฟ้า Hybrid S259,บจก. วีที คัลเลอร์ โปร,3,750,2407.5,2250.0,2568-11-03,IV6811023,ราคาที่ระบุ ยังไม่รวม VAT7%,แม่สี,งานสี,0.07,2735
แม่สี น้ำเงินอมฟ้า Hybrid S259,บจก. วีที คัลเลอร์ โปร,4,750,3210,3000.0,2568-11-26,IV6811188,,แม่สี,งานสี,0.07,2736
แม่สี น้ำเงินเข้มอมแดง Hybrid S285,บจก. วีที คัลเลอร์ โปร,1,750,750,,2566-09-09,IV517-66,ราคาที่ระบุ ยังไม่รวมภาษี,แม่สี,งานสี,,2737
แม่สี น้ำเงินเข้มอมแดง Hybrid S285,บจก. วีที คัลเลอร์ โปร,1,750,750,,2567-01-24,IV6701079,ราคาที่ระบุ ยังไม่รวมภาษี,แม่สี,งานสี,,2738
แม่สี น้ำเงินเข้มอมแดง Hybrid S285,บจก. วีที คัลเลอร์ โปร,1,750,750,,2567-05-21,IV6705104,ราคาที่ระบุ ยังไม่รวมภาษี,แม่สี,งานสี,,2739
แม่สี น้ำเงินเข้มอมแดง Hybrid S285,บจก. วีที คัลเลอร์ โปร,1,750,750,,2567-08-23,IV6708116,ราคาที่ระบุ ยังไม่รวมภาษี,แม่สี,งานสี,,2740
แม่สี น้ำเงินเข้มอมแดง Hybrid S285,บจก. วีที คัลเลอร์ โปร,4,750,3210,3000.0,2568-07-24,IV6807194,,แม่สี,งานสี,0.07,2741
แม่สี น้ำเงินเข้มอมแดง Hybrid S285,บจก. วีที คัลเลอร์ โปร,2,750,1605,1500.0,2568-10-01,IV6810015,,แม่สี,งานสี,0.07,2742
แม่สี น้ำเงินเข้มอมแดง Hybrid S285,บจก. วีที คัลเลอร์ โปร,4,750,3210,3000.0,2568-10-16,IV6810110,ราคาที่ลง ยังไม่รวมภาษี,แม่สี,งานสี,,2743
แม่สี Matrix  M-261,ทรัพย์สินไทย,2,930,1860,,2563-03-24,,ราคาที่ระบุเป็นก่อนหักส่วนลด,แม่สี,งานสี,10.0,2744
แม่สี Matrix  M-261,ทรัพย์สินไทย,2,930,1860,,2563-09-23,,ราคาที่ระบุเป็นก่อนหักส่วนลด,แม่สี,งานสี,10.0,2745
แม่สี Matrix  M-261,ทรัพย์สินไทย,2,930,1860,,2564-01-22,,ราคาที่ระบุเป็นก่อนหักส่วนลด,แม่สี,งานสี,10.0,2746
แม่สี Matrix  M-261,ทรัพย์สินไทย,2,930,1860,,2564-02-23,,ราคาที่ระบุเป็นก่อนหักส่วนลด,แม่สี,งานสี,10.0,2747
แม่สี Matrix  M-261,ทรัพย์สินไทย,2,930,1860,,2564-03-29,,ราคาที่ระบุเป็นก่อนหักส่วนลด,แม่สี,งานสี,10.0,2748
แม่สี Matrix  M-261,ทรัพย์สินไทย,2,930,1860,,2564-06-18,,ราคาที่ระบุเป็นก่อนหักส่วนลด,แม่สี,งานสี,10.0,2749
แม่สี Matrix  M-261,ทรัพย์สินไทย,2,930,1860,,2564-12-22,IV6412302,ราคาที่ระบุเป็นก่อนหักส่วนลด,แม่สี,งานสี,10.0,2750
แม่สี แดงสดเนื้อมาก Hybrid S261,บจก. วีที คัลเลอร์ โปร,2,800,1600,,2566-08-21,IV469-66,ราคาที่ระบุ ยังไม่รวมภาษี,แม่สี,งานสี,,2751
แม่สี แดงสดเนื้อมาก Hybrid S261,บจก. วีที คัลเลอร์ โปร,1,856,856,,2568-02-24,IV6802144,ราคารวม VAT แล้ว,แม่สี,งานสี,,2752
แม่สี Matrix  M-270 (สีขาว) -- แกลลอนละ 4ลิตร,ทรัพย์สินไทย,3,3240,9720,,2562-05-15,,ราคาที่ระบุเป็นก่อนหักส่วนลด,แม่สี,งานสี,10.0,2753
แม่สี Matrix  M-270 (สีขาว) -- แกลลอนละ 4ลิตร,ทรัพย์สินไทย,8,3240,25920,,2562-05-24,,ราคาที่ระบุเป็นก่อนหักส่วนลด,แม่สี,งานสี,10.0,2754
แม่สี Matrix  M-270 (สีขาว) -- แกลลอนละ 4ลิตร,ทรัพย์สินไทย,3,3240,9720,,2561-05-28,,ราคาที่ระบุเป็นก่อนหักส่วนลด,แม่สี,งานสี,10.0,2755
แม่สี Matrix  M-270 (สีขาว) -- แกลลอนละ 4ลิตร,ทรัพย์สินไทย,8,3240,25920,,2562-06-24,,ราคาที่ระบุเป็นก่อนหักส่วนลด,แม่สี,งานสี,10.0,2756
แม่สี Matrix  M-270 (สีขาว) -- แกลลอนละ 4ลิตร,ทรัพย์สินไทย,9,3240,29160,,2562-07-24,,ราคาที่ระบุเป็นก่อนหักส่วนลด,แม่สี,งานสี,10.0,2757
แม่สี Matrix  M-270 (สีขาว) -- แกลลอนละ 4ลิตร,ทรัพย์สินไทย,5,3240,16200,,2562-08-19,,ราคาที่ระบุเป็นก่อนหักส่วนลด,แม่สี,งานสี,10.0,2758
แม่สี Matrix  M-270 (สีขาว) -- แกลลอนละ 4ลิตร,ทรัพย์สินไทย,9,3240,29160,,2562-09-24,,ราคาที่ระบุเป็นก่อนหักส่วนลด,แม่สี,งานสี,10.0,2759
แม่สี Matrix  M-270 (สีขาว) -- แกลลอนละ 4ลิตร,ทรัพย์สินไทย,6,3240,19440,,2562-08-26,,ราคาที่ระบุเป็นก่อนหักส่วนลด,แม่สี,งานสี,10.0,2760
แม่สี Matrix  M-270 (สีขาว) -- แกลลอนละ 4ลิตร,ทรัพย์สินไทย,9,3240,29160,,2563-01-27,,ราคาที่ระบุเป็นก่อนหักส่วนลด,แม่สี,งานสี,10.0,2761
แม่สี Matrix  M-270 (สีขาว) -- แกลลอนละ 4ลิตร,ทรัพย์สินไทย,6,3240,19440,,2563-02-20,,ราคาที่ระบุเป็นก่อนหักส่วนลด,แม่สี,งานสี,10.0,2762
แม่สี Matrix  M-270 (สีขาว) -- แกลลอนละ 4ลิตร,ทรัพย์สินไทย,3,3240,9720,,2563-02-21,,ราคาที่ระบุเป็นก่อนหักส่วนลด,แม่สี,งานสี,10.0,2763
แม่สี Matrix  M-270 (สีขาว) -- แกลลอนละ 4ลิตร,ทรัพย์สินไทย,6,3240,19440,,2563-03-11,,ราคาที่ระบุเป็นก่อนหักส่วนลด,แม่สี,งานสี,10.0,2764
แม่สี Matrix  M-270 (สีขาว) -- แกลลอนละ 4ลิตร,ทรัพย์สินไทย,9,3240,29160,,2563-03-24,,ราคาที่ระบุเป็นก่อนหักส่วนลด,แม่สี,งานสี,10.0,2765
แม่สี Matrix  M-270 (สีขาว) -- แกลลอนละ 4ลิตร,ทรัพย์สินไทย,6,3240,19440,,2563-04-06,,ราคาที่ระบุเป็นก่อนหักส่วนลด,แม่สี,งานสี,10.0,2766
แม่สี Matrix  M-270 (สีขาว) -- แกลลอนละ 4ลิตร,ทรัพย์สินไทย,12,3240,38880,,2563-04-23,,ราคาที่ระบุเป็นก่อนหักส่วนลด,แม่สี,งานสี,10.0,2767
แม่สี Matrix  M-270 (สีขาว) -- แกลลอนละ 4ลิตร,ทรัพย์สินไทย,3,3240,9720,,2563-06-10,,ราคาที่ระบุเป็นก่อนหักส่วนลด,แม่สี,งานสี,10.0,2768
แม่สี Matrix  M-270 (สีขาว) -- แกลลอนละ 4ลิตร,ทรัพย์สินไทย,3,3240,9720,,2563-07-15,,ราคาที่ระบุเป็นก่อนหักส่วนลด,แม่สี,งานสี,10.0,2769
แม่สี Matrix  M-270 (สีขาว) -- แกลลอนละ 4ลิตร,ทรัพย์สินไทย,9,3240,29160,,2563-07-24,,ราคาที่ระบุเป็นก่อนหักส่วนลด,แม่สี,งานสี,10.0,2770
แม่สี Matrix  M-270 (สีขาว) -- แกลลอนละ 4ลิตร,ทรัพย์สินไทย,6,3240,19440,,2563-08-17,,ราคาที่ระบุเป็นก่อนหักส่วนลด,แม่สี,งานสี,10.0,2771
แม่สี Matrix  M-270 (สีขาว) -- แกลลอนละ 4ลิตร,ทรัพย์สินไทย,12,3240,38880,,2563-08-24,,ราคาที่ระบุเป็นก่อนหักส่วนลด,แม่สี,งานสี,10.0,2772
แม่สี Matrix  M-270 (สีขาว) -- แกลลอนละ 4ลิตร,ทรัพย์สินไทย,6,3240,19440,,2563-09-14,,ราคาที่ระบุเป็นก่อนหักส่วนลด,แม่สี,งานสี,10.0,2773
แม่สี Matrix  M-270 (สีขาว) -- แกลลอนละ 4ลิตร,ทรัพย์สินไทย,12,3240,38880,,2563-09-23,,ราคาที่ระบุเป็นก่อนหักส่วนลด,แม่สี,งานสี,10.0,2774
แม่สี Matrix  M-270 (สีขาว) -- แกลลอนละ 4ลิตร,ทรัพย์สินไทย,2,3240,6480,,2563-10-20,,ราคาที่ระบุเป็นก่อนหักส่วนลด,แม่สี,งานสี,10.0,2775
แม่สี Matrix  M-270 (สีขาว) -- แกลลอนละ 4ลิตร,ทรัพย์สินไทย,12,3240,38880,,2563-10-21,,ราคาที่ระบุเป็นก่อนหักส่วนลด,แม่สี,งานสี,10.0,2776
แม่สี Matrix  M-270 (สีขาว) -- แกลลอนละ 4ลิตร,ทรัพย์สินไทย,9,3240,29160,,2563-11-25,,ราคาที่ระบุเป็นก่อนหักส่วนลด,แม่สี,งานสี,10.0,2777
แม่สี Matrix  M-270 (สีขาว) -- แกลลอนละ 4ลิตร,ทรัพย์สินไทย,4,3240,12960,,2563-12-10,,ราคาที่ระบุเป็นก่อนหักส่วนลด,แม่สี,งานสี,10.0,2778
แม่สี Matrix  M-270 (สีขาว) -- แกลลอนละ 4ลิตร,ทรัพย์สินไทย,12,3240,38880,,2563-12-21,,ราคาที่ระบุเป็นก่อนหักส่วนลด,แม่สี,งานสี,10.0,2779
แม่สี Matrix  M-270 (สีขาว) -- แกลลอนละ 4ลิตร,ทรัพย์สินไทย,6,3240,19440,,2564-01-22,,ราคาที่ระบุเป็นก่อนหักส่วนลด,แม่สี,งานสี,10.0,2780
แม่สี Matrix  M-270 (สีขาว) -- แกลลอนละ 4ลิตร,ทรัพย์สินไทย,3,3240,9720,,2564-01-27,,ราคาที่ระบุเป็นก่อนหักส่วนลด,แม่สี,งานสี,10.0,2781
แม่สี Matrix  M-270 (สีขาว) -- แกลลอนละ 4ลิตร,ทรัพย์สินไทย,3,3240,9720,,2564-02-15,,ราคาที่ระบุเป็นก่อนหักส่วนลด,แม่สี,งานสี,10.0,2782
แม่สี Matrix  M-270 (สีขาว) -- แกลลอนละ 4ลิตร,ทรัพย์สินไทย,12,3240,38880,,2564-02-23,,ราคาที่ระบุเป็นก่อนหักส่วนลด,แม่สี,งานสี,10.0,2783
แม่สี Matrix  M-270 (สีขาว) -- แกลลอนละ 4ลิตร,ทรัพย์สินไทย,12,3240,38880,,2564-03-24,,ราคาที่ระบุเป็นก่อนหักส่วนลด,แม่สี,งานสี,10.0,2784
แม่สี Matrix  M-270 (สีขาว) -- แกลลอนละ 4ลิตร,ทรัพย์สินไทย,3,3240,9720,,2564-04-26,,ราคาที่ระบุเป็นก่อนหักส่วนลด,แม่สี,งานสี,10.0,2785
แม่สี Matrix  M-270 (สีขาว) -- แกลลอนละ 4ลิตร,ทรัพย์สินไทย,3,3240,9720,,2564-05-21,,ราคาที่ระบุเป็นก่อนหักส่วนลด,แม่สี,งานสี,10.0,2786
แม่สี Matrix  M-270 (สีขาว) -- แกลลอนละ 4ลิตร,ทรัพย์สินไทย,9,3240,29160,,2564-06-18,,ราคาที่ระบุเป็นก่อนหักส่วนลด,แม่สี,งานสี,10.0,2787
แม่สี Matrix  M-270 (สีขาว) -- แกลลอนละ 4ลิตร,ทรัพย์สินไทย,3,3240,9720,,2564-06-22,,ราคาที่ระบุเป็นก่อนหักส่วนลด,แม่สี,งานสี,10.0,2788
แม่สี Matrix  M-270 (สีขาว) -- แกลลอนละ 4ลิตร,ทรัพย์สินไทย,9,3240,29160,,2564-07-26,,ราคาที่ระบุเป็นก่อนหักส่วนลด,แม่สี,งานสี,10.0,2789
แม่สี Matrix  M-270 (สีขาว) -- แกลลอนละ 4ลิตร,ทรัพย์สินไทย,6,3240,19440,,2564-08-24,,ราคาที่ระบุเป็นก่อนหักส่วนลด,แม่สี,งานสี,10.0,2790
แม่สี Matrix  M-270 (สีขาว) -- แกลลอนละ 4ลิตร,ทรัพย์สินไทย,2,3240,6480,,2564-08-26,,ราคาที่ระบุเป็นก่อนหักส่วนลด,แม่สี,งานสี,10.0,2791
แม่สี Matrix  M-270 (สีขาว) -- แกลลอนละ 4ลิตร,ทรัพย์สินไทย,4,3240,12960,,2564-08-26,,ราคาที่ระบุเป็นก่อนหักส่วนลด,แม่สี,งานสี,10.0,2792
แม่สี Matrix  M-270 (สีขาว) -- แกลลอนละ 4ลิตร,ทรัพย์สินไทย,6,3240,19440,,2564-07-12,,ราคาที่ระบุเป็นก่อนหักส่วนลด,แม่สี,งานสี,10.0,2793
แม่สี Matrix  M-270 (สีขาว) -- แกลลอนละ 4ลิตร,ทรัพย์สินไทย,6,3240,19440,,2564-09-22,IV6409285,ราคาที่ระบุเป็นก่อนหักส่วนลด,แม่สี,งานสี,10.0,2794
แม่สี Matrix  M-270 (สีขาว) -- แกลลอนละ 4ลิตร,ทรัพย์สินไทย,6,3240,19440,,2564-10-26,IV6410364,ราคาที่ระบุเป็นก่อนหักส่วนลด,แม่สี,งานสี,10.0,2795
แม่สี Matrix  M-270 (สีขาว) -- แกลลอนละ 4ลิตร,ทรัพย์สินไทย,5,3240,16200,,2564-11-11,IV6411168,ราคาที่ระบุเป็นก่อนหักส่วนลด,แม่สี,งานสี,10.0,2796
แม่สี Matrix  M-270 (สีขาว) -- แกลลอนละ 4ลิตร,ทรัพย์สินไทย,8,3240,25920,,2564-11-23,IV6411320,ราคาที่ระบุเป็นก่อนหักส่วนลด,แม่สี,งานสี,10.0,2797
แม่สี Matrix  M-270 (สีขาว) -- แกลลอนละ 4ลิตร,ทรัพย์สินไทย,14,3240,45360,,2564-12-22,IV6412302,ราคาที่ระบุเป็นก่อนหักส่วนลด,แม่สี,งานสี,10.0,2798
แม่สี Matrix  M-270 (สีขาว) -- แกลลอนละ 4ลิตร,ทรัพย์สินไทย,6,3240,19440,,2565-01-21,IV6501224,ราคาที่ระบุเป็นก่อนหักส่วนลด,แม่สี,งานสี,10.0,2799
แม่สี Matrix  M-270 (สีขาว) -- แกลลอนละ 4ลิตร,ทรัพย์สินไทย,6,3240,19440,,2565-02-22,IV6502259,ราคาที่ระบุเป็นก่อนหักส่วนลด,แม่สี,งานสี,10.0,2800
แม่สี Matrix  M-270 (สีขาว) -- แกลลอนละ 4ลิตร,ทรัพย์สินไทย,6,3240,19440,,2565-03-02,IV6503046,ราคาที่ระบุเป็นก่อนหักส่วนลด,แม่สี,งานสี,10.0,2801
แม่สี Matrix  M-270 (สีขาว) -- แกลลอนละ 4ลิตร,ทรัพย์สินไทย,3,3240,9720,,2565-03-18,IV6503253,ราคาที่ระบุเป็นก่อนหักส่วนลด,แม่สี,งานสี,10.0,2802
แม่สี Matrix  M-270 (สีขาว) -- แกลลอนละ 4ลิตร,ทรัพย์สินไทย,9,3240,29160,,2565-03-23,IV6503301,ราคาที่ระบุเป็นก่อนหักส่วนลด,แม่สี,งานสี,10.0,2803
แม่สี Matrix  M-270 (สีขาว) -- แกลลอนละ 4ลิตร,ทรัพย์สินไทย,11,3240,35640,,2565-04-27,IV6504236,ราคาที่ระบุเป็นก่อนหักส่วนลด,แม่สี,งานสี,10.0,2804
แม่สี Matrix  M-270 (สีขาว) -- แกลลอนละ 4ลิตร,ทรัพย์สินไทย,6,3240,19440,,2565-05-13,IV6505167,ราคาที่ระบุเป็นก่อนหักส่วนลด,แม่สี,งานสี,10.0,2805
แม่สี Matrix  M-270 (สีขาว) -- แกลลอนละ 4ลิตร,ทรัพย์สินไทย,6,3240,19440,,2565-05-25,IV6505291,ราคาที่ระบุเป็นก่อนหักส่วนลด,แม่สี,งานสี,10.0,2806
แม่สี Matrix  M-270 (สีขาว) -- แกลลอนละ 4ลิตร,ทรัพย์สินไทย,3,3240,9720,,2565-06-24,IV6506322,ราคาที่ระบุเป็นก่อนหักส่วนลด,แม่สี,งานสี,10.0,2807
แม่สี Matrix  M-270 (สีขาว) -- แกลลอนละ 4ลิตร,ทรัพย์สินไทย,9,3240,29160,,2565-06-27,IV6506337,ราคาที่ระบุเป็นก่อนหักส่วนลด,แม่สี,งานสี,10.0,2808
แม่สี ขาวเนื้อมาก  SC-270 (สีขาว) -- แกลลอนละ 4ลิตร,บจก. วีที คัลเลอร์ โปร,4,2600,10400,,2565-07-21,IV101-65,ราคาที่ระบุ ยังไม่รวม VAT7%,แม่สี,งานสี,,2809
แม่สี ขาวเนื้อมาก  SC-270 (สีขาว) -- แกลลอนละ 4ลิตร,บจก. วีที คัลเลอร์ โปร,6,2600,15600,,2565-08-02,IV116-65,ราคาที่ระบุ ยังไม่รวม VAT7%,แม่สี,งานสี,,2810
แม่สี ขาวเนื้อมาก  SC-270 (สีขาว) -- แกลลอนละ 4ลิตร,บจก. วีที คัลเลอร์ โปร,8,2600,20800,,2565-08-24,IV148-65,ราคาที่ระบุ ยังไม่รวม VAT7%,แม่สี,งานสี,,2811
แม่สี ขาวเนื้อมาก  SC-270 (สีขาว) -- แกลลอนละ 4ลิตร,บจก. วีที คัลเลอร์ โปร,8,2600,20800,,2565-09-20,IV184-65,ราคาที่ระบุ ยังไม่รวม VAT7%,แม่สี,งานสี,,2812
แม่สี ขาวเนื้อมาก  SC-270 (สีขาว) -- แกลลอนละ 4ลิตร,บจก. วีที คัลเลอร์ โปร,6,2600,15600,,2565-10-03,IV198-65,ราคาที่ระบุ ยังไม่รวม VAT7%,แม่สี,งานสี,,2813
แม่สี ขาวเนื้อมาก  SC-270 (สีขาว) -- แกลลอนละ 4ลิตร,บจก. วีที คัลเลอร์ โปร,3,2600,7800,,2565-10-15,IV214-65,ราคาที่ระบุ ยังไม่รวม VAT7%,แม่สี,งานสี,,2814
แม่สี ขาวเนื้อมาก  SC-270 (สีขาว) -- แกลลอนละ 4ลิตร,บจก. วีที คัลเลอร์ โปร,9,2600,23400,,2565-10-25,IV228-65,ราคาที่ระบุ ยังไม่รวม VAT7%,แม่สี,งานสี,,2815
แม่สี ขาวเนื้อมาก  SC-270 (สีขาว) -- แกลลอนละ 4ลิตร,บจก. วีที คัลเลอร์ โปร,4,2600,10400,,2565-11-11,IV259-65,ราคาที่ระบุ ยังไม่รวม VAT7%,แม่สี,งานสี,,2816
แม่สี ขาวเนื้อมาก  SC-270 (สีขาว) -- แกลลอนละ 4ลิตร,บจก. วีที คัลเลอร์ โปร,10,2600,26000,,2565-11-23,IV276-65,ราคาที่ระบุ ยังไม่รวม VAT7%,แม่สี,งานสี,,2817
แม่สี ขาวเนื้อมาก  SC-270 (สีขาว) -- แกลลอนละ 4ลิตร,บจก. วีที คัลเลอร์ โปร,10,2600,26000,,2565-12-19,IV318-65,ราคาที่ระบุ ยังไม่รวม VAT7%,แม่สี,งานสี,,2818
แม่สี ขาวเนื้อมาก  SC-270 (สีขาว) -- แกลลอนละ 4ลิตร,บจก. วีที คัลเลอร์ โปร,7,2600,18200,,2566-03-23,IV178-66,ราคาที่ระบุ ยังไม่รวม VAT7%,แม่สี,งานสี,,2819
แม่สี ขาวเนื้อมาก  SC-270 (สีขาว) -- แกลลอนละ 4ลิตร,บจก. วีที คัลเลอร์ โปร,12,2600,31200,,2566-01-20,IV041-66,ราคาที่ระบุ ยังไม่รวม VAT7%,แม่สี,งานสี,,2820
แม่สี ขาวเนื้อมาก  SC-270 (สีขาว) -- แกลลอนละ 4ลิตร,บจก. วีที คัลเลอร์ โปร,5,2600,13000,,2566-02-09,IV088-66,ราคาที่ระบุ ยังไม่รวม VAT7%,แม่สี,งานสี,,2821
แม่สี ขาวเนื้อมาก  SC-270 (สีขาว) -- แกลลอนละ 4ลิตร,บจก. วีที คัลเลอร์ โปร,10,2600,26000,,2566-02-22,IV113-66,ราคาที่ระบุ ยังไม่รวม VAT7%,แม่สี,งานสี,,2822
แม่สี ขาวเนื้อมาก  SC-270 (สีขาว) -- แกลลอนละ 4ลิตร,บจก. วีที คัลเลอร์ โปร,6,2600,15600,,2566-03-10,IV150-66,ราคาที่ระบุ ยังไม่รวม VAT7%,แม่สี,งานสี,,2823
แม่สี ขาวเนื้อมาก  SC-270 (สีขาว) -- แกลลอนละ 4ลิตร,บจก. วีที คัลเลอร์ โปร,6,2600,15600,,2566-03-20,IV168-66,ราคาที่ระบุ ยังไม่รวม VAT7%,แม่สี,งานสี,,2824
แม่สี ขาวเนื้อมาก  SC-270 (สีขาว) -- แกลลอนละ 4ลิตร,บจก. วีที คัลเลอร์ โปร,10,2600,26000,,2566-04-24,IV226-66,ราคาที่ระบุ ยังไม่รวม VAT7%,แม่สี,งานสี,,2825
แม่สี ขาวเนื้อมาก  SC-270 (สีขาว) -- แกลลอนละ 4ลิตร,บจก. วีที คัลเลอร์ โปร,5,2600,13000,,2566-06-13,IV329-66,ราคาที่ระบุ ยังไม่รวม VAT7%,แม่สี,งานสี,,2826
แม่สี ขาวเนื้อมาก  SC-270 (สีขาว) -- แกลลอนละ 4ลิตร,บจก. วีที คัลเลอร์ โปร,8,2600,20800,,2566-06-24,IV353-66,ราคาที่ระบุ ยังไม่รวม VAT7%,แม่สี,งานสี,,2827
แม่สี ขาวเนื้อมาก  Hybrid S270 (สีขาว) -- แกลลอนละ 4ลิตร,บจก. วีที คัลเลอร์ โปร,6,2600,15600,,2566-07-10,IV387-66,ราคาที่ระบุ ยังไม่รวม VAT7%,แม่สี,งานสี,,2828
แม่สี ขาวเนื้อมาก  Hybrid S270 (สีขาว) -- แกลลอนละ 4ลิตร,บจก. วีที คัลเลอร์ โปร,6,2600,15600,,2566-07-21,IV410-66,ราคาที่ระบุ ยังไม่รวม VAT7%,แม่สี,งานสี,,2829
แม่สี ขาวเนื้อมาก  Hybrid S270 (สีขาว) -- แกลลอนละ 4ลิตร,บจก. วีที คัลเลอร์ โปร,8,2600,20800,,2566-07-27,IV424-66,ราคาที่ระบุ ยังไม่รวม VAT7%,แม่สี,งานสี,,2830
แม่สี ขาวเนื้อมาก  Hybrid S270 (สีขาว) -- แกลลอนละ 4ลิตร,บจก. วีที คัลเลอร์ โปร,10,2600,26000,,2566-08-21,IV469-66,ราคาที่ระบุ ยังไม่รวม VAT7%,แม่สี,งานสี,,2831
แม่สี ขาวเนื้อมาก  Hybrid S270 (สีขาว) -- แกลลอนละ 4ลิตร,บจก. วีที คัลเลอร์ โปร,5,2600,13000,,2566-09-09,IV517-66,ราคาที่ระบุ ยังไม่รวม VAT7%,แม่สี,งานสี,,2832
แม่สี ขาวเนื้อมาก  Hybrid S270 (สีขาว) -- แกลลอนละ 4ลิตร,บจก. วีที คัลเลอร์ โปร,10,2600,26000,,2566-09-22,IV541-66,ราคาที่ระบุ ยังไม่รวม VAT7%,แม่สี,งานสี,,2833
แม่สี ขาวเนื้อมาก  Hybrid S270 (สีขาว) -- แกลลอนละ 4ลิตร,บจก. วีที คัลเลอร์ โปร,4,2600,10400,,2566-10-16,IV591-66,ราคาที่ระบุ ยังไม่รวม VAT7%,แม่สี,งานสี,,2834
แม่สี ขาวเนื้อมาก  Hybrid S270 (สีขาว) -- แกลลอนละ 4ลิตร,บจก. วีที คัลเลอร์ โปร,10,2600,26000,,2566-10-21,IV684-66,ราคาที่ระบุ ยังไม่รวม VAT7%,แม่สี,งานสี,,2835
แม่สี ขาวเนื้อมาก  Hybrid S270 (สีขาว) -- แกลลอนละ 4ลิตร,บจก. วีที คัลเลอร์ โปร,10,2600,26000,,2566-10-24,IV619-66,ราคาที่ระบุ ยังไม่รวม VAT7%,แม่สี,งานสี,,2836
แม่สี ขาวเนื้อมาก  Hybrid S270 (สีขาว) -- แกลลอนละ 4ลิตร,บจก. วีที คัลเลอร์ โปร,10,2600,26000,,2566-12-21,IV765-66,ราคาที่ระบุ ยังไม่รวม VAT7%,แม่สี,งานสี,,2837
แม่สี ขาวเนื้อมาก  Hybrid S270 (สีขาว) -- แกลลอนละ 4ลิตร,บจก. วีที คัลเลอร์ โปร,5,2600,13000,,2567-01-22,IV6701069,ราคาที่ระบุ ยังไม่รวม VAT7%,แม่สี,งานสี,,2838
แม่สี ขาวเนื้อมาก  Hybrid S270 (สีขาว) -- แกลลอนละ 4ลิตร,บจก. วีที คัลเลอร์ โปร,5,2600,13000,,2567-01-24,IV6701079,ราคาที่ระบุ ยังไม่รวม VAT7%,แม่สี,งานสี,,2839
แม่สี ขาวเนื้อมาก  Hybrid S270 (สีขาว) -- แกลลอนละ 4ลิตร,บจก. วีที คัลเลอร์ โปร,5,2600,13000,,2567-02-12,IV6702047,ราคาที่ระบุ ยังไม่รวม VAT7%,แม่สี,งานสี,,2840
แม่สี ขาวเนื้อมาก  Hybrid S270 (สีขาว) -- แกลลอนละ 4ลิตร,บจก. วีที คัลเลอร์ โปร,8,2600,20800,,2567-02-26,IV6702103,ราคาที่ระบุ ยังไม่รวม VAT7%,แม่สี,งานสี,,2841
แม่สี ขาวเนื้อมาก  Hybrid S270 (สีขาว) -- แกลลอนละ 4ลิตร,บจก. วีที คัลเลอร์ โปร,6,2600,15600,,2567-03-08,IV6703040,ราคาที่ระบุ ยังไม่รวม VAT7%,แม่สี,งานสี,,2842
แม่สี ขาวเนื้อมาก  Hybrid S270 (สีขาว) -- แกลลอนละ 4ลิตร,บจก. วีที คัลเลอร์ โปร,10,2600,26000,,2567-03-19,IV6703088,ราคาที่ระบุ ยังไม่รวม VAT7%,แม่สี,งานสี,,2843
แม่สี ขาวเนื้อมาก  Hybrid S270 (สีขาว) -- แกลลอนละ 4ลิตร,บจก. วีที คัลเลอร์ โปร,10,2600,26000,,2567-04-22,IV6704071,ราคาที่ระบุ ยังไม่รวม VAT7%,แม่สี,งานสี,,2844
แม่สี ขาวเนื้อมาก  Hybrid S270 (สีขาว) -- แกลลอนละ 4ลิตร,บจก. วีที คัลเลอร์ โปร,4,2600,10400,,2567-05-08,IV6705049,ราคาที่ระบุ ยังไม่รวม VAT7%,แม่สี,งานสี,,2845
แม่สี ขาวเนื้อมาก  Hybrid S270 (สีขาว) -- แกลลอนละ 4ลิตร,บจก. วีที คัลเลอร์ โปร,12,2600,31200,,2567-05-21,IV6705104,ราคาที่ระบุ ยังไม่รวม VAT7%,แม่สี,งานสี,,2846
แม่สี ขาวเนื้อมาก  Hybrid S270 (สีขาว) -- แกลลอนละ 4ลิตร,บจก. วีที คัลเลอร์ โปร,5,2600,13000,,2567-06-11,IV6706078,ราคาที่ระบุ ยังไม่รวม VAT7%,แม่สี,งานสี,,2847
แม่สี ขาวเนื้อมาก  Hybrid S270 (สีขาว) -- แกลลอนละ 4ลิตร,บจก. วีที คัลเลอร์ โปร,12,2600,31200,,2567-06-21,IV6706124,ราคาที่ระบุ ยังไม่รวม VAT7%,แม่สี,งานสี,,2848
แม่สี ขาวเนื้อมาก  Hybrid S270 (สีขาว) -- แกลลอนละ 4ลิตร,บจก. วีที คัลเลอร์ โปร,3,2600,7800,,2567-07-11,IV6707082,ราคาที่ระบุ ยังไม่รวม VAT7%,แม่สี,งานสี,,2849
แม่สี ขาวเนื้อมาก  Hybrid S270 (สีขาว) -- แกลลอนละ 4ลิตร,บจก. วีที คัลเลอร์ โปร,12,2600,31200,,2567-07-23,IV6707130,ราคาที่ระบุ ยังไม่รวม VAT7%,แม่สี,งานสี,,2850
แม่สี ขาวเนื้อมาก  Hybrid S270 (สีขาว) -- แกลลอนละ 4ลิตร,บจก. วีที คัลเลอร์ โปร,5,2600,13000,,2567-08-14,IV6708064,ราคาที่ระบุ ยังไม่รวม VAT7%,แม่สี,งานสี,,2851
แม่สี ขาวเนื้อมาก  Hybrid S270 (สีขาว) -- แกลลอนละ 4ลิตร,บจก. วีที คัลเลอร์ โปร,10,2600,26000,,2567-08-23,IV6708116,ราคาที่ระบุ ยังไม่รวม VAT7%,แม่สี,งานสี,,2852
แม่สี ขาวเนื้อมาก  Hybrid S270 (สีขาว) -- แกลลอนละ 4ลิตร,บจก. วีที คัลเลอร์ โปร,5,2600,13000,,2567-09-16,IV6709082,ราคาที่ระบุ ยังไม่รวม VAT7%,แม่สี,งานสี,,2853
แม่สี ขาวเนื้อมาก  Hybrid S270 (สีขาว) -- แกลลอนละ 4ลิตร,บจก. วีที คัลเลอร์ โปร,10,2600,26000,,2567-09-24,IV6709122,ราคาที่ระบุ ยังไม่รวม VAT7%,แม่สี,งานสี,,2854
แม่สี ขาวเนื้อมาก  Hybrid S270 (สีขาว) -- แกลลอนละ 4ลิตร,บจก. วีที คัลเลอร์ โปร,6,2600,15600,,2567-10-14,IV6710073,ราคาที่ระบุ ยังไม่รวม VAT7%,แม่สี,งานสี,,2855
แม่สี ขาวเนื้อมาก  Hybrid S270 (สีขาว) -- แกลลอนละ 4ลิตร,บจก. วีที คัลเลอร์ โปร,10,2600,26000,,2567-10-21,IV6710109,ราคาที่ระบุ ยังไม่รวม VAT7%,แม่สี,งานสี,,2856
แม่สี ขาวเนื้อมาก  Hybrid S270 (สีขาว) -- แกลลอนละ 4ลิตร,บจก. วีที คัลเลอร์ โปร,12,2600,31200,,2567-11-19,IV6711103,ราคาที่ระบุ ยังไม่รวม VAT7%,แม่สี,งานสี,,2857
แม่สี ขาวเนื้อมาก  Hybrid S270 (สีขาว) -- แกลลอนละ 4ลิตร,บจก. วีที คัลเลอร์ โปร,10,2600,26000,,2567-12-18,IV6712085,ราคาที่ระบุ ยังไม่รวม VAT7%,แม่สี,งานสี,,2858
แม่สี ขาวเนื้อมาก  Hybrid S270 (สีขาว) -- แกลลอนละ 4ลิตร,บจก. วีที คัลเลอร์ โปร,10,2782,27820,,2568-01-21,IV6801106,ราคารวม VAT แล้ว,แม่สี,งานสี,,2859
แม่สี ขาวเนื้อมาก  Hybrid S270 (สีขาว) -- แกลลอนละ 4ลิตร,บจก. วีที คัลเลอร์ โปร,5,2782,13910,,2568-02-18,IV6802112,ราคารวม VAT แล้ว,แม่สี,งานสี,,2860
แม่สี ขาวเนื้อมาก  Hybrid S270 (สีขาว) -- แกลลอนละ 4ลิตร,บจก. วีที คัลเลอร์ โปร,7,2782,19474,,2568-02-24,IV6802144,ราคารวม VAT แล้ว,แม่สี,งานสี,,2861
แม่สี ขาวเนื้อมาก  Hybrid S270 (สีขาว) -- แกลลอนละ 4ลิตร,บจก. วีที คัลเลอร์ โปร,12,2782,33384,,2568-03-26,IV6803171,ราคารวม VAT แล้ว,แม่สี,งานสี,,2862
แม่สี ขาวเนื้อมาก  Hybrid S270 (สีขาว) -- แกลลอนละ 4ลิตร,บจก. วีที คัลเลอร์ โปร,12,2600,33384,31200.0,2568-04-24,IV6804121,ราคารวม VAT แล้ว,แม่สี,งานสี,,2863
แม่สี ขาวเนื้อมาก  Hybrid S270 (สีขาว) -- แกลลอนละ 4ลิตร,บจก. วีที คัลเลอร์ โปร,12,2600,33384,31200.0,2568-05-21,IV6805147,ราคารวม VAT แล้ว,แม่สี,งานสี,,2864
แม่สี ขาวเนื้อมาก  Hybrid S270 (สีขาว) -- แกลลอนละ 4ลิตร,บจก. วีที คัลเลอร์ โปร,4,2600,11128,10400.0,2568-08-13,IV6808072,,แม่สี,งานสี,0.07,2865
แม่สี ขาวเนื้อมาก  Hybrid S270 (สีขาว) -- แกลลอนละ 4ลิตร,บจก. วีที คัลเลอร์ โปร,12,2600,33384,31200.0,2568-06-26,IV6806175,,แม่สี,งานสี,0.07,2866
แม่สี ขาวเนื้อมาก  Hybrid S270 (สีขาว) -- แกลลอนละ 4ลิตร,บจก. วีที คัลเลอร์ โปร,2,2600,5564,5200.0,2568-07-23,IV6807180,,แม่สี,งานสี,0.07,2867
แม่สี ขาวเนื้อมาก  Hybrid S270 (สีขาว) -- แกลลอนละ 4ลิตร,บจก. วีที คัลเลอร์ โปร,4,2600,11128,10400.0,2568-08-23,IV6808151,,แม่สี,งานสี,0.07,2868
แม่สี ขาวเนื้อมาก  Hybrid S270 (สีขาว) -- แกลลอนละ 4ลิตร,บจก. วีที คัลเลอร์ โปร,6,2600,16692,15600.0,2568-09-02,IV6809023,,แม่สี,งานสี,0.07,2869
แม่สี ขาวเนื้อมาก  Hybrid S270 (สีขาว) -- แกลลอนละ 4ลิตร,บจก. วีที คัลเลอร์ โปร,4,2600,11128,10400.0,2568-09-12,IV6809088,,แม่สี,งานสี,0.07,2870
แม่สี ขาวเนื้อมาก  Hybrid S270 (สีขาว) -- แกลลอนละ 4ลิตร,บจก. วีที คัลเลอร์ โปร,8,2600,22256,20800.0,2568-10-01,IV6810015,,แม่สี,งานสี,0.07,2871
แม่สี ขาวเนื้อมาก  Hybrid S270 (สีขาว) -- แกลลอนละ 4ลิตร,บจก. วีที คัลเลอร์ โปร,4,2600,11128,10400.0,2568-10-16,IV6810110,ราคาที่ลง ยังไม่รวมภาษี,แม่สี,งานสี,,2872
แม่สี ขาวเนื้อมาก  Hybrid S270 (สีขาว) -- แกลลอนละ 4ลิตร,บจก. วีที คัลเลอร์ โปร,8,2600,22256,20800.0,2568-11-03,IV6811023,ราคาที่ระบุ ยังไม่รวม VAT7%,แม่สี,งานสี,0.07,2873
แม่สี ขาวเนื้อมาก  Hybrid S270 (สีขาว) -- แกลลอนละ 4ลิตร,บจก. วีที คัลเลอร์ โปร,4,2600,11128,10400.0,2568-11-26,IV6811188,,แม่สี,งานสี,0.07,2874
แม่สี แดงเข้มอมทอง SC-283,บจก. วีที คัลเลอร์ โปร,1,750,750,,2566-03-23,IV178-66,ราคาที่ระบุ ยังไม่รวม VAT7%,แม่สี,งานสี,,2875
แม่สี แดงเข้มอมทอง SC-283,บจก. วีที คัลเลอร์ โปร,1,750,750,,2566-02-09,IV088-66,ราคาที่ระบุ ยังไม่รวม VAT7%,แม่สี,งานสี,,2876
แม่สี แดงเข้มอมทอง SC-283,บจก. วีที คัลเลอร์ โปร,1,750,750,,2566-06-13,IV329-66,ราคาที่ระบุ ยังไม่รวม VAT7%,แม่สี,งานสี,,2877
แม่สี แดงเข้มอมทอง SC-283,บจก. วีที คัลเลอร์ โปร,1,750,750,,2566-06-24,IV353-66,ราคาที่ระบุ ยังไม่รวม VAT7%,แม่สี,งานสี,,2878
แม่สี แดงเข้มอมทอง  Hybrid S283,บจก. วีที คัลเลอร์ โปร,1,750,750,,2566-09-22,IV541-66,ราคาที่ระบุ ยังไม่รวม VAT7%,แม่สี,งานสี,,2879
แม่สี แดงเข้มอมทอง  Hybrid S283,บจก. วีที คัลเลอร์ โปร,1,750,750,,2567-04-22,IV6704071,ราคาที่ระบุ ยังไม่รวม VAT7%,แม่สี,งานสี,,2880
แม่สี แดงเข้มอมทอง  Hybrid S283,บจก. วีที คัลเลอร์ โปร,1,750,750,,2567-08-14,IV6708064,ราคาที่ระบุ ยังไม่รวม VAT7%,แม่สี,งานสี,,2881
แม่สี แดงเข้มอมทอง  Hybrid S283,บจก. วีที คัลเลอร์ โปร,1,750,750,,2567-11-19,IV6711103,ราคาที่ระบุ ยังไม่รวม VAT7%,แม่สี,งานสี,,2882
แม่สี แดงเข้มอมทอง  Hybrid S283,บจก. วีที คัลเลอร์ โปร,1,802.5,802.5,,2568-02-24,IV6802144,ราคารวม VAT แล้ว,แม่สี,งานสี,,2883
แม่สี แดงเข้มอมทอง  Hybrid S283,บจก. วีที คัลเลอร์ โปร,2,802.5,1605,,2568-03-26,IV6803171,ราคารวม VAT แล้ว,แม่สี,งานสี,,2884
แม่สี แดงเข้มอมทอง  Hybrid S283,บจก. วีที คัลเลอร์ โปร,1,750,802.5,750.0,2568-08-13,IV6808072,ราคาที่ระบุ ยังไม่รวม VAT7%,แม่สี,งานสี,0.07,2885
แม่สี แดงเข้มอมทอง  Hybrid S283,บจก. วีที คัลเลอร์ โปร,2,750,1605,1500.0,2568-11-03,IV6811023,ราคาที่ระบุ ยังไม่รวม VAT7%,แม่สี,งานสี,0.07,2886
แม่สี แดงเข้มอมทอง  Hybrid S283,บจก. วีที คัลเลอร์ โปร,2,750,1605,1500.0,2568-11-26,IV6811188,,แม่สี,งานสี,0.07,2887
แม่สี บรอนซ์พิเศษ SC-291,บจก. วีที คัลเลอร์ โปร,1,750,750,,2565-09-20,IV184-65,ราคาที่ระบุ ยังไม่รวม VAT7%,แม่สี,งานสี,,2888
แม่สี บรอนซ์พิเศษ SC-291,บจก. วีที คัลเลอร์ โปร,2,750,1500,,2565-11-23,IV276-65,ราคาที่ระบุ ยังไม่รวม VAT7%,แม่สี,งานสี,,2889
แม่สี บรอนซ์พิเศษ SC-291,บจก. วีที คัลเลอร์ โปร,1,750,750,,2565-12-13,IV308-65,ราคาที่ระบุ ยังไม่รวม VAT7%,แม่สี,งานสี,,2890
แม่สี บรอนซ์พิเศษ SC-291,บจก. วีที คัลเลอร์ โปร,1,750,750,,2566-02-22,IV113-66,ราคาที่ระบุ ยังไม่รวม VAT7%,แม่สี,งานสี,,2891
แม่สี บรอนซ์พิเศษ SC-291,บจก. วีที คัลเลอร์ โปร,2,750,1500,,2566-03-23,IV178-66,ราคาที่ระบุ ยังไม่รวม VAT7%,แม่สี,งานสี,,2892
แม่สี บรอนซ์พิเศษ SC-291,บจก. วีที คัลเลอร์ โปร,2,750,1500,,2566-06-13,IV329-66,ราคาที่ระบุ ยังไม่รวม VAT7%,แม่สี,งานสี,,2893
แม่สี บรอนซ์พิเศษ SC-291,บจก. วีที คัลเลอร์ โปร,1,750,750,,2566-06-24,IV353-66,ราคาที่ระบุ ยังไม่รวม VAT7%,แม่สี,งานสี,,2894
แม่สี บรอนซ์พิเศษ Hybrid S291,บจก. วีที คัลเลอร์ โปร,2,750,1500,,2566-07-27,IV424-66,ราคาที่ระบุ ยังไม่รวม VAT7%,แม่สี,งานสี,,2895
แม่สี บรอนซ์พิเศษ Hybrid S291,บจก. วีที คัลเลอร์ โปร,2,750,1500,,2566-09-09,IV517-66,ราคาที่ระบุ ยังไม่รวม VAT7%,แม่สี,งานสี,,2896
แม่สี บรอนซ์พิเศษ Hybrid S291,บจก. วีที คัลเลอร์ โปร,2,750,1500,,2566-10-21,IV684-66,ราคาที่ระบุ ยังไม่รวม VAT7%,แม่สี,งานสี,,2897
แม่สี บรอนซ์พิเศษ Hybrid S291,บจก. วีที คัลเลอร์ โปร,2,750,1500,,2567-01-24,IV6701079,ราคาที่ระบุ ยังไม่รวม VAT7%,แม่สี,งานสี,,2898
แม่สี บรอนซ์พิเศษ Hybrid S291,บจก. วีที คัลเลอร์ โปร,2,750,1500,,2567-04-22,IV6704071,ราคาที่ระบุ ยังไม่รวม VAT7%,แม่สี,งานสี,,2899
แม่สี บรอนซ์พิเศษ Hybrid S291,บจก. วีที คัลเลอร์ โปร,1,750,750,,2567-05-21,IV6705104,ราคาที่ระบุ ยังไม่รวม VAT7%,แม่สี,งานสี,,2900
แม่สี บรอนซ์พิเศษ Hybrid S291,บจก. วีที คัลเลอร์ โปร,1,750,750,,2567-06-24,IV6706130,ราคาที่ระบุ ยังไม่รวม VAT7%,แม่สี,งานสี,,2901
แม่สี บรอนซ์พิเศษ Hybrid S291,บจก. วีที คัลเลอร์ โปร,2,750,1500,,2567-07-23,IV6707130,ราคาที่ระบุ ยังไม่รวม VAT7%,แม่สี,งานสี,,2902
แม่สี บรอนซ์พิเศษ Hybrid S291,บจก. วีที คัลเลอร์ โปร,1,750,750,,2567-08-23,IV6708116,ราคาที่ระบุ ยังไม่รวม VAT7%,แม่สี,งานสี,,2903
แม่สี บรอนซ์พิเศษ Hybrid S291,บจก. วีที คัลเลอร์ โปร,2,750,1500,,2567-09-24,IV6709122,ราคาที่ระบุ ยังไม่รวม VAT7%,แม่สี,งานสี,,2904
แม่สี บรอนซ์พิเศษ Hybrid S291,บจก. วีที คัลเลอร์ โปร,2,750,1500,,2567-11-19,IV6711103,ราคาที่ระบุ ยังไม่รวม VAT7%,แม่สี,งานสี,,2905
แม่สี บรอนซ์พิเศษ Hybrid S291,บจก. วีที คัลเลอร์ โปร,1,802.5,802.5,,2568-01-21,IV6801106,ราคารวม VAT แล้ว,แม่สี,งานสี,,2906
แม่สี บรอนซ์พิเศษ Hybrid S291,บจก. วีที คัลเลอร์ โปร,2,802.5,1605,,2568-02-24,IV6802144,ราคารวม VAT แล้ว,แม่สี,งานสี,,2907
แม่สี บรอนซ์พิเศษ Hybrid S291,บจก. วีที คัลเลอร์ โปร,1,802.5,802.5,,2568-03-26,IV6803171,ราคารวม VAT แล้ว,แม่สี,งานสี,,2908
แม่สี บรอนซ์พิเศษ Hybrid S291,บจก. วีที คัลเลอร์ โปร,2,750,1605,1500.0,2568-06-26,IV6806175,,แม่สี,งานสี,0.07,2909
แม่สี บรอนซ์พิเศษ Hybrid S291,บจก. วีที คัลเลอร์ โปร,2,750,1605,1500.0,2568-07-21,IV6807158,,แม่สี,งานสี,0.07,2910
แม่สี บรอนซ์พิเศษ Hybrid S291,บจก. วีที คัลเลอร์ โปร,6,750,4815,4500.0,2568-07-24,IV6807194,,แม่สี,งานสี,0.07,2911
แม่สี บรอนซ์พิเศษ Hybrid S291,บจก. วีที คัลเลอร์ โปร,4,750,3210,3000.0,2568-10-01,IV6810015,,แม่สี,งานสี,0.07,2912
แม่สี บรอนซ์พิเศษ Hybrid S291,บจก. วีที คัลเลอร์ โปร,4,750,3210,3000.0,2568-11-03,IV6811023,ราคาที่ระบุ ยังไม่รวม VAT7%,แม่สี,งานสี,0.07,2913
แม่สี บรอนซ์พิเศษ Hybrid S291,บจก. วีที คัลเลอร์ โปร,2,750,1605,1500.0,2568-11-26,IV6811188,,แม่สี,งานสี,0.07,2914
แม่สี บรอนซ์พิเศษ Hybrid S292,บจก. วีที คัลเลอร์ โปร,2,750,1500,,2566-10-21,IV684-66,ราคาที่ระบุ ยังไม่รวม VAT7%,แม่สี,งานสี,,2915
แม่สี บรอนซ์พิเศษ Hybrid S292,บจก. วีที คัลเลอร์ โปร,3,750,2250,,2567-02-12,IV6702047,ราคาที่ระบุ ยังไม่รวม VAT7%,แม่สี,งานสี,,2916
แม่สี บรอนซ์พิเศษ Hybrid S292,บจก. วีที คัลเลอร์ โปร,1,750,750,,2567-05-21,IV6705104,ราคาที่ระบุ ยังไม่รวม VAT7%,แม่สี,งานสี,,2917
แม่สี บรอนซ์พิเศษ Hybrid S292,บจก. วีที คัลเลอร์ โปร,1,750,750,,2567-06-24,IV6706130,ราคาที่ระบุ ยังไม่รวม VAT7%,แม่สี,งานสี,,2918
แม่สี บรอนซ์พิเศษ Hybrid S292,บจก. วีที คัลเลอร์ โปร,2,750,1500,,2567-08-14,IV6708064,ราคาที่ระบุ ยังไม่รวม VAT7%,แม่สี,งานสี,,2919
แม่สี บรอนซ์พิเศษ Hybrid S292,บจก. วีที คัลเลอร์ โปร,1,750,750,,2567-09-24,IV6709122,ราคาที่ระบุ ยังไม่รวม VAT7%,แม่สี,งานสี,,2920
แม่สี บรอนซ์พิเศษ Hybrid S292,บจก. วีที คัลเลอร์ โปร,1,750,750,,2567-11-19,IV6711103,ราคาที่ระบุ ยังไม่รวม VAT7%,แม่สี,งานสี,,2921
แม่สี บรอนซ์พิเศษ Hybrid S292,บจก. วีที คัลเลอร์ โปร,1,802.5,802.5,,2568-01-21,IV6801106,ราคารวม VAT แล้ว,แม่สี,งานสี,,2922
แม่สี บรอนซ์พิเศษ Hybrid S292,บจก. วีที คัลเลอร์ โปร,3,750,2407.5,2250.0,2568-06-13,IV6806091,,แม่สี,งานสี,0.07,2923
แม่สี บรอนซ์พิเศษ Hybrid S292,บจก. วีที คัลเลอร์ โปร,2,750,1605,1500.0,2568-12-08,IV6812065,,แม่สี,งานสี,0.07,2924
แม่สี Matrix  M-282,ทรัพย์สินไทย,1,850,850,,2563-04-23,,ราคาที่ระบุเป็นก่อนหักส่วนลด,แม่สี,งานสี,10.0,2925
แม่สี Matrix  M-282,ทรัพย์สินไทย,1,850,850,,2565-02-22,IV6502259,ราคาที่ระบุเป็นก่อนหักส่วนลด,แม่สี,งานสี,10.0,2926
แม่สี Matrix  M-283,ทรัพย์สินไทย,1,850,850,,2562-05-24,,ราคาที่ระบุเป็นก่อนหักส่วนลด,แม่สี,งานสี,10.0,2927
แม่สี Matrix  M-283,ทรัพย์สินไทย,1,850,850,,2562-09-24,,ราคาที่ระบุเป็นก่อนหักส่วนลด,แม่สี,งานสี,10.0,2928
แม่สี Matrix  M-283,ทรัพย์สินไทย,1,850,850,,2562-10-01,,ราคาที่ระบุเป็นก่อนหักส่วนลด,แม่สี,งานสี,10.0,2929
แม่สี Matrix  M-283,ทรัพย์สินไทย,1,850,850,,2563-04-23,,ราคาที่ระบุเป็นก่อนหักส่วนลด,แม่สี,งานสี,10.0,2930
แม่สี Matrix  M-283,ทรัพย์สินไทย,2,850,1700,,2563-08-24,,ราคาที่ระบุเป็นก่อนหักส่วนลด,แม่สี,งานสี,10.0,2931
แม่สี Matrix  M-283,ทรัพย์สินไทย,1,850,850,,2562-08-26,,ราคาที่ระบุเป็นก่อนหักส่วนลด,แม่สี,งานสี,10.0,2932
แม่สี Matrix  M-283,ทรัพย์สินไทย,2,850,1700,,2563-12-21,,ราคาที่ระบุเป็นก่อนหักส่วนลด,แม่สี,งานสี,10.0,2933
แม่สี Matrix  M-283,ทรัพย์สินไทย,2,850,1700,,2565-01-21,IV6501225,ราคาที่ระบุเป็นก่อนหักส่วนลด,แม่สี,งานสี,10.0,2934
แม่สี Matrix  M-283,ทรัพย์สินไทย,1,850,850,,2565-02-22,IV6502259,ราคาที่ระบุเป็นก่อนหักส่วนลด,แม่สี,งานสี,10.0,2935
แม่สี Matrix  M-285,ทรัพย์สินไทย,1,850,850,,2561-05-28,,ราคาที่ระบุเป็นก่อนหักส่วนลด,แม่สี,งานสี,10.0,2936
แม่สี Matrix  M-285,ทรัพย์สินไทย,2,850,1700,,2562-06-07,,ราคาที่ระบุเป็นก่อนหักส่วนลด,แม่สี,งานสี,10.0,2937
แม่สี Matrix  M-285,ทรัพย์สินไทย,1,850,850,,2562-09-24,,ราคาที่ระบุเป็นก่อนหักส่วนลด,แม่สี,งานสี,10.0,2938
แม่สี Matrix  M-285,ทรัพย์สินไทย,2,850,1700,,2563-01-27,,ราคาที่ระบุเป็นก่อนหักส่วนลด,แม่สี,งานสี,10.0,2939
แม่สี Matrix  M-285,ทรัพย์สินไทย,1,850,850,,2564-02-23,,ราคาที่ระบุเป็นก่อนหักส่วนลด,แม่สี,งานสี,10.0,2940
แม่สี Matrix  M-285,ทรัพย์สินไทย,1,850,850,,2564-08-24,,ราคาที่ระบุเป็นก่อนหักส่วนลด,แม่สี,งานสี,10.0,2941
แม่สี Matrix  M-285,ทรัพย์สินไทย,1,850,850,,2565-03-23,IV6503301,ราคาที่ระบุเป็นก่อนหักส่วนลด,แม่สี,งานสี,10.0,2942
แม่สี Matrix  M-291,ทรัพย์สินไทย,2,850,1700,,2563-03-11,,ราคาที่ระบุเป็นก่อนหักส่วนลด,แม่สี,งานสี,10.0,2943
แม่สี Matrix  M-291,ทรัพย์สินไทย,2,850,1700,,2563-03-24,,ราคาที่ระบุเป็นก่อนหักส่วนลด,แม่สี,งานสี,10.0,2944
แม่สี Matrix  M-291,ทรัพย์สินไทย,2,850,1700,,2563-08-24,,ราคาที่ระบุเป็นก่อนหักส่วนลด,แม่สี,งานสี,10.0,2945
แม่สี Matrix  M-291,ทรัพย์สินไทย,2,850,1700,,2563-11-25,,ราคาที่ระบุเป็นก่อนหักส่วนลด,แม่สี,งานสี,10.0,2946
แม่สี Matrix  M-291,ทรัพย์สินไทย,2,850,1700,,2563-12-21,,ราคาที่ระบุเป็นก่อนหักส่วนลด,แม่สี,งานสี,10.0,2947
แม่สี Matrix  M-291,ทรัพย์สินไทย,2,850,1700,,2564-01-22,,ราคาที่ระบุเป็นก่อนหักส่วนลด,แม่สี,งานสี,10.0,2948
แม่สี Matrix  M-291,ทรัพย์สินไทย,3,850,2550,,2564-07-12,,ราคาที่ระบุเป็นก่อนหักส่วนลด,แม่สี,งานสี,10.0,2949
แม่สี Matrix  M-291,ทรัพย์สินไทย,2,850,1700,,2564-09-22,IV6409285,ราคาที่ระบุเป็นก่อนหักส่วนลด,แม่สี,งานสี,10.0,2950
แม่สี Matrix  M-291,ทรัพย์สินไทย,3,850,2550,,2564-11-23,IV6411320,ราคาที่ระบุเป็นก่อนหักส่วนลด,แม่สี,งานสี,10.0,2951
แม่สี Matrix  M-291,ทรัพย์สินไทย,2,850,1700,,2565-01-21,IV6501225,ราคาที่ระบุเป็นก่อนหักส่วนลด,แม่สี,งานสี,10.0,2952
แม่สี Matrix  M-291,ทรัพย์สินไทย,2,850,1700,,2565-03-18,IV6503253,ราคาที่ระบุเป็นก่อนหักส่วนลด,แม่สี,งานสี,10.0,2953
แม่สี Matrix  M-291,ทรัพย์สินไทย,2,850,1700,,2565-03-23,IV6503301,ราคาที่ระบุเป็นก่อนหักส่วนลด,แม่สี,งานสี,10.0,2954
แม่สี Matrix  M-291,ทรัพย์สินไทย,2,850,1700,,2565-03-28,IV6503340,ราคาที่ระบุเป็นก่อนหักส่วนลด,แม่สี,งานสี,10.0,2955
แม่สี Matrix  M-291,ทรัพย์สินไทย,2,850,1700,,2565-05-25,IV6505290,ราคาที่ระบุเป็นก่อนหักส่วนลด,แม่สี,งานสี,10.0,2956
แม่สีบรอนซ์พิเศษ SC291,บจก. วีที คัลเลอร์ โปร,1,750,750,,2565-09-07,IV167-65,ราคายังไม่รวม VAT,แม่สี,งานสี,,2957
แม่สี Matrix  M-292,ทรัพย์สินไทย,2,850,1700,,2561-05-28,,ราคาที่ระบุเป็นก่อนหักส่วนลด,แม่สี,งานสี,10.0,2958
แม่สี Matrix  M-292,ทรัพย์สินไทย,1,850,850,,2562-09-27,,ราคาที่ระบุเป็นก่อนหักส่วนลด,แม่สี,งานสี,10.0,2959
แม่สี Matrix  M-292,ทรัพย์สินไทย,1,850,850,,2562-08-26,,ราคาที่ระบุเป็นก่อนหักส่วนลด,แม่สี,งานสี,10.0,2960
แม่สี Matrix  M-292,ทรัพย์สินไทย,2,850,1700,,2563-04-23,,ราคาที่ระบุเป็นก่อนหักส่วนลด,แม่สี,งานสี,10.0,2961
แม่สี Matrix  M-292,ทรัพย์สินไทย,2,850,1700,,2563-07-29,,ราคาที่ระบุเป็นก่อนหักส่วนลด,แม่สี,งานสี,10.0,2962
แม่สี Matrix  M-292,ทรัพย์สินไทย,1,850,850,,2563-12-10,,ราคาที่ระบุเป็นก่อนหักส่วนลด,แม่สี,งานสี,10.0,2963
แม่สี Matrix  M-292,ทรัพย์สินไทย,1,850,850,,2564-01-22,,ราคาที่ระบุเป็นก่อนหักส่วนลด,แม่สี,งานสี,10.0,2964
แม่สี Matrix  M-292,ทรัพย์สินไทย,2,850,1700,,2564-06-18,,ราคาที่ระบุเป็นก่อนหักส่วนลด,แม่สี,งานสี,10.0,2965
แม่สี Matrix  M-292,ทรัพย์สินไทย,2,850,1700,,2564-09-22,IV6409285,ราคาที่ระบุเป็นก่อนหักส่วนลด,แม่สี,งานสี,10.0,2966
แม่สี Matrix  M-292,ทรัพย์สินไทย,2,850,1700,,2564-12-22,IV6412302,ราคาที่ระบุเป็นก่อนหักส่วนลด,แม่สี,งานสี,10.0,2967
แม่สี Matrix  M-292,ทรัพย์สินไทย,2,850,1700,,2565-05-25,IV6505291,ราคาที่ระบุเป็นก่อนหักส่วนลด,แม่สี,งานสี,10.0,2968
แม่สี บรอนซ์พิเศษ SC-292,วีที คัลเลอร์ โปร,1,750,750,,2565-12-22,IV328-05,ราคาที่ระบุเป็นก่อนหักส่วนลด,แม่สี,งานสี,,2969
แม่สี บรอนซ์พิเศษ SC-292,วีที คัลเลอร์ โปร,1,750,750,,2566-02-22,IV113-66,ราคาที่ระบุเป็นก่อนหักส่วนลด,แม่สี,งานสี,,2970
แม่สี Matrix  M-295,ทรัพย์สินไทย,1,2800,2800,,2563-09-23,,ราคาที่ระบุเป็นก่อนหักส่วนลด,แม่สี,งานสี,10.0,2971
แม่สี Matrix  M-295,ทรัพย์สินไทย,2,2800,5600,,2563-11-25,,ราคาที่ระบุเป็นก่อนหักส่วนลด,แม่สี,งานสี,10.0,2972
แม่สี Matrix  M-295,ทรัพย์สินไทย,1,2800,2800,,2564-04-26,,ราคาที่ระบุเป็นก่อนหักส่วนลด,แม่สี,งานสี,10.0,2973
แม่สี Matrix  M-295,ทรัพย์สินไทย,1,2800,2800,,2565-05-25,IV6505291,ราคาที่ระบุเป็นก่อนหักส่วนลด,แม่สี,งานสี,10.0,2974
แม่สี ซันไลท์ Hybrid S295,บจก. วีที คัลเลอร์ โปร,1,2600,2600,,2566-09-09,IV517-66,ราคาที่ระบุ ยังไม่รวม VAT7%,แม่สี,งานสี,,2975
แม่สี ซันไลท์ Hybrid S295,บจก. วีที คัลเลอร์ โปร,2,2600,5200,,2566-10-21,IV684-66,ราคาที่ระบุ ยังไม่รวม VAT7%,แม่สี,งานสี,,2976
แม่สี ซันไลท์ Hybrid S295,บจก. วีที คัลเลอร์ โปร,1,2600,2782,2600.0,2568-09-12,IV6809088,,แม่สี,งานสี,0.07,2977
แม่สี ซันไลท์ Hybrid S295,บจก. วีที คัลเลอร์ โปร,1,2600,2782,2600.0,2568-12-22,IV6812142,,แม่สี,งานสี,0.07,2978
แม่สี ดำสนิทมาก Hybrid S297,บจก. วีที คัลเลอร์ โปร,2,800,1712,1600.0,2568-08-13,IV6808072,,แม่สี,งานสี,0.07,2979
แม่สี ดำสนิทมาก Hybrid S297,บจก. วีที คัลเลอร์ โปร,4,800,3424,3200.0,2568-08-23,IV6808151,,แม่สี,งานสี,0.07,2980
แม่สี ดำสนิทมาก Hybrid S297,บจก. วีที คัลเลอร์ โปร,4,800,3424,3200.0,2568-11-03,IV6811023,ราคาที่ระบุ ยังไม่รวม VAT7%,แม่สี,งานสี,0.07,2981
แม่สี ดำสนิทมาก Hybrid S297,บจก. วีที คัลเลอร์ โปร,2,800,1712,1600.0,2568-11-26,IV6811188,,แม่สี,งานสี,0.07,2982
แม่สี Matrix  2K-05,ทรัพย์สินไทย,2,850,1700,,2563-11-25,,ราคาที่ระบุเป็นก่อนหักส่วนลด,แม่สี,งานสี,10.0,2983
แม่สี Matrix  2K-05,ทรัพย์สินไทย,1,850,850,,2565-05-25,IV6505290,ราคาที่ระบุเป็นก่อนหักส่วนลด,แม่สี,งานสี,10.0,2984
Tint Matrix RU MC-9004,ทรัพย์สินไทย,3,2950,8850,,2563-06-01,,ราคาที่ระบุเป็นก่อนหักส่วนลด,แม่สี,งานสี,10.0,2985
Tint Matrix RU MC-9004,ทรัพย์สินไทย,2,2950,5900,,2562-06-24,,ราคาที่ระบุเป็นก่อนหักส่วนลด,แม่สี,งานสี,10.0,2986
Tint Matrix RU MC-9004,ทรัพย์สินไทย,3,2950,8850,,2562-07-24,,ราคาที่ระบุเป็นก่อนหักส่วนลด,แม่สี,งานสี,10.0,2987
Tint Matrix RU MC-9004,ทรัพย์สินไทย,2,2950,5900,,2563-09-23,,ราคาที่ระบุเป็นก่อนหักส่วนลด,แม่สี,งานสี,10.0,2988
Tint Matrix RU MC-9004,ทรัพย์สินไทย,2,2950,5900,,2562-09-27,,ราคาที่ระบุเป็นก่อนหักส่วนลด,แม่สี,งานสี,10.0,2989
Tint Matrix RU MC-9004,ทรัพย์สินไทย,2,2950,5900,,2563-10-21,,ราคาที่ระบุเป็นก่อนหักส่วนลด,แม่สี,งานสี,10.0,2990
Tint Matrix RU MC-9004,ทรัพย์สินไทย,2,2950,5900,,2563-12-21,,ราคาที่ระบุเป็นก่อนหักส่วนลด,แม่สี,งานสี,10.0,2991
Tint Matrix RU MC-9004,ทรัพย์สินไทย,2,2950,5900,,2564-01-22,,ราคาที่ระบุเป็นก่อนหักส่วนลด,แม่สี,งานสี,10.0,2992
Tint Matrix RU MC-9004,ทรัพย์สินไทย,2,2950,5900,,2564-03-24,,ราคาที่ระบุเป็นก่อนหักส่วนลด,แม่สี,งานสี,10.0,2993
Tint Matrix RU MC-9004,ทรัพย์สินไทย,2,2950,5900,,2564-07-26,,ราคาที่ระบุเป็นก่อนหักส่วนลด,แม่สี,งานสี,10.0,2994
Tint Matrix RU MC-9004,ทรัพย์สินไทย,3,2950,8850,,2564-09-22,IV6409285,ราคาที่ระบุเป็นก่อนหักส่วนลด,แม่สี,งานสี,10.0,2995
Tint Matrix RU MC-9004,ทรัพย์สินไทย,2,2950,5900,,2564-11-23,IV6411320,ราคาที่ระบุเป็นก่อนหักส่วนลด,แม่สี,งานสี,10.0,2996
Tint Matrix RU MC-9004,ทรัพย์สินไทย,2,2950,5900,,2565-01-21,IV6501225,ราคาที่ระบุเป็นก่อนหักส่วนลด,แม่สี,งานสี,10.0,2997
Tint Matrix RU MC-9004,ทรัพย์สินไทย,2,2950,5900,,2565-06-27,IV6506337,ราคาที่ระบุเป็นก่อนหักส่วนลด,แม่สี,งานสี,10.0,2998
แม่สี ดำเข้มสนิทมาก SC-9004,บจก. วีที คัลเลอร์ โปร,2,2750,5500,,2565-08-05,IV124-65,ราคาที่ระบุ ยังไม่รวมVAT7%,แม่สี,งานสี,,2999
แม่สี ดำเข้มสนิทมาก SC-9004,บจก. วีที คัลเลอร์ โปร,2,2600,5200,,2565-10-25,IV228-65,ราคาที่ระบุ ยังไม่รวมVAT7%,แม่สี,งานสี,,3000
แม่สี ดำเข้มสนิทมาก SC-9004,บจก. วีที คัลเลอร์ โปร,1,2600,2600,,2565-11-11,IV259-65,ราคาที่ระบุ ยังไม่รวมVAT7%,แม่สี,งานสี,,3001
แม่สี ดำเข้มสนิทมาก SC-9004,บจก. วีที คัลเลอร์ โปร,2,2600,5200,,2565-11-23,IV276-65,ราคาที่ระบุ ยังไม่รวมVAT7%,แม่สี,งานสี,,3002
แม่สี ดำเข้มสนิทมาก SC-9004,บจก. วีที คัลเลอร์ โปร,2,2600,5200,,2565-12-19,IV318-65,ราคาที่ระบุ ยังไม่รวมVAT7%,แม่สี,งานสี,,3003
แม่สี ดำเข้มสนิทมาก SC-9004,บจก. วีที คัลเลอร์ โปร,2,2600,5200,,2566-02-22,IV113-66,ราคาที่ระบุ ยังไม่รวมVAT7%,แม่สี,งานสี,,3004
แม่สี ดำเข้มสนิทมาก SC-9004,บจก. วีที คัลเลอร์ โปร,1,2600,2600,,2566-03-02,IV130-66,ราคาที่ระบุ ยังไม่รวมVAT7%,แม่สี,งานสี,,3005
แม่สี ดำเข้มสนิทมาก SC-9004,บจก. วีที คัลเลอร์ โปร,1,2600,2600,,2566-03-20,IV168-66,ราคาที่ระบุ ยังไม่รวมVAT7%,แม่สี,งานสี,,3006
แม่สี ดำเข้มสนิทมาก SC-9004,บจก. วีที คัลเลอร์ โปร,2,2600,5200,,2566-03-23,IV178-66,ราคาที่ระบุ ยังไม่รวมVAT7%,แม่สี,งานสี,,3007
แม่สี ดำเข้มสนิทมาก SC-9004,บจก. วีที คัลเลอร์ โปร,2,2600,5200,,2566-06-24,IV353-66,ราคาที่ระบุ ยังไม่รวมVAT7%,แม่สี,งานสี,,3008
แม่สี ดำเข้มสนิทมาก Hybrid S9004,บจก. วีที คัลเลอร์ โปร,1,2600,2600,,2566-07-21,IV410-66,ราคาที่ระบุ ยังไม่รวมVAT7%,แม่สี,งานสี,,3009
แม่สี ดำเข้มสนิทมาก Hybrid S9004,บจก. วีที คัลเลอร์ โปร,2,2600,5200,,2566-07-27,IV424-66,ราคาที่ระบุ ยังไม่รวมVAT7%,แม่สี,งานสี,,3010
แม่สี ดำเข้มสนิทมาก Hybrid S9004,บจก. วีที คัลเลอร์ โปร,2,2600,5200,,2566-09-22,IV541-66,ราคาที่ระบุ ยังไม่รวมVAT7%,แม่สี,งานสี,,3011
แม่สี ดำเข้มสนิทมาก Hybrid S9004,บจก. วีที คัลเลอร์ โปร,3,2600,7800,,2566-10-21,IV684-66,ราคาที่ระบุ ยังไม่รวมVAT7%,แม่สี,งานสี,,3012
แม่สี ดำเข้มสนิทมาก Hybrid S9004,บจก. วีที คัลเลอร์ โปร,2,2600,5200,,2566-10-24,IV619-66,ราคาที่ระบุ ยังไม่รวมVAT7%,แม่สี,งานสี,,3013
แม่สี ดำเข้มสนิทมาก Hybrid S9004,บจก. วีที คัลเลอร์ โปร,3,2600,7800,,2566-12-21,IV765-66,ราคาที่ระบุ ยังไม่รวมVAT7%,แม่สี,งานสี,,3014
แม่สี ดำเข้มสนิทมาก Hybrid S9004,บจก. วีที คัลเลอร์ โปร,2,2600,5200,,2567-01-24,IV6701079,ราคาที่ระบุ ยังไม่รวมVAT7%,แม่สี,งานสี,,3015
แม่สี ดำเข้มสนิทมาก Hybrid S9004,บจก. วีที คัลเลอร์ โปร,2,2600,5200,,2567-02-12,IV6702047,ราคาที่ระบุ ยังไม่รวมVAT7%,แม่สี,งานสี,,3016
แม่สี ดำเข้มสนิทมาก Hybrid S9004,บจก. วีที คัลเลอร์ โปร,2,2600,5200,,2567-02-26,IV6702103,ราคาที่ระบุ ยังไม่รวมVAT7%,แม่สี,งานสี,,3017
แม่สี ดำเข้มสนิทมาก Hybrid S9004,บจก. วีที คัลเลอร์ โปร,3,2600,7800,,2567-04-22,IV6704071,ราคาที่ระบุ ยังไม่รวมVAT7%,แม่สี,งานสี,,3018
แม่สี ดำเข้มสนิทมาก Hybrid S9004,บจก. วีที คัลเลอร์ โปร,2,2600,5200,,2567-05-21,IV6705104,ราคาที่ระบุ ยังไม่รวมVAT7%,แม่สี,งานสี,,3019
แม่สี ดำเข้มสนิทมาก Hybrid S9004,บจก. วีที คัลเลอร์ โปร,2,2600,5200,,2567-03-19,IV6703088,ราคาที่ระบุ ยังไม่รวมVAT7%,แม่สี,งานสี,,3020
แม่สี ดำเข้มสนิทมาก Hybrid S9004,บจก. วีที คัลเลอร์ โปร,3,2600,7800,,2567-06-21,IV6706124,ราคาที่ระบุ ยังไม่รวมVAT7%,แม่สี,งานสี,,3021
แม่สี ดำเข้มสนิทมาก Hybrid S9004,บจก. วีที คัลเลอร์ โปร,3,2600,7800,,2567-07-23,IV6707130,ราคาที่ระบุ ยังไม่รวมVAT7%,แม่สี,งานสี,,3022
แม่สี ดำเข้มสนิทมาก Hybrid S9004,บจก. วีที คัลเลอร์ โปร,3,2600,7800,,2567-08-23,IV6708116,ราคาที่ระบุ ยังไม่รวมVAT7%,แม่สี,งานสี,,3023
แม่สี ดำเข้มสนิทมาก Hybrid S9004,บจก. วีที คัลเลอร์ โปร,3,2600,7800,,2567-09-24,IV6709122,ราคาที่ระบุ ยังไม่รวมVAT7%,แม่สี,งานสี,,3024
แม่สี ดำเข้มสนิทมาก Hybrid S9004,บจก. วีที คัลเลอร์ โปร,1,2600,2600,,2567-10-14,IV6710073,ราคาที่ระบุ ยังไม่รวมVAT7%,แม่สี,งานสี,,3025
แม่สี ดำเข้มสนิทมาก Hybrid S9004,บจก. วีที คัลเลอร์ โปร,3,2600,7800,,2567-10-21,IV6710109,ราคาที่ระบุ ยังไม่รวมVAT7%,แม่สี,งานสี,,3026
แม่สี ดำเข้มสนิทมาก Hybrid S9004,บจก. วีที คัลเลอร์ โปร,3,2600,7800,,2567-11-19,IV6711103,ราคาที่ระบุ ยังไม่รวมVAT7%,แม่สี,งานสี,,3027
แม่สี ดำเข้มสนิทมาก Hybrid S9004,บจก. วีที คัลเลอร์ โปร,2,2782,5564,,2568-01-21,IV6801106,ราคารวม VAT แล้ว,แม่สี,งานสี,,3028
แม่สี ดำเข้มสนิทมาก Hybrid S9004,บจก. วีที คัลเลอร์ โปร,4,2782,11128,,2568-02-18,IV6802112,ราคารวม VAT แล้ว,แม่สี,งานสี,,3029
แม่สี ดำเข้มสนิทมาก Hybrid S9004,บจก. วีที คัลเลอร์ โปร,6,2782,16692,,2568-03-26,IV6803171,ราคารวม VAT แล้ว,แม่สี,งานสี,,3030
แม่สี ดำเข้มสนิทมาก Hybrid S9004,บจก. วีที คัลเลอร์ โปร,4,2600,11128,10400.0,2568-06-26,IV6806175,,แม่สี,งานสี,0.07,3031
แม่สี ดำเข้มสนิทมาก Hybrid S9004,บจก. วีที คัลเลอร์ โปร,2,2600,5564,5200.0,2568-08-23,IV6808151,,แม่สี,งานสี,0.07,3032
Hybrid 2k 05 ตัวทำด้าน,บจก. วีที คัลเลอร์ โปร,1,750,750,,2567-08-23,IV6708116,ราคาที่ระบุ ยังไม่รวมVAT7%,แม่สี,งานสี,,3033
Tint Binder Matrix master AB-150,ทรัพย์สินไทย,1,1100,1100,,2563-08-24,,ราคาที่ระบุเป็นก่อนหักส่วนลด,แม่สี,งานสี,20.0,3034
Tint Binder Matrix master AB-150,ทรัพย์สินไทย,1,แถมฟรี,แถมฟรี,,2565-03-18,IV6503255,ราคาที่ระบุเป็นก่อนหักส่วนลด,แม่สี,งานสี,20.0,3035
Brilliant RED 41 Matrix (ตัวพ่นแดงทับ แดงมุกแก้ว 46V),ทรัพย์สินไทย,2,2500,5000,,2562-06-27,,ราคาที่ระบุเป็นก่อนหักส่วนลด,แม่สี,งานสี,10.0,3036
Brilliant RED 41 Matrix (ตัวพ่นแดงทับ แดงมุกแก้ว 46V),ทรัพย์สินไทย,2,2500,5000,,2563-10-20,,ราคาที่ระบุเป็นก่อนหักส่วนลด,แม่สี,งานสี,10.0,3037
Brilliant RED 41 Matrix (ตัวพ่นแดงทับ แดงมุกแก้ว 46V),ทรัพย์สินไทย,2,2500,5000,,2563-12-10,,ราคาที่ระบุเป็นก่อนหักส่วนลด,แม่สี,งานสี,10.0,3038
แม่สี แดง HYBRID BR41,บจก. วีที คัลเลอร์ โปร,1,1500,1605,1500.0,2568-08-13,IV6808072,ราคาที่ระบุ ยังไม่รวม VAT7%,แม่สี,งานสี,0.07,3039
แม่สี แดง HYBRID BR41,บจก. วีที คัลเลอร์ โปร,2,1500,3210,3000.0,2568-07-23,IV6807180,ราคาที่ระบุ ยังไม่รวม VAT7%,แม่สี,งานสี,0.07,3040
แม่สี แดง HYBRID BR41,บจก. วีที คัลเลอร์ โปร,2,1500,3210,3000.0,2568-10-16,IV6810110,ราคาที่ลง ยังไม่รวมภาษี,แม่สี,งานสี,,3041
แม่สี น้ำตาลโปร่ง HYBRID BR85,บจก. วีที คัลเลอร์ โปร,2,1500,3210,3000.0,2568-07-23,IV6807180,ราคาที่ระบุ ยังไม่รวม VAT7%,แม่สี,งานสี,0.07,3042
สีไฮเปอร์บรอนซ์,ทรัพย์สินไทย,1,2500,2500,,2565-05-25,IV6505292,ราคาที่ลง ยังไม่รวมภาษี,แม่สี,งานสี,,3043
Adapter for sartorius PMA 7501,ทรัพย์สินไทย,1,2000,2000,,2564-04-23,,ราคาที่ลง ยังไม่รวมภาษี,Adapter,งานสี,,3044
กระดาษกาว Inter,ทาเลนท์,2,2145,4290,,2561-04-09,,,กระดาษกาว,งานสี,,3045
กระดาษกาว Lion tape  (600ม้วน),ทรัพย์สินไทย,1,2100,2100,,2562-05-24,,ราคาที่ลง ยังไม่รวมภาษี,กระดาษกาว,งานสี,,3046
กระดาษกาว Lion tape  (600ม้วน),ทรัพย์สินไทย,2,2100,4200,,2561-05-28,,ราคาที่ลง ยังไม่รวมภาษี,กระดาษกาว,งานสี,,3047
กระดาษกาว Lion tape  (600ม้วน),ทรัพย์สินไทย,3,2100,6300,,2561-06-22,,ราคาที่ลง ยังไม่รวมภาษี,กระดาษกาว,งานสี,,3048
กระดาษกาว Lion tape  (600ม้วน),ทรัพย์สินไทย,2,2100,4200,,2562-06-24,,ราคาที่ลง ยังไม่รวมภาษี,กระดาษกาว,งานสี,,3049
กระดาษกาว Lion tape  (600ม้วน),ทรัพย์สินไทย,1,2100,2100,,2562-07-09,,ราคาที่ลง ยังไม่รวมภาษี,กระดาษกาว,งานสี,,3050
กระดาษกาว Lion tape  (600ม้วน),ทรัพย์สินไทย,2,2100,4200,,2562-07-24,,ราคาที่ลง ยังไม่รวมภาษี,กระดาษกาว,งานสี,,3051
กระดาษกาว Lion tape  (600ม้วน),ทรัพย์สินไทย,2,2100,4200,,2562-08-26,,ราคาที่ลง ยังไม่รวมภาษี,กระดาษกาว,งานสี,,3052
กระดาษกาว Lion tape  (600ม้วน),ทรัพย์สินไทย,3,2100,6300,,2562-09-24,,ราคาที่ลง ยังไม่รวมภาษี,กระดาษกาว,งานสี,,3053
กระดาษกาว Lion tape  (600ม้วน),ทรัพย์สินไทย,2,2100,4200,,2563-01-27,,ราคาที่ลง ยังไม่รวมภาษี,กระดาษกาว,งานสี,,3054
กระดาษกาว Lion tape  (600ม้วน),ทรัพย์สินไทย,2,2100,4200,,2563-02-20,,ราคาที่ลง ยังไม่รวมภาษี,กระดาษกาว,งานสี,,3055
กระดาษกาว Lion tape  (600ม้วน),ทรัพย์สินไทย,2,2100,4200,,2563-03-24,,ราคาที่ลง ยังไม่รวมภาษี,กระดาษกาว,งานสี,,3056
กระดาษกาว Lion tape  (600ม้วน),ทรัพย์สินไทย,1,2100,2100,,2563-04-06,,ราคาที่ลง ยังไม่รวมภาษี,กระดาษกาว,งานสี,,3057
กระดาษกาว Lion tape  (600ม้วน),ทรัพย์สินไทย,2,2100,4200,,2563-04-23,,ราคาที่ลง ยังไม่รวมภาษี,กระดาษกาว,งานสี,,3058
กระดาษกาว Lion tape  (600ม้วน),ทรัพย์สินไทย,3,2100,6300,,2563-06-25,,ราคาที่ลง ยังไม่รวมภาษี,กระดาษกาว,งานสี,,3059
กระดาษกาว Lion tape  (600ม้วน),ทรัพย์สินไทย,2,2100,4200,,2563-07-24,,ราคาที่ลง ยังไม่รวมภาษี,กระดาษกาว,งานสี,,3060
กระดาษกาว Lion tape  (600ม้วน),ทรัพย์สินไทย,2,2100,4200,,2563-08-24,,ราคาที่ลง ยังไม่รวมภาษี,กระดาษกาว,งานสี,,3061
กระดาษกาว Lion tape  (600ม้วน),ทรัพย์สินไทย,2,2100,4200,,2563-10-21,,ราคาที่ลง ยังไม่รวมภาษี,กระดาษกาว,งานสี,,3062
กระดาษกาว Lion tape  (600ม้วน),ทรัพย์สินไทย,2,2100,4200,,2563-11-22,,ราคาที่ลง ยังไม่รวมภาษี,กระดาษกาว,งานสี,,3063
กระดาษกาว Lion tape  (600ม้วน),ทรัพย์สินไทย,2,2100,4200,,2563-11-25,,ราคาที่ลง ยังไม่รวมภาษี,กระดาษกาว,งานสี,,3064
กระดาษกาว Lion tape  (600ม้วน),ทรัพย์สินไทย,2,2100,4200,,2563-12-21,,ราคาที่ลง ยังไม่รวมภาษี,กระดาษกาว,งานสี,,3065
กระดาษกาว Lion tape  (600ม้วน),ทรัพย์สินไทย,2,2100,4200,,2564-01-22,,ราคาที่ลง ยังไม่รวมภาษี,กระดาษกาว,งานสี,,3066
กระดาษกาว Lion tape  (600ม้วน),ทรัพย์สินไทย,2,2100,4200,,2564-02-23,,ราคาที่ลง ยังไม่รวมภาษี,กระดาษกาว,งานสี,,3067
กระดาษกาว Lion tape  (600ม้วน),ทรัพย์สินไทย,2,2100,4200,,2564-03-24,,ราคาที่ลง ยังไม่รวมภาษี,กระดาษกาว,งานสี,,3068
กระดาษกาว Lion tape  (600ม้วน),ทรัพย์สินไทย,2,2100,4200,,2564-04-26,,ราคาที่ลง ยังไม่รวมภาษี,กระดาษกาว,งานสี,,3069
กระดาษกาว Lion tape  (600ม้วน),ทรัพย์สินไทย,2,2100,4200,,2564-06-18,,ราคาที่ลง ยังไม่รวมภาษี,กระดาษกาว,งานสี,,3070
กระดาษกาว Lion tape  (600ม้วน),ทรัพย์สินไทย,2,2100,4200,,2564-07-26,,ราคาที่ลง ยังไม่รวมภาษี,กระดาษกาว,งานสี,,3071
กระดาษกาว Lion tape  (600ม้วน),ทรัพย์สินไทย,1,2100,2100,,2564-08-24,,ราคาที่ลง ยังไม่รวมภาษี,กระดาษกาว,งานสี,,3072
กระดาษกาว Lion tape  (600ม้วน),ทรัพย์สินไทย,2,2100,4200,,2564-09-22,IV6409286,ราคาที่ลง ยังไม่รวมภาษี,กระดาษกาว,งานสี,,3073
กระดาษกาว Lion tape  (600ม้วน),ทรัพย์สินไทย,2,2100,4200,,2564-10-26,IV6410365,ราคาที่ลง ยังไม่รวมภาษี,กระดาษกาว,งานสี,,3074
กระดาษกาว Lion tape  (600ม้วน),ทรัพย์สินไทย,2,2100,4200,,2564-11-23,IV6411321,ราคาที่ลง ยังไม่รวมภาษี,กระดาษกาว,งานสี,,3075
กระดาษกาว Lion tape  (600ม้วน),ทรัพย์สินไทย,2,2100,4200,,2564-12-22,IV6412301,ราคาที่ลง ยังไม่รวมภาษี,กระดาษกาว,งานสี,,3076
กระดาษกาว Lion tape  (600ม้วน),ทรัพย์สินไทย,1,2100,2100,,2565-02-22,IV6502260,ราคาที่ลง ยังไม่รวมภาษี,กระดาษกาว,งานสี,,3077
กระดาษกาว Lion tape  (600ม้วน) 3/4นิ้ว*10หลา,วีที คัลเลอร์ โปร,2,2500,5000,,2566-02-05,ไม่มีบิล,ราคาที่ลง ยังไม่รวมภาษี,กระดาษกาว,งานสี,,3078
กระดาษกาว Lion tape  (600ม้วน) 3/4นิ้ว*10หลา,วีที คัลเลอร์ โปร,4,2500,10000,,2566-03-02,ไม่มีบิล,ราคาที่ลง ยังไม่รวมภาษี,กระดาษกาว,งานสี,,3079
กระดาษกาว Lion tape  (600ม้วน) 3/4นิ้ว*10หลา (18mm.),ฟอร์เวิร์ด อินคอร์ปอร์เรชั่น,6,2500,15000,,2566-07-11,FW6607396,ราคาที่ลง ยังไม่รวมภาษี,กระดาษกาว,งานสี,,3080
กระดาษกาว Lion tape  (600ม้วน) 3/4นิ้ว*10หลา (18mm.),ฟอร์เวิร์ด อินคอร์ปอร์เรชั่น,2,2500,5350,,2566-12-01,FW6612021,ราคาที่ลง ยังไม่รวมภาษี,กระดาษกาว,งานสี,,3081
กระดาษกาว Lion tape  (600ม้วน) 3/4นิ้ว*10หลา,วีที คัลเลอร์ โปร,3,2400,7200,,2567-06-13,IV6706083,ราคาที่ลง ยังไม่รวมภาษี,กระดาษกาว,งานสี,,3082
กระดาษกาว Lion tape  (600ม้วน) 3/4นิ้ว*10หลา,วีที คัลเลอร์ โปร,3,2400,7200,,2567-08-14,IV6708065,ราคาที่ลง ยังไม่รวมภาษี,กระดาษกาว,งานสี,,3083
กระดาษกาว Lion tape  (600ม้วน) 3/4นิ้ว*10หลา,วีที คัลเลอร์ โปร,2,2400,4800,,2567-10-10,IV6710058,ราคาที่ลง ยังไม่รวมภาษี,กระดาษกาว,งานสี,,3084
กระดาษกาว Lion tape  (600ม้วน) 3/4นิ้ว*10หลา,วีที คัลเลอร์ โปร,3,2400,7200,,2567-11-19,IV6711104,ราคาที่ลง ยังไม่รวมภาษี,กระดาษกาว,งานสี,,3085
กระดาษกาว Lion tape  (600ม้วน) 3/4นิ้ว*10หลา,วีที คัลเลอร์ โปร,4,2568,10272,,2568-01-23,IV6801121,ราคาที่ลง ยังไม่รวมภาษี,กระดาษกาว,งานสี,,3086
กระดาษกาว Lion tape  (600ม้วน) 3/4นิ้ว*10หลา,บจก. วีที คัลเลอร์ โปร,2,2568,5136,,2568-03-24,IV6803162,ราคารวม VAT แล้ว,กระดาษกาว,งานสี,,3087
กระดาษกาว Lion tape  (600ม้วน) 3/4นิ้ว*10หลา,บจก. วีที คัลเลอร์ โปร,3,2400,7704,7200.0,2568-05-06,IV6805049,,กระดาษกาว,งานสี,,3088
กระดาษกาว Lion tape  (600ม้วน) 3/4นิ้ว*10หลา,บจก. วีที คัลเลอร์ โปร,3,2400,7704,7200.0,2568-06-27,IV6806182,,กระดาษกาว,งานสี,0.07,3089
กระดาษกาว Lion tape  (600ม้วน) 3/4นิ้ว*10หลา,บจก. วีที คัลเลอร์ โปร,3,2400,7704,7200.0,2568-09-11,IV6809080,,กระดาษกาว,งานสี,0.07,3090
กระดาษกาว Lion tape  (600ม้วน) 3/4นิ้ว*10หลา,บจก. วีที คัลเลอร์ โปร,1,2400,2568,2400.0,2568-10-02,IV6810023,,กระดาษกาว,งานสี,0.07,3091
กระดาษกาว Lion tape  (600ม้วน) 3/4นิ้ว*10หลา,บจก. วีที คัลเลอร์ โปร,3,2400,7704,7200.0,2568-11-03,IV6811023,,กระดาษกาว,งานสี,0.07,3092
กระดาษกาว Lion tape  (600ม้วน) 3/4นิ้ว*10หลา,บจก. วีที คัลเลอร์ โปร,1,2400,2568,2400.0,2568-12-17,IV6812124,,กระดาษกาว,งานสี,0.07,3093
กระดาษกาว BLACK TIGER (600ม้วน) 3/4นิ้ว*10หลา (18mm.) -- ราคาต่อลัง,วีที คัลเลอร์ โปร,2,2400,4800,,2567-01-24,IV6701080,ราคาที่ลง ยังไม่รวมภาษี,กระดาษกาว,งานสี,,3094
กระดาษกาว BLACK TIGER (600ม้วน) 3/4นิ้ว*10หลา (18mm.) -- ราคาต่อลัง,วีที คัลเลอร์ โปร,2,2400,4800,,2567-02-28,IV6702114,ราคาที่ลง ยังไม่รวมภาษี,กระดาษกาว,งานสี,,3095
กระดาษกาว BLACK TIGER (600ม้วน) 3/4นิ้ว*10หลา (18mm.) -- ราคาต่อลัง,วีที คัลเลอร์ โปร,4,2400,9600,,2567-04-22,IV6704072,ราคาที่ลง ยังไม่รวมภาษี,กระดาษกาว,งานสี,,3096
กระดาษกาว Gold tape  ขนาด 188mm*20หลา (192ม้วน),วีที คัลเลอร์ โปร,2,1584,3168,,2566-06-21,ไม่มีบิล,ราคาที่ลง ยังไม่รวมภาษี,กระดาษกาว,งานสี,,3097
กระดาษกาว Inter  (600ม้วน),ทาเลนท์,2,2180,4360,,2565-03-26,IV6505765,ราคาที่ลง ยังไม่รวมภาษี,กระดาษกาว,งานสี,,3098
กระดาษกาว Inter  (600ม้วน),ทาเลนท์,2,2180,4360,,2565-05-24,IS1000328,ราคาที่ลง ยังไม่รวมภาษี,กระดาษกาว,งานสี,,3099
กระดาษกาว Inter  (600ม้วน),ทาเลนท์,2,2180,4360,,2565-06-21,IS1000942,ราคาที่ลง ยังไม่รวมภาษี,กระดาษกาว,งานสี,,3100
กระดาษกาว Inter  (600ม้วน),ทาเลนท์,2,2180,4360,,2565-07-25,IS1001539,ราคาที่ลง ยังไม่รวมภาษี,กระดาษกาว,งานสี,,3101
กระดาษกาว Inter  (600ม้วน),ทาเลนท์,2,2180,4360,,2565-08-25,IS1002068,ราคาที่ลง ยังไม่รวมภาษี,กระดาษกาว,งานสี,,3102
กระดาษกาว Inter  (600ม้วน) -- คืน,ทาเลนท์,1,2180,-2180,,2565-09-12,SR6509007,ราคาที่ลง ยังไม่รวมภาษี,กระดาษกาว,งานสี,,3103
กระดาษกาว Inter  (600ม้วน) -- คืน,ทาเลนท์,1,2180,-2180,,2565-09-12,SR6509008,ราคาที่ลง ยังไม่รวมภาษี,กระดาษกาว,งานสี,,3104
กระดาษกาว HAMMER,วีที คัลเลอร์ โปร,1,2750,2750,,2565-09-07,IV166-65,ราคาที่ลง ยังไม่รวมภาษี,กระดาษกาว,งานสี,,3105
กระดาษกาว HAMMER,วีที คัลเลอร์ โปร,2,2750,5500,,2565-09-20,IV183-65,ราคาที่ลง ยังไม่รวมภาษี,กระดาษกาว,งานสี,,3106
กระดาษกาว HAMMER,วีที คัลเลอร์ โปร,2,2750,5500,,2565-10-15,IV214-65,ราคาที่ลง ยังไม่รวมภาษี,กระดาษกาว,งานสี,,3107
กระดาษกาว HAMMER,วีที คัลเลอร์ โปร,4,2700,10800,,2565-11-17,IV264-65,ราคาที่ลง ยังไม่รวมภาษี,กระดาษกาว,งานสี,,3108
กระดาษกาว แบบบาง NITTO (5ม้วน),ศรีสยาม,1,100,100,,2563-01-27,,ไม่มี VAT,กระดาษกาวแบบบาง,งานสี,,3109
กระดาษกาว แบบบาง NITTO (5ม้วน),ศรีสยาม,1,100,100,,2563-03-04,,ไม่มี VAT,กระดาษกาวแบบบาง,งานสี,,3110
กระดาษกาว แบบบาง NITTO (5ม้วน),ศรีสยาม,1,100,100,,2563-04-24,,ไม่มี VAT,กระดาษกาวแบบบาง,งานสี,,3111
กระดาษกาว แบบบาง NITTO (5ม้วน),ศรีสยาม,1,100,100,,2563-05-18,,ไม่มี VAT,กระดาษกาวแบบบาง,งานสี,,3112
กระดาษกาว แบบบาง NITTO (5ม้วน),ศรีสยาม,1,100,100,,2563-08-18,,ไม่มี VAT,กระดาษกาวแบบบาง,งานสี,,3113
กระดาษกาว แบบบาง NITTO (5ม้วน),ศรีสยาม,1,100,100,,2563-11-06,,ไม่มี VAT,กระดาษกาวแบบบาง,งานสี,,3114
กระดาษกาว แบบบาง NITTO (5ม้วน),ศรีสยาม,1,100,100,,2564-02-24,,ไม่มี VAT,กระดาษกาวแบบบาง,งานสี,,3115
กระดาษกาว แบบบาง NITTO (5ม้วน),ศรีสยาม,1,100,100,,2564-05-18,,ไม่มี VAT,กระดาษกาวแบบบาง,งานสี,,3116
กระดาษกาว แบบบาง NITTO (5ม้วน),ศรีสยาม,1,100,100,,2564-07-26,,ไม่มี VAT,กระดาษกาวแบบบาง,งานสี,,3117
กระดาษกาว แบบบาง NITTO (5ม้วน),ศรีสยาม,1,100,100,,2564-10-18,,ไม่มี VAT,กระดาษกาวแบบบาง,งานสี,,3118
กระดาษกาว แบบบาง NITTO (5ม้วน),ศรีสยาม,1,100,100,,2565-01-13,,ไม่มี VAT,กระดาษกาวแบบบาง,งานสี,,3119
กระดาษกาว แบบบาง NITTO (5ม้วน),ศรีสยาม,1,100,100,,2565-04-18,,ไม่มี VAT,กระดาษกาวแบบบาง,งานสี,,3120
กระดาษกาว แบบบาง NITTO (5ม้วน),ศรีสยาม,1,100,100,,2565-08-01,,ไม่มี VAT,กระดาษกาวแบบบาง,งานสี,,3121
กระดาษกาว แบบบาง NITTO (5ม้วน),ศรีสยาม,2,100,200,,2567-09-26,,ราคารวม VAT,กระดาษกาวแบบบาง,งานสี,,3122
กาว 2 หน้า 12mm x 10 m.,เบนเวิคส์,50,95,4750,,2561-06-01,,ราคาที่ลง ยังไม่รวมภาษี,กาวสองหน้า,งานสี,,3123
กาว 2 หน้า 12mm x 10 m. Blackship,เบนเวิคส์,50,98,4900,,2562-09-12,,ราคาที่ลง ยังไม่รวมภาษี,กาวสองหน้า,งานสี,,3124
กาวสองหน้า 4299  3M -- แถมม้วนเล็ก ขนาด 12mm*2.5mm 1:1,ทาเลนท์,72,117,9013.68,,2562-12-11,,ราคารวม VAT @125 บาท,กาวสองหน้า,งานสี,,3125
กาวสองหน้า 4299  3M ,ทาเลนท์,72,117,8424,,2563-04-30,,ราคารวม VAT @125 บาท,กาวสองหน้า,งานสี,,3126
กาวสองหน้า 4299  3M ,ทาเลนท์,72,117,8424,,2563-07-20,,ราคารวม VAT @125 บาท,กาวสองหน้า,งานสี,,3127
กาวสองหน้า 4299  3M ,ทาเลนท์,20,115,2300,,2564-01-16,,ราคารวม VAT @125 บาท,กาวสองหน้า,งานสี,,3128
กาวสองหน้า 4299  3M ,ทาเลนท์,72,115,8280,,2564-03-19,,ราคารวม VAT @125 บาท,กาวสองหน้า,งานสี,,3129
กาวสองหน้า 4299  3M ,ทาเลนท์,72,115,8280,,2564-07-04,IV6407743,ราคารวม VAT @125 บาท,กาวสองหน้า,งานสี,,3130
กาวสองหน้า 4299  3M ,ทาเลนท์,72,115,8280,,2565-01-18,IV6501154,ราคารวม VAT @125 บาท,กาวสองหน้า,งานสี,,3131
กาวสองหน้า Hammer 12mm,ออโต้เทรด,24,165,2775,,2565-06-08,IV1417133,ราคารวม VAT @125 บาท,กาวสองหน้า,งานสี,30.0,3132
กาวสองหน้า 3M (70*40ม้วน)+ค่าส่ง 99 บาท ,ลาซาด้า,40,70,2899,,2566-03-23,,,กาวสองหน้า,งานสี,,3133
กาวสองหน้า 3M (70*40ม้วน)+ค่าส่ง 99 บาท ,ลาซาด้า,40,70,2899,,2566-03-23,,,กาวสองหน้า,งานสี,,3134
กาวสองหน้า 3M (65*40ม้วน)+ค่าส่ง 99 บาท ,ลาซาด้า,40,65,2699,,2566-07-19,,,กาวสองหน้า,งานสี,,3135
กาวสองหน้า 3M (65*40ม้วน)+ค่าส่ง 99 บาท ,ลาซาด้า,40,65,2699,,2566-07-19,,,กาวสองหน้า,งานสี,,3136
กาวสองหน้า 3M (ราคารวมค่าส่ง),Shopee,40,50.78,2031.2,,2566-12-05,,,กาวสองหน้า,งานสี,,3137
กาวสองหน้า 3M (ราคารวมค่าส่ง),ลาซาด้า,40,63.9825,2559.3,,2566-12-05,,,กาวสองหน้า,งานสี,,3138
กาวสองหน้า 3M (ราคารวมค่าส่ง),Shopee,80,63.4,5072,,2567-04-23,,,กาวสองหน้า,งานสี,,3139
กาวสองหน้า 3M (ราคารวมค่าส่ง),Shopee,83,62.0723,5152.0009,,2567-08-30,,,กาวสองหน้า,งานสี,,3140
กาวสองหน้า 3M (ราคารวมค่าส่ง),Shopee,80,52.48,4198.4,,2568-01-07,,,กาวสองหน้า,งานสี,,3141
กาวสองหน้า 3M (ราคารวมค่าส่ง),Shopee,80,49.625,3970,,2568-05-24,,,กาวสองหน้า,งานสี,,3142
กาวสองหน้า 3M (ราคารวมค่าส่ง),Shopee,80,48,3840,,2568-10-18,,,กาวสองหน้า,งานสี,,3143
ม้วนเทปกาวตีเส้นไวนิล สีน้ำเงิน ติดพ่นสี (6มม.*36หลา) ,ไทยนคร,12,115,1380,,2561-07-05,,ราคาที่ลง ยังไม่รวมภาษี,ม้วนเทปกาวตีเส้นไวนิล,งานสี,,3144
ม้วนเทปกาวตีเส้นไวนิล สีน้ำเงิน ติดพ่นสี (6มม.*36หลา) ,ไทยนคร,12,90,1080,,2562-07-26,,ราคาที่ลง ยังไม่รวมภาษี,ม้วนเทปกาวตีเส้นไวนิล,งานสี,,3145
เทปไวนิลตีเส้น 6mm*10เมตร Hammer,ทาเลนท์,11,95,1045,,2563-07-20,,ราคาที่ลง ยังไม่รวมภาษี,ม้วนเทปกาวตีเส้นไวนิล,งานสี,,3146
เทปไวนิลตีเส้น 6mm*10เมตร Hammer,ทาเลนท์,6,95,570,,2563-07-20,,ราคาที่ลง ยังไม่รวมภาษี,ม้วนเทปกาวตีเส้นไวนิล,งานสี,,3147
เทปไวนิลตีเส้น 6mm*10เมตร Hammer,ทาเลนท์,5,95,475,,2564-03-11,,ราคาที่ลง ยังไม่รวมภาษี,ม้วนเทปกาวตีเส้นไวนิล,งานสี,,3148
เทปไวนิลตีเส้น 6mm*10เมตร Hammer,ทาเลนท์,5,95,475,,2564-05-04,,ราคาที่ลง ยังไม่รวมภาษี,ม้วนเทปกาวตีเส้นไวนิล,งานสี,,3149
เทปไวนิลตีเส้น 6mm*10เมตร Hammer,ทาเลนท์,5,95,475,,2564-11-01,IV6414395,ราคาที่ลง ยังไม่รวมภาษี,ม้วนเทปกาวตีเส้นไวนิล,งานสี,,3150
เทปไวนิลตีเส้น 6mm*10เมตร Hammer,ทาเลนท์,10,95,950,,2565-01-07,IV6500379,ราคาที่ลง ยังไม่รวมภาษี,ม้วนเทปกาวตีเส้นไวนิล,งานสี,,3151
เทปไวนิลตีเส้น 6mm*36เมตร 3M,ทาเลนท์,7,143,1001,,2565-06-21,IB3002884,ราคาที่ลง ยังไม่รวมภาษี,ม้วนเทปกาวตีเส้นไวนิล,งานสี,,3152
เทปไวนิลตีเส้น 6mm*36เมตร 3M,ทาเลนท์,5,109,545,,2565-08-25,IV2202681,ราคาที่ลง ยังไม่รวมภาษี,ม้วนเทปกาวตีเส้นไวนิล,งานสี,,3153
เทปไวนิลตีเส้น 6mm*10เมตร Hammer,ทาเลนท์,6,80,480,,2565-10-04,IB3004247,ราคาที่ลง ยังไม่รวมภาษี,ม้วนเทปกาวตีเส้นไวนิล,งานสี,,3154
เทปไวนิลตีเส้น 6mm*10เมตร Hammer,ทาเลนท์,2,95,190,,2566-02-15,IB3006977,ราคาที่ลง ยังไม่รวมภาษี,ม้วนเทปกาวตีเส้นไวนิล,งานสี,,3155
เทปไวนิลตีเส้น 6mm*10เมตร Hammer,ทาเลนท์,4,95,380,,2566-02-18,IB3007149,ราคาที่ลง ยังไม่รวมภาษี,ม้วนเทปกาวตีเส้นไวนิล,งานสี,,3156
เทปไวนิลตีเส้น 6mm*10เมตร Hammer,ทาเลนท์,6,95,570,,2566-03-30,IB3009634,ราคาที่ลง ยังไม่รวมภาษี,ม้วนเทปกาวตีเส้นไวนิล,งานสี,,3157
เทปไวนิลตีเส้น 6mm*10เมตร Hammer,ทาเลนท์,10,95,950,,2566-10-24,IV2222487,ราคาที่ลง ยังไม่รวมภาษี,ม้วนเทปกาวตีเส้นไวนิล,งานสี,,3158
เทปไวนิลตีเส้น 6mm*10เมตร Hammer,ทาเลนท์,10,95,950,,2566-11-01,IV2222917,ราคาที่ลง ยังไม่รวมภาษี,ม้วนเทปกาวตีเส้นไวนิล,งานสี,,3159
เทปไวนิลตีเส้น 6mm*10เมตร Hammer,ทาเลนท์,5,95,475,,2567-09-13,IV2240627,ราคาที่ลง ยังไม่รวมภาษี,ม้วนเทปกาวตีเส้นไวนิล,งานสี,,3160
เทปไวนิลตีเส้น 6mm*10เมตร Hammer,ทาเลนท์,20,95,1900,,2568-01-08,IV2240627,ราคาที่ลง ยังไม่รวมภาษี,ม้วนเทปกาวตีเส้นไวนิล,งานสี,,3161
เทปไวนิลตีเส้น 6mm*10เมตร Hammer,ทาเลนท์,10,95,1016.5,950.0,2568-09-17,IV6815079,,ม้วนเทปกาวตีเส้นไวนิล,งานสี,,3162
ลูกขัดขนแกะ 3M  สีขาว,ทาเลนท์,6,457,2742,,2561-04-09,,ราคาที่ลง ยังไม่รวมภาษี,ลูกขัดขนแกะ,งานสี,,3163
ลูกขัดขนแกะ 3M  สีขาว,ทาเลนท์,6,457,2742,,2561-06-19,,ราคาที่ลง ยังไม่รวมภาษี,ลูกขัดขนแกะ,งานสี,,3164
ลูกขัดขนแกะ 3M  สีขาว,ทาเลนท์,6,457,2742,,2562-08-13,,ราคาที่ลง ยังไม่รวมภาษี,ลูกขัดขนแกะ,งานสี,,3165
ลูกขัดขนแกะ 3M  สีขาว,ทาเลนท์,6,457,2742,,2562-10-22,,ราคาที่ลง ยังไม่รวมภาษี,ลูกขัดขนแกะ,งานสี,,3166
ลูกขัดขนแกะ 3M  สีขาว  3M  5701,ทาเลนท์,6,445,2670,,2562-12-11,,ราคาที่ลง ยังไม่รวมภาษี,ลูกขัดขนแกะ,งานสี,,3167
ลูกขัดขนแกะ 3M  สีขาว  3M  5701,ทาเลนท์,6,445,2670,,2563-02-20,,ราคาที่ลง ยังไม่รวมภาษี,ลูกขัดขนแกะ,งานสี,,3168
ลูกขัดขนแกะ 3M  สีขาว  3M  5701,ทาเลนท์,6,445,2670,,2563-03-24,,ราคาที่ลง ยังไม่รวมภาษี,ลูกขัดขนแกะ,งานสี,,3169
ลูกขัดขนแกะ 3M  สีขาว  3M  5701,ทาเลนท์,2,445,890,,2563-04-24,,ราคาที่ลง ยังไม่รวมภาษี,ลูกขัดขนแกะ,งานสี,,3170
ลูกขัดขนแกะ 3M  สีขาว  3M  5701,ทาเลนท์,6,445,2670,,2563-06-02,,ราคาที่ลง ยังไม่รวมภาษี,ลูกขัดขนแกะ,งานสี,,3171
ลูกขัดขนแกะ 3M  สีขาว  3M  5701,ทาเลนท์,6,445,2670,,2563-08-21,,ราคาที่ลง ยังไม่รวมภาษี,ลูกขัดขนแกะ,งานสี,,3172
ลูกขัดขนแกะ 3M  สีขาว  3M  5701,ทาเลนท์,3,445,1335,,2563-12-04,,ราคาที่ลง ยังไม่รวมภาษี,ลูกขัดขนแกะ,งานสี,,3173
ลูกขัดขนแกะ 3M  สีขาว  3M  5701,ทาเลนท์,2,445,890,,2564-01-20,,ราคาที่ลง ยังไม่รวมภาษี,ลูกขัดขนแกะ,งานสี,,3174
ลูกขัดขนแกะ 3M  สีขาว  3M  5701,ทาเลนท์,2,445,890,,2564-02-22,,ราคาที่ลง ยังไม่รวมภาษี,ลูกขัดขนแกะ,งานสี,,3175
ลูกขัดขนแกะ 3M  สีขาว  3M  5701,ทาเลนท์,3,445,1335,,2564-03-11,,ราคาที่ลง ยังไม่รวมภาษี,ลูกขัดขนแกะ,งานสี,,3176
ลูกขัดขนแกะ 3M  สีขาว  3M  5701,ทาเลนท์,5,445,2225,,2564-05-03,,ราคาที่ลง ยังไม่รวมภาษี,ลูกขัดขนแกะ,งานสี,,3177
ลูกขัดขนแกะ 3M  สีขาว  3M  5701,ทาเลนท์,4,445,1780,,2564-08-16,,ราคาที่ลง ยังไม่รวมภาษี,ลูกขัดขนแกะ,งานสี,,3178
ลูกขัดขนแกะ 3M  สีขาว  3M  5701,ทาเลนท์,4,445,1780,,2564-10-08,IV6413092,ราคาที่ลง ยังไม่รวมภาษี,ลูกขัดขนแกะ,งานสี,,3179
ลูกขัดขนแกะ 3M  สีขาว  3M  5701,ทาเลนท์,3,445,1335,,2564-10-08,IV6504527,ราคาที่ลง ยังไม่รวมภาษี,ลูกขัดขนแกะ,งานสี,,3180
ลูกขัดขนแกะ 3M  สีขาว  3M  5701,ทาเลนท์,2,454,904,,2565-05-03,IB3000095,ราคาที่ลง ยังไม่รวมภาษี,ลูกขัดขนแกะ,งานสี,,3181
ลูกขัดขนแกะ 3M  สีขาว  3M  5701,ทาเลนท์,5,477,2385,,2565-08-01,IV2201139,ราคาที่ลง ยังไม่รวมภาษี,ลูกขัดขนแกะ,งานสี,,3182
ลูกขัดขนแกะ 3M  สีขาว  3M  5701,ทาเลนท์,4,477,1908,,2565-06-07,IB3002119,ราคาที่ลง ยังไม่รวมภาษี,ลูกขัดขนแกะ,งานสี,,3183
ลูกขัดขนแกะ 3M  สีขาว  3M  5701,ทาเลนท์,4,479,1916,,2565-09-10,IV2203592,ราคาที่ลง ยังไม่รวมภาษี,ลูกขัดขนแกะ,งานสี,,3184
ลูกขัดขนแกะ 3M  สีขาว  3M  5701,ทาเลนท์,6,479,2874,,2565-12-06,IV2207853,ราคาที่ลง ยังไม่รวมภาษี,ลูกขัดขนแกะ,งานสี,,3185
ลูกขัดขนแกะ 3M  สีขาว  3M  5701,ทาเลนท์,4,479,1916,,2566-02-10,IB3006698,ราคาที่ลง ยังไม่รวมภาษี,ลูกขัดขนแกะ,งานสี,,3186
ลูกขัดขนแกะ 3M  สีขาว  3M  5701,ทาเลนท์,2,479,958,,2566-05-23,IV2212637,ราคาที่ลง ยังไม่รวมภาษี,ลูกขัดขนแกะ,งานสี,,3187
ลูกขัดขนแกะ 3M  สีขาว  3M  5701,ทาเลนท์,3,479,1437,,2566-03-30,IB3009612,ราคาที่ลง ยังไม่รวมภาษี,ลูกขัดขนแกะ,งานสี,,3188
ลูกขัดขนแกะ 3M  สีขาว  3M  5701,ทาเลนท์,3,479,1437,,2566-04-03,IB3009871,ราคาที่ลง ยังไม่รวมภาษี,ลูกขัดขนแกะ,งานสี,,3189
ลูกขัดขนแกะ 3M  สีขาว  3M  5701,ทาเลนท์,2,479,958,,2566-05-24,IV2212728,ราคาที่ลง ยังไม่รวมภาษี,ลูกขัดขนแกะ,งานสี,,3190
ลูกขัดขนแกะ 3M  สีขาว  3M  5701,ทาเลนท์,4,479,1916,,2566-08-02,IV2217239,ราคาที่ลง ยังไม่รวมภาษี,ลูกขัดขนแกะ,งานสี,,3191
ลูกขัดขนแกะ NAX  สีขาว ,วาที,2,420,840,,2566-10-19,,ไม่มี VAT (จ่ายสด),ลูกขัดขนแกะ,งานสี,,3192
ลูกขัดขนแกะ สีขาว CHEETAHS,ทาเลนท์,6,445,2670,,2567-12-02,IV2224867,ราคาที่ลง ยังไม่รวมภาษี,ลูกขัดขนแกะ,งานสี,,3193
ลูกขัดขนแกะ สีขาว The Professional,วาที,4,450,1800,,2567-05-27,IV6705126,ราคาที่ลง ยังไม่รวมภาษี,ลูกขัดขนแกะ,งานสี,,3194
ลูกขัดขนแกะ สีขาว The Professional,วาที,2,450,900,,2567-06-10,IV6706068,ราคาที่ลง ยังไม่รวมภาษี,ลูกขัดขนแกะ,งานสี,,3195
ลูกขัดขนแกะ สีขาว TG,ออโต้เทรด มาร์เก็ตติ้ง,4,577.8,2311.2,,2568-03-19,IV1462679,ราคารวม VAT แล้ว,โปรซื้อ 4ชิ้นแถมฟรี 1ชิ้น,งานสี,,3196
ลูกขัดขนแกะ สีขาว The Professional,วาที,3,450,1444.5,1350.0,2568-08-28,IV6808154,ราคารวม VAT แล้ว,โปรซื้อ 4ชิ้นแถมฟรี 1ชิ้น,งานสี,,3197
ลูกขัดขนแกะ สีขาว TG -- โปรแถม ตกลูกละ 423.72 บาท (รวมVAT แล้ว),ออโต้เทรด มาร์เก็ตติ้ง,11,540,6355.8,5940.0,2568-08-28,IV1470081,ราคารวม VAT แล้ว,โปรซื้อ 11ชิ้นแถมฟรี 4ชิ้น,งานสี,,3198
ลูกขัดขนแกะ 3M  สีเหลือง  3M  5705,ทาเลนท์,6,504,3024,,2562-12-11,,ราคาที่ลง ยังไม่รวมภาษี,โปรซื้อ 11ชิ้นแถมฟรี 4ชิ้น,งานสี,,3199
ลูกขัดขนแกะ 3M  สีเหลือง  3M  5705,ทาเลนท์,6,504,3024,,2563-06-22,,ราคาที่ลง ยังไม่รวมภาษี,โปรซื้อ 11ชิ้นแถมฟรี 4ชิ้น,งานสี,,3200
ลูกขัดขนแกะ 3M  สีเหลือง  3M  5705,ทาเลนท์,3,504,1512,,2563-12-04,,ราคาที่ลง ยังไม่รวมภาษี,โปรซื้อ 11ชิ้นแถมฟรี 4ชิ้น,งานสี,,3201
ลูกขัดขนแกะ 3M  สีเหลือง  3M  5705,ทรัพย์สิน,3,474,1422,,2564-09-23,IV6409299,ราคาที่ลง ยังไม่รวมภาษี,โปรซื้อ 11ชิ้นแถมฟรี 4ชิ้น,งานสี,,3202
ลูกขัดขนแกะ 3M  สีเหลือง  3M  5705,ทาเลนท์,3,504,1512,,2565-03-08,IV6504527,ราคาที่ลง ยังไม่รวมภาษี,โปรซื้อ 11ชิ้นแถมฟรี 4ชิ้น,งานสี,,3203
ลูกขัดขนแกะ 3M  สีเหลือง  3M  5705,ทาเลนท์,1,530,530,,2565-05-03,IB3000095,ราคาที่ลง ยังไม่รวมภาษี,โปรซื้อ 11ชิ้นแถมฟรี 4ชิ้น,งานสี,,3204
ลูกขัดขนแกะ 3M  สีเหลือง  3M  5705,ทาเลนท์,3,557,1671,,2565-09-09,IV2203571,ราคาที่ลง ยังไม่รวมภาษี,โปรซื้อ 11ชิ้นแถมฟรี 4ชิ้น,งานสี,,3205
ลูกขัดขนแกะ NAX  สีเหลือง,วาที,2,420,840,,2566-10-19,,ไม่มี VAT (จ่ายสด),โปรซื้อ 11ชิ้นแถมฟรี 4ชิ้น,งานสี,,3206
ลูกขัดขนแกะ สีเหลือง The Professional,วาที,4,450,1800,,2567-05-27,IV6705126,ราคาที่ลง ยังไม่รวมภาษี,โปรซื้อ 11ชิ้นแถมฟรี 4ชิ้น,งานสี,,3207
ลูกขัดขนแกะ สีเหลือง The Professional,วาที,4,450,1800,,2567-11-01,IV6711021,ราคาที่ลง ยังไม่รวมภาษี,โปรซื้อ 11ชิ้นแถมฟรี 4ชิ้น,งานสี,,3208
ลูกขัดขนแกะ สีเหลือง The Professional,บจก. วีที คัลเลอร์ โปร,4,450,1926,1800.0,2568-05-19,IV6805132,,โปรซื้อ 11ชิ้นแถมฟรี 4ชิ้น,งานสี,,3209
ลูกขัดขนแกะ สีเหลือง,บจก. วีที คัลเลอร์ โปร,4,450,1926,1800.0,2568-10-06,IV6810042,ราคาที่ลง ยังไม่รวมภาษี,โปรซื้อ 11ชิ้นแถมฟรี 4ชิ้น,งานสี,,3210
"ลูกขัดสนิม  4.5"" x 1/2",ทาเลนท์,40,98,3920,,2561-06-19,,ราคาที่ลง ยังไม่รวมภาษี,ลูกขัดกันสนิม,งานสี,,3211
"ลูกขัดสนิม  4.5"" x 1/2  3M",ทาเลนท์,80,98,7840,,2562-07-04,,ราคาที่ลง ยังไม่รวมภาษี,ลูกขัดกันสนิม,งานสี,,3212
"ลูกขัดสนิม  4.5"" x 1/2",ทาเลนท์,40,98,3920,,2562-10-22,,ราคาที่ลง ยังไม่รวมภาษี,ลูกขัดกันสนิม,งานสี,,3213
"ลูกขัดสนิม  4.5"" x 1/2  3M",ทาเลนท์,40,96,3840,,2562-12-11,,ราคาที่ลง ยังไม่รวมภาษี,ลูกขัดกันสนิม,งานสี,,3214
"ลูกขัดสนิม  4.5"" x 1/2  3M",ทาเลนท์,40,96,3840,,2563-02-20,,ราคาที่ลง ยังไม่รวมภาษี,ลูกขัดกันสนิม,งานสี,,3215
"ลูกขัดสนิม  4.5"" x 1/2  3M",ทาเลนท์,200,96,1920,,2563-05-27,,ราคาที่ลง ยังไม่รวมภาษี,ลูกขัดกันสนิม,งานสี,,3216
"ลูกขัดสนิม  4.5"" x 1/2  3M",ทาเลนท์,40,96,3840,,2563-08-21,,ราคาที่ลง ยังไม่รวมภาษี,ลูกขัดกันสนิม,งานสี,,3217
"ลูกขัดสนิม  4.5"" x 1/2  3M",ทาเลนท์,50,96,4800,,2563-10-02,,ราคาที่ลง ยังไม่รวมภาษี,ลูกขัดกันสนิม,งานสี,,3218
"ลูกขัดสนิม  4.5"" x 1/2  3M",ทาเลนท์,40,96,3840,,2564-01-19,,ราคาที่ลง ยังไม่รวมภาษี,ลูกขัดกันสนิม,งานสี,,3219
"ลูกขัดสนิม  4.5"" x 1/2  3M",ทาเลนท์,40,96,3840,,2564-02-22,,ราคาที่ลง ยังไม่รวมภาษี,ลูกขัดกันสนิม,งานสี,,3220
"ลูกขัดสนิม  4.5"" x 1/2  3M",ทาเลนท์,40,96,3840,,2564-07-04,IV6407743,ราคาที่ลง ยังไม่รวมภาษี,ลูกขัดกันสนิม,งานสี,,3221
"ลูกขัดสนิม  4.5"" x 1/2  3M",ทาเลนท์,40,96,3840,,2564-08-27,IV6410644,ราคาที่ลง ยังไม่รวมภาษี,ลูกขัดกันสนิม,งานสี,,3222
"ลูกขัดสนิม  4.5"" x 1/2  3M",ทาเลนท์,40,96,3840,,2564-11-01,IV6414395,ราคาที่ลง ยังไม่รวมภาษี,ลูกขัดกันสนิม,งานสี,,3223
"ลูกขัดสนิม  4.5"" x 1/2  3M",ทาเลนท์,40,96,3840,,2565-02-28,IV6503899,ราคาที่ลง ยังไม่รวมภาษี,ลูกขัดกันสนิม,งานสี,,3224
"ลูกขัดสนิม  4.5"" x 1/2  3M",ทาเลนท์,40,105,4200,,2565-05-04,IB3000172,ราคาที่ลง ยังไม่รวมภาษี,ลูกขัดกันสนิม,งานสี,,3225
"ลูกขัดสนิม  4.5"" x 1/2  3M",ทาเลนท์,40,111,4440,,2565-09-10,IV2203682,ราคาที่ลง ยังไม่รวมภาษี,ลูกขัดกันสนิม,งานสี,,3226
"ลูกขัดสนิม  4.5"" x 1/2  3M",ทาเลนท์,40,111,4440,,2565-11-23,IV2207094,ราคาที่ลง ยังไม่รวมภาษี,ลูกขัดกันสนิม,งานสี,,3227
"ลูกขัดสนิม  4.5"" x 1/2  3M",ทาเลนท์,40,111,4440,,2566-01-03,IV2209110,ราคาที่ลง ยังไม่รวมภาษี,ลูกขัดกันสนิม,งานสี,,3228
"ลูกขัดสนิม  4.5"" x 1/2  3M",ทาเลนท์,40,111,4440,,2566-03-13,IB3008531,ราคาที่ลง ยังไม่รวมภาษี,ลูกขัดกันสนิม,งานสี,,3229
"ลูกขัดสนิม  4.5"" 7/16"" 13mm  ยี่ห้อ Tiger (1กล่อง = 12อัน)",ออโต้เทรด,96,97.5,9360,,2566-04-18,IV1430628,ราคาที่ลง ยังไม่รวมภาษี,โปร 6กล่อง แถม 2กล่อง,งานสี,,3230
"ลูกขัดสนิม  4.5"" 7/16"" 13mm  ยี่ห้อ Tiger (1กล่อง = 12อัน) **ในบิลระบุ20+5%แต่ลดจริง 24%",ออโต้เทรด,120,130,11856,,2566-04-18,IV1430628,ราคาที่ลง ยังไม่รวมภาษี,โปร 6กล่อง แถม 2กล่อง,งานสี,24.0,3231
"ลูกขัดสนิม  4.5"" 7/16"" 13mm  ยี่ห้อ Tiger (1กล่อง = 12อัน) ",ออโต้เทรด,96,130,9984,,2567-05-31,IV1449333,ราคาที่ลง ยังไม่รวมภาษี,โปร 8กล่อง แถม เครื่องขัดสนิม5นิ้วและคอปเปอร์1อัน,งานสี,20.0,3232
สีพ่นอุตสาหกรรม  ปีเตอร์  T244 (สีดำด้าน) กล.,ไทยนคร,2,425,850,,2561-05-14,,,สีอุตสาหกรรม,งานสี,,3233
สีพ่นอุตสาหกรรม  ปีเตอร์  T244 (สีดำด้าน) กล.,ไทยนคร,2,390,780,,2562-04-22,,,สีอุตสาหกรรม,งานสี,,3234
สีพ่นอุตสาหกรรม  ปีเตอร์  T244 (สีดำด้าน) กล.,ไทยนคร,2,390,780,,2563-05-08,,,สีอุตสาหกรรม,งานสี,,3235
สีพ่นอุตสาหกรรม  ปีเตอร์  T244 (สีดำด้าน) กล.,ไทยนคร,1,425,425,,2563-07-23,,,สีอุตสาหกรรม,งานสี,,3236
สีพ่นอุตสาหกรรม  ปีเตอร์  T244 (สีดำด้าน) กล.,ไทยนคร,2,425,850,,2562-07-26,,,สีอุตสาหกรรม,งานสี,,3237
สีพ่นอุตสาหกรรม  ปีเตอร์  T244 (สีดำด้าน) กล.,ไทยนคร,1,425,425,,2563-10-15,,,สีอุตสาหกรรม,งานสี,,3238
สีพ่นอุตสาหกรรม  ปีเตอร์  T244 (สีดำด้าน) กล.,ไทยนคร,2,425,850,,2564-03-02,,,สีอุตสาหกรรม,งานสี,,3239
สีพ่นอุตสาหกรรม  ปีเตอร์  T244 (สีดำด้าน) กล.,ไทยนคร,1,425,425,,2564-06-05,IV6406/0342,,สีอุตสาหกรรม,งานสี,,3240
สีพ่นอุตสาหกรรม  ปีเตอร์  T244 (สีดำด้าน) กล.,ไทยนคร,1,425,425,,2565-02-16,INV22020634,,สีอุตสาหกรรม,งานสี,,3241
สีพ่นอุตสาหกรรม  ปีเตอร์  T244 (สีดำด้าน) กล.,ไทยนคร,1,425,425,,2565-05-03,INV22050028,,สีอุตสาหกรรม,งานสี,,3242
สีพ่นอุตสาหกรรม  ปีเตอร์  T244 (สีดำด้าน) กล.,ไทยนคร,1,425,425,,2565-10-20,INV22100716,,สีอุตสาหกรรม,งานสี,,3243
สีพ่นอุตสาหกรรม  ปีเตอร์  T244 (สีดำด้าน) กล.,ไทยนคร,1,425,425,,2566-03-17,INV23030628,,สีอุตสาหกรรม,งานสี,,3244
สีพ่นอุตสาหกรรม  ปีเตอร์  T244 (สีดำด้าน) กล.,ไทยนคร,1,425,425,,2566-05-04,INV23050155,,สีอุตสาหกรรม,งานสี,,3245
สีพ่นอุตสาหกรรม  ปีเตอร์  T244 (สีดำด้าน) กล.,ไทยนคร,1,425,425,,2566-08-15,INV23080494,,สีอุตสาหกรรม,งานสี,,3246
สีพ่นอุตสาหกรรม  ปีเตอร์  T244 (สีดำด้าน) กล.,ไทยนคร,1,425,425,,2566-09-11,INV23090410,,สีอุตสาหกรรม,งานสี,,3247
สีพ่นอุตสาหกรรม  ปีเตอร์  T244 (สีดำด้าน) กล.,ไทยนคร,1,425,425,,2566-11-11,INV23110457,,สีอุตสาหกรรม,งานสี,,3248
สีพ่นอุตสาหกรรม  ปีเตอร์  T244 (สีดำด้าน) กล.,ไทยนคร,1,425,425,,2566-10-18,INV23100640,,สีอุตสาหกรรม,งานสี,,3249
สีพ่นอุตสาหกรรม  นาโกย่า 914 (สีดำด้าน) กล. (3.2 Kg.),ทาเลนท์,1,380,380,,2566-12-06,IV2225024,,สีอุตสาหกรรม,งานสี,,3250
สีพ่นอุตสาหกรรม  นาโกย่า 914 (สีดำด้าน) กล. (3.2 Kg.),ทาเลนท์,4,380,1520,,2567-02-02,IV2228112,ราคาไม่รวม VAT,สีอุตสาหกรรม,งานสี,,3251
สีพ่นอุตสาหกรรม  นาโกย่า 914 (สีดำด้าน) กล. (3.2 Kg.),ทาเลนท์,4,380,1520,,2567-05-09,IV2233217,ราคาไม่รวม VAT,สีอุตสาหกรรม,งานสี,,3252
สีพ่นอุตสาหกรรม  ปีเตอร์  T244 (สีดำด้าน) กล.,ไทยนคร,1,425,454.75,425.0,2568-06-07,INV25060323,,สีอุตสาหกรรม,งานสี,,3253
สีพ่นอุตสาหกรรม  นาโกย่า 914 (สีดำด้าน) กล. (3.2 Kg.),ทาเลนท์,8,370,3167.2,2960.0,2568-06-07,IV6809132,,สีอุตสาหกรรม,งานสี,,3254
สีพ่นอุตสาหกรรม  ปีเตอร์  T214 (สีดำเงา) กล.,ไทยนคร,4,390,1560,,2561-05-14,,,สีอุตสาหกรรม,งานสี,,3255
สีพ่นอุตสาหกรรม  ปีเตอร์  T214 (สีดำเงา) กล.,ไทยนคร,2,390,780,,2563-07-23,,,สีอุตสาหกรรม,งานสี,,3256
สีพ่นอุตสาหกรรม  ปีเตอร์  T214 (สีดำเงา) กล.,ไทยนคร,1,390,390,,2563-10-15,,,สีอุตสาหกรรม,งานสี,,3257
สีพ่นอุตสาหกรรม  ปีเตอร์  T214 (สีดำเงา) กล.,ไทยนคร,1,390,390,,2564-06-05,IV6406/0342,,สีอุตสาหกรรม,งานสี,,3258
สีพ่นอุตสาหกรรม  ปีเตอร์  T214 (สีดำเงา) กล.,ไทยนคร,1,390,390,,2565-02-16,INV22020634,,สีอุตสาหกรรม,งานสี,,3259
สีพ่นอุตสาหกรรม  ปีเตอร์  T214 (สีดำเงา) กล.,ไทยนคร,1,390,390,,2565-05-03,INV22050028,,สีอุตสาหกรรม,งานสี,,3260
สีพ่นอุตสาหกรรม  ปีเตอร์  T214 (สีดำเงา) กล.,ไทยนคร,1,390,390,,2565-10-20,INV22100716,,สีอุตสาหกรรม,งานสี,,3261
สีพ่นอุตสาหกรรม  ปีเตอร์  T214 (สีดำเงา) กล.,ไทยนคร,1,390,390,,2566-03-17,INV23030628,,สีอุตสาหกรรม,งานสี,,3262
สีพ่นอุตสาหกรรม  ปีเตอร์  T214 (สีดำเงา) กล.,ไทยนคร,1,390,390,,2566-05-04,INV23050155,,สีอุตสาหกรรม,งานสี,,3263
สีพ่นอุตสาหกรรม  ปีเตอร์  T214 (สีดำเงา) กล.,ไทยนคร,1,390,390,,2566-08-15,INV23080494,,สีอุตสาหกรรม,งานสี,,3264
สีพ่นอุตสาหกรรม  ปีเตอร์  T214 (สีดำเงา) กล.,ไทยนคร,1,390,390,,2566-09-11,INV23090410,,สีอุตสาหกรรม,งานสี,,3265
สีพ่นอุตสาหกรรม  ปีเตอร์  T214 (สีดำเงา) กล.,ไทยนคร,1,390,390,,2566-10-18,INV23100640,,สีอุตสาหกรรม,งานสี,,3266
สีพ่นอุตสาหกรรม  นาโกย่า 902 (สีดำเงา) กล. (3.2 Kg.),ทาเลนท์,2,380,760,,2566-12-06,IV2225024,,สีอุตสาหกรรม,งานสี,,3267
สีพ่นอุตสาหกรรม  นาโกย่า 902 (สีดำเงา) กล. (3.2 Kg.),ทาเลนท์,4,380,1520,,2567-02-02,IV2228112,ราคาไม่รวม VAT,สีอุตสาหกรรม,งานสี,,3268
สีพ่นอุตสาหกรรม  นาโกย่า 902 (สีดำเงา) กล. (3.2 Kg.),ทาเลนท์,3,380,1140,,2567-05-09,IV2233217,ราคาไม่รวม VAT,สีอุตสาหกรรม,งานสี,,3269
สีพ่นอุตสาหกรรม  ปีเตอร์  T214 (สีดำเงา) กล.,ไทยนคร,1,395,422.65,395.0,2568-06-07,INV25060323,,สีอุตสาหกรรม,งานสี,,3270
สีพ่นอุตสาหกรรม  นาโกย่า 902 (สีดำเงา) กล. (3.2 Kg.),ทาเลนท์,8,370,3167.2,2960.0,2568-06-07,IV6809132,,สีอุตสาหกรรม,งานสี,,3271
สีพ่นอุตสาหกรรม HYBRID ขาวเงา S901 -- ใช้พ่นผนังห้องพ่นสี,บจก. วีที คัลเลอร์ โปร,12,420,5392.8,5040.0,2568-11-14,IV6811111,,สีอุตสาหกรรม,งานสี,,3272
น้ำยาทาผนังดักฝุ่นพ่นสี -- ใช้ทาผนังห้องพ่นสี,บจก. วีที คัลเลอร์ โปร,3,1000,3210,3000.0,2568-11-14,IV6811111,,สีอุตสาหกรรม,งานสี,,3273
สีดำด้าน 212 WIN,ศรีสยาม,1,42.5,510,,2561-07-05,,,สีสเปย์,งานสี,,3274
สีดำด้าน 212 WIN,ศรีสยาม,1,42.5,510,,2562-11-29,,,สีสเปย์,งานสี,,3275
สีดำด้าน 212 WIN,ศรีสยาม,2,42.5,1020,,2563-01-18,,,สีสเปย์,งานสี,,3276
สีดำด้าน 212 WIN,จิตต์อะไหล่,1,40.83,490,,2563-04-25,,,สีสเปย์,งานสี,,3277
สีดำด้าน 212 WIN,จิตต์อะไหล่,1,40.83,490,,2563-07-14,,,สีสเปย์,งานสี,,3278
สีดำด้าน 212 WIN,จิตต์อะไหล่,1,40.83,490,,2563-07-29,,,สีสเปย์,งานสี,,3279
สีดำด้าน 212 WIN,จิตต์อะไหล่,1,40.83,490,,2563-08-17,,,สีสเปย์,งานสี,,3280
สีดำด้าน 212 WIN,จิตต์อะไหล่,1,40.83,490,,2563-08-28,,,สีสเปย์,งานสี,,3281
สีดำด้าน 212 WIN,จิตต์อะไหล่,1,40.83,490,,2563-09-23,,,สีสเปย์,งานสี,,3282
สีดำด้าน 212 WIN,จิตต์อะไหล่,1,40.83,490,,2563-10-14,,,สีสเปย์,งานสี,,3283
สีดำด้าน 212 WIN,จิตต์อะไหล่,1,40.83,490,,2563-10-28,,,สีสเปย์,งานสี,,3284
สีดำด้าน 212 WIN,จิตต์อะไหล่,1,40.83,490,,2563-11-28,,,สีสเปย์,งานสี,,3285
สีดำด้าน 212 WIN,จิตต์อะไหล่,1,40.83,490,,2563-12-07,,,สีสเปย์,งานสี,,3286
สีดำด้าน FOX No.4 (212),ทาเลนท์,108,32,3456,,2563-12-09,,,สีสเปย์,งานสี,,3287
สีดำด้าน FOX No.4 (212),ทาเลนท์,24,32,768,,2564-05-03,,,สีสเปย์,งานสี,,3288
สีดำด้าน TOA (912),ทาเลนท์,48,32,1536,,2564-06-17,IV6406631,ราคานี้ยังไม่รวม VAT 7%,สีสเปย์,งานสี,,3289
สีดำด้าน FOX No.4 (212),ทาเลนท์,48,32,1536,,2564-09-15,IV6411764,,สีสเปย์,งานสี,,3290
สีดำด้าน FOX No.4 (212),ทาเลนท์,48,32,1536,,2565-02-16,IV6503189,,สีสเปย์,งานสี,,3291
สีดำด้าน FOX No.4 (212),ทาเลนท์,48,32,1536,,2565-06-07,IB3002119,,สีสเปย์,งานสี,,3292
สีดำด้าน FOX No.4 (212),ทาเลนท์,12,32,384,,2565-09-19,IV2204141,,สีสเปย์,งานสี,,3293
สีดำด้าน FOX No.4 (212),ทาเลนท์,36,32,1152,,2565-09-20,IV2204195,,สีสเปย์,งานสี,,3294
สีดำด้าน FOX No.4 (212),ทาเลนท์,60,32,1920,,2565-12-06,IV2207853,,สีสเปย์,งานสี,,3295
สีดำด้าน FOX No.4 (212),ทาเลนท์,24,32,768,,2566-02-15,IB3006977,,สีสเปย์,งานสี,,3296
สีดำด้าน FOX No.4 (212),ทาเลนท์,60,32,1920,,2566-05-02,IV2211226,,สีสเปย์,งานสี,,3297
สีดำด้าน FOX No.4 (212),ทาเลนท์,60,32,1920,,2566-07-14,IV2216248,,สีสเปย์,งานสี,,3298
สีดำด้าน FOX No.4 (212),ทาเลนท์,48,32,1536,,2566-10-10,IV2221763,,สีสเปย์,งานสี,,3299
สีดำด้าน FOX No.4 (212),ทาเลนท์,72,32,2304,,2567-01-16,IV2227023,,สีสเปย์,งานสี,,3300
สีดำด้าน FOX No.4 (212),ทาเลนท์,48,32,1536,,2567-05-25,IV2234107,,สีสเปย์,งานสี,,3301
สีดำด้าน FOX No.4 (212),ทาเลนท์,48,32,1536,,2567-10-15,IV2242407,กล่องละ 12 กป.,สีสเปย์,งานสี,,3302
สีดำด้าน FOX No.4 (212),ทาเลนท์,36,32,1152,,2568-02-04,IV6801996,กล่องละ 12 กป.,สีสเปย์,งานสี,,3303
สีดำด้าน FOX No.4 (212),ทาเลนท์,48,32,1643.52,1536.0,2568-07-18,IV6811579,กล่องละ 12 กป.,สีสเปย์,งานสี,0.07,3304
สีดำด้าน FOX No.4 (212),ทาเลนท์,48,32,1643.52,1536.0,2568-11-27,IV6819334,กล่องละ 12 กป.,สีสเปย์,งานสี,0.07,3305
สีดำเงา 210 WIN,จิตต์อะไหล่,1,40.83,490,,2563-04-25,,,สีสเปย์,งานสี,,3306
สีดำเงา 210 WIN,จิตต์อะไหล่,2,40.83,980,,2563-06-08,,,สีสเปย์,งานสี,,3307
สีดำเงา 210 WIN,จิตต์อะไหล่,2,40.83,980,,2563-06-23,,,สีสเปย์,งานสี,,3308
สีดำเงา 210 WIN,จิตต์อะไหล่,1,40.83,490,,2563-07-14,,,สีสเปย์,งานสี,,3309
สีดำเงา 210 WIN,จิตต์อะไหล่,1,40.83,490,,2563-07-29,,,สีสเปย์,งานสี,,3310
สีดำเงา 210 WIN,จิตต์อะไหล่,1,40.83,490,,2563-08-17,,,สีสเปย์,งานสี,,3311
สีดำเงา 210 WIN,จิตต์อะไหล่,1,40.83,490,,2563-08-28,,,สีสเปย์,งานสี,,3312
สีดำเงา 210 WIN,จิตต์อะไหล่,1,40.83,490,,2563-09-23,,,สีสเปย์,งานสี,,3313
สีดำเงา 210 WIN,จิตต์อะไหล่,1,40.83,490,,2563-10-14,,,สีสเปย์,งานสี,,3314
สีดำเงา 210 WIN,จิตต์อะไหล่,1,40.83,490,,2563-11-17,,,สีสเปย์,งานสี,,3315
สีดำเงา 210 WIN,จิตต์อะไหล่,1,40.83,490,,2563-11-27,,,สีสเปย์,งานสี,,3316
สีดำเงา FOX No.39 (210),ทาเลนท์,72,32,2304,,2564-02-08,,,สีสเปย์,งานสี,,3317
สีดำเงา FOX No.39 (210),ทาเลนท์,24,32,768,,2564-05-03,,,สีสเปย์,งานสี,,3318
สีดำเงา FOX No.39 (210),ทาเลนท์,32,32,1536,,2565-02-16,IV6503189,,สีสเปย์,งานสี,,3319
สีดำเงา FOX No.39 (210),ทาเลนท์,48,32,1536,,2565-06-07,IB3002119,,สีสเปย์,งานสี,,3320
สีดำเงา FOX No.39 (210),ทาเลนท์,24,32,768,,2565-09-19,IV2204141,,สีสเปย์,งานสี,,3321
สีดำเงา FOX No.39 (210),ทาเลนท์,24,32,768,,2565-12-06,IV2207853,,สีสเปย์,งานสี,,3322
สีดำเงา FOX No.39 (210),ทาเลนท์,24,32,768,,2566-02-15,IB3006977,,สีสเปย์,งานสี,,3323
สีดำเงา FOX No.39 (210),ทาเลนท์,24,32,768,,2566-05-02,IV2211226,,สีสเปย์,งานสี,,3324
สีดำเงา FOX No.39 (210),ทาเลนท์,24,32,768,,2566-10-10,IV2221763,,สีสเปย์,งานสี,,3325
สีดำเงา FOX No.39 (210),ทาเลนท์,24,32,768,,2567-01-16,IV2227023,,สีสเปย์,งานสี,,3326
สีดำเงา FOX No.39 (210),ทาเลนท์,48,32,1536,,2567-10-15,IV2242407,,สีสเปย์,งานสี,,3327
สีดำเงา FOX No.39 (210),ทาเลนท์,48,32,1536,,2568-02-04,IV6801996,,สีสเปย์,งานสี,,3328
สีดำเงา FOX No.39 (210),ทาเลนท์,48,32,1643.52,1536.0,2568-07-18,IV6811579,กล่องละ 12 กป.,สีสเปย์,งานสี,0.07,3329
สีบรอนซ์เงิน 300 WIN,ศรีสยาม,1,42.5,510,,2562-11-29,,,สีสเปย์,งานสี,,3330
สีบรอนซ์เงิน 300 WIN,ศรีสยาม,1,40.83,490,,2563-03-04,,,สีสเปย์,งานสี,,3331
สีบรอนซ์เงิน 300 WIN,ศรีสยาม,1,40.83,490,,2563-05-25,,,สีสเปย์,งานสี,,3332
สีบรอนซ์เงิน 300 WIN,ศรีสยาม,1,40.83,490,,2563-06-23,,,สีสเปย์,งานสี,,3333
สีบรอนซ์เงิน 300 WIN,ศรีสยาม,1,40.83,490,,2563-07-14,,,สีสเปย์,งานสี,,3334
สีบรอนซ์เงิน 300 WIN,จิตต์อะไหล่,1,40.83,490,,2563-08-19,,,สีสเปย์,งานสี,,3335
สีบรอนซ์เงิน 300 WIN,ศรีสยาม,1,40.83,490,,2563-09-12,,,สีสเปย์,งานสี,,3336
สีบรอนซ์เงิน 300 WIN,จิตต์อะไหล่,1,40.83,490,,2563-10-13,,,สีสเปย์,งานสี,,3337
สีบรอนซ์เงิน 300 WIN,ศรีสยาม,1,40.83,490,,2563-10-17,,,สีสเปย์,งานสี,,3338
สีบรอนซ์เงิน 300 WIN,ศรีสยาม,1,40.83,490,,2563-12-02,,,สีสเปย์,งานสี,,3339
สีบรอนซ์เงิน FOX No.36 (300),ทาเลนท์,36,32,1152,,2563-12-09,,,สีสเปย์,งานสี,,3340
สีบรอนซ์เงิน FOX No.36 (300),ทาเลนท์,60,32,1920,,2564-02-08,,,สีสเปย์,งานสี,,3341
สีบรอนซ์เงิน FOX No.36 (300),ทาเลนท์,12,32,384,,2564-02-11,,,สีสเปย์,งานสี,,3342
สีบรอนซ์เงิน FOX No.36 (300),ทาเลนท์,24,32,768,,2564-05-03,,,สีสเปย์,งานสี,,3343
สีบรอนซ์เงิน FOX No.36 (300),ทาเลนท์,48,32,1536,,2564-09-15,IV6411764,,สีสเปย์,งานสี,,3344
สีบรอนซ์เงิน FOX No.36 (300),ทาเลนท์,48,32,1536,,2565-02-16,IV6503189,,สีสเปย์,งานสี,,3345
สีบรอนซ์เงิน FOX No.36 (300),ทาเลนท์,48,32,1536,,2565-06-07,IB3002119,,สีสเปย์,งานสี,,3346
สีบรอนซ์เงิน FOX No.36 (300),ทาเลนท์,48,32,1536,,2565-12-06,IV2207853,,สีสเปย์,งานสี,,3347
สีบรอนซ์เงิน FOX No.36 (300),ทาเลนท์,24,32,768,,2566-02-15,IB3006977,,สีสเปย์,งานสี,,3348
สีบรอนซ์เงิน FOX No.36 (300),ทาเลนท์,24,32,768,,2566-05-02,IV2211226,,สีสเปย์,งานสี,,3349
สีบรอนซ์เงิน FOX No.36 (300),ทาเลนท์,60,32,1920,,2566-07-14,IV2216248,,สีสเปย์,งานสี,,3350
สีบรอนซ์เงิน FOX No.36 (300),ทาเลนท์,24,32,768,,2566-10-10,IV2221763,,สีสเปย์,งานสี,,3351
สีบรอนซ์เงิน FOX No.36 (300),ทาเลนท์,60,32,1920,,2567-01-16,IV2227023,,สีสเปย์,งานสี,,3352
สีบรอนซ์เงิน FOX No.36 (300),ทาเลนท์,24,32,768,,2567-05-25,IV2234107,,สีสเปย์,งานสี,,3353
สีบรอนซ์เงิน FOX No.36 (300),ทาเลนท์,48,32,1536,,2567-10-15,IV2242407,,สีสเปย์,งานสี,,3354
สีบรอนซ์เงิน FOX No.36 (300),ทาเลนท์,60,32,1920,,2568-02-04,IV6801996,,สีสเปย์,งานสี,,3355
สีบรอนซ์เงิน FOX No.36 (300),ทาเลนท์,48,32,1643.52,1536.0,2568-07-18,IV6811579,กล่องละ 12 กป.,สีสเปย์,งานสี,0.07,3356
สีเทาสว่าง 221 WIN,ศรีสยาม,12,40.83,490,,2563-03-04,,,สีสเปย์,งานสี,,3357
สีแดง 211 WIN,ศรีสยาม,1,46,46,,2563-09-21,,,สีสเปย์,งานสี,,3358
น้ำยาลงล้อ,ฝากแม่ซื้อ,4,250,1000,,2561-10-02,,,น้ำยาลงล้อ,งานสี,,3359
น้ำยาลงล้อ,ฝากแม่ซื้อ,4,250,1000,,2562-07-22,,,น้ำยาลงล้อ,งานสี,,3360
น้ำยาลงล้อ,ฝากแม่ซื้อ,4,250,1000,,2564-04-11,,,น้ำยาลงล้อ,งานสี,,3361
น้ำยาลงล้อ,ฝากแม่ซื้อ,2,290,580,,2566-10-20,,,น้ำยาลงล้อ,งานสี,,3362
น้ำยาลงเบาะ,ฝากแม่ซื้อ,8,250,2000,,2561-10-02,,,น้ำยาลงเบาะ,งานสี,,3363
น้ำยาลงเบาะ,ฝากแม่ซื้อ,4,250,1000,,2564-04-11,,,น้ำยาลงเบาะ,งานสี,,3364
น้ำยาลงเบาะ,ฝากแม่ซื้อ,4,250,1000,,2565-04-22,,,น้ำยาลงเบาะ,งานสี,,3365
น้ำยาเช็ดคราบ Matrix  3L ,ทรัพย์สินไทย,18,290,5220,,2562-05-24,,ราคาที่ลง ยังไม่รวมภาษี,น้ำยาเช็ดคราบ,งานสี,,3366
น้ำยาเช็ดคราบ Matrix  3L ,ทรัพย์สินไทย,36,290,10440,,2562-06-24,,ราคาที่ลง ยังไม่รวมภาษี,น้ำยาเช็ดคราบ,งานสี,,3367
น้ำยาเช็ดคราบ Matrix  3L ,ทรัพย์สินไทย,36,290,10440,,2562-07-24,,ราคาที่ลง ยังไม่รวมภาษี,น้ำยาเช็ดคราบ,งานสี,,3368
น้ำยาเช็ดคราบ Matrix  3L ,ทรัพย์สินไทย,36,290,10440,,2562-08-26,,ราคาที่ลง ยังไม่รวมภาษี,น้ำยาเช็ดคราบ,งานสี,,3369
น้ำยาเช็ดคราบ Matrix  3L ,ทรัพย์สินไทย,36,290,10440,,2562-09-24,,ราคาที่ลง ยังไม่รวมภาษี,น้ำยาเช็ดคราบ,งานสี,,3370
น้ำยาเช็ดคราบ Matrix  3L ,ทรัพย์สินไทย,36,290,10440,,2563-01-27,,ราคาที่ลง ยังไม่รวมภาษี,น้ำยาเช็ดคราบ,งานสี,,3371
น้ำยาเช็ดคราบ Matrix  3L ,ทรัพย์สินไทย,30,290,8700,,2563-02-20,,ราคาที่ลง ยังไม่รวมภาษี,น้ำยาเช็ดคราบ,งานสี,,3372
น้ำยาเช็ดคราบ Matrix  3L ,ทรัพย์สินไทย,36,290,10440,,2563-03-24,,ราคาที่ลง ยังไม่รวมภาษี,น้ำยาเช็ดคราบ,งานสี,,3373
น้ำยาเช็ดคราบ Matrix  3L ,ทรัพย์สินไทย,30,290,8700,,2563-04-23,,ราคาที่ลง ยังไม่รวมภาษี,น้ำยาเช็ดคราบ,งานสี,,3374
น้ำยาเช็ดคราบ Matrix  3L ,ทรัพย์สินไทย,36,290,10440,,2563-06-25,,ราคาที่ลง ยังไม่รวมภาษี,น้ำยาเช็ดคราบ,งานสี,,3375
น้ำยาเช็ดคราบ Matrix  3L ,ทรัพย์สินไทย,6,290,1740,,2563-07-29,,ราคาที่ลง ยังไม่รวมภาษี,น้ำยาเช็ดคราบ,งานสี,,3376
น้ำยาเช็ดคราบ Matrix  3L ,ทรัพย์สินไทย,30,290,8700,,2563-07-24,,ราคาที่ลง ยังไม่รวมภาษี,น้ำยาเช็ดคราบ,งานสี,,3377
น้ำยาเช็ดคราบ Matrix  3L ,ทรัพย์สินไทย,36,290,10440,,2563-08-24,,ราคาที่ลง ยังไม่รวมภาษี,น้ำยาเช็ดคราบ,งานสี,,3378
น้ำยาเช็ดคราบ Matrix  3L ,ทรัพย์สินไทย,36,290,10440,,2563-10-21,,ราคาที่ลง ยังไม่รวมภาษี,น้ำยาเช็ดคราบ,งานสี,,3379
น้ำยาเช็ดคราบ Matrix  3L ,ทรัพย์สินไทย,42,290,12180,,2563-11-22,,ราคาที่ลง ยังไม่รวมภาษี,น้ำยาเช็ดคราบ,งานสี,,3380
น้ำยาเช็ดคราบ Matrix  3L ,ทรัพย์สินไทย,36,290,10440,,2563-11-25,,ราคาที่ลง ยังไม่รวมภาษี,น้ำยาเช็ดคราบ,งานสี,,3381
น้ำยาเช็ดคราบ Matrix  3L ,ทรัพย์สินไทย,36,290,10440,,2563-12-21,,ราคาที่ลง ยังไม่รวมภาษี,น้ำยาเช็ดคราบ,งานสี,,3382
น้ำยาเช็ดคราบ Matrix  3L ,ทรัพย์สินไทย,24,290,6960,,2564-09-09,,ราคาที่ลง ยังไม่รวมภาษี,น้ำยาเช็ดคราบ,งานสี,,3383
น้ำยาเช็ดคราบ Matrix  3L ,ทรัพย์สินไทย,36,300,10800,,2564-11-29,IV6411367,ราคาที่ลง ยังไม่รวมภาษี,น้ำยาเช็ดคราบ,งานสี,,3384
น้ำยาเช็ดคราบ Matrix  3L ,ทรัพย์สินไทย,24,300,7200,,2565-04-28,IV6504246,ราคาที่ลง ยังไม่รวมภาษี,น้ำยาเช็ดคราบ,งานสี,,3385
น้ำยาเช็ดคราบ HUTSON 3L ,ทาเลนท์,1,195,195,,2564-01-04,,ราคาที่ลง ยังไม่รวมภาษี,1ลัง = 6กล.,งานสี,,3386
น้ำยาเช็ดคราบ HUTSON 3L ,ทาเลนท์,24,190,4560,,2564-01-14,,ราคาที่ลง ยังไม่รวมภาษี,1ลัง = 6กล.,งานสี,,3387
น้ำยาเช็ดคราบ HUTSON 3L ,ทาเลนท์,24,190,4560,,2564-02-02,,ราคาที่ลง ยังไม่รวมภาษี,1ลัง = 6กล.,งานสี,,3388
น้ำยาเช็ดคราบ HUTSON 3L ,ทาเลนท์,24,190,4560,,2564-02-22,,ราคาที่ลง ยังไม่รวมภาษี,1ลัง = 6กล.,งานสี,,3389
น้ำยาเช็ดคราบ HUTSON 3L ,ทาเลนท์,24,190,4560,,2564-03-19,,ราคาที่ลง ยังไม่รวมภาษี,1ลัง = 6กล.,งานสี,,3390
น้ำยาเช็ดคราบ HUTSON 3L ,ทาเลนท์,36,190,6840,,2564-05-24,,ราคาที่ลง ยังไม่รวมภาษี,1ลัง = 6กล.,งานสี,,3391
น้ำยาเช็ดคราบ HUTSON 3L ,ทาเลนท์,36,190,6840,,2564-08-24,,ราคาที่ลง ยังไม่รวมภาษี,1ลัง = 6กล.,งานสี,,3392
น้ำยาเช็ดคราบ HUTSON 3L ,ทาเลนท์,24,190,4560,,2564-07-04,IV6407743,ราคาที่ลง ยังไม่รวมภาษี,1ลัง = 6กล.,งานสี,,3393
น้ำยาเช็ดคราบ HUTSON 3L ,ทาเลนท์,36,190,6840,,2564-11-27,IV6416224,ราคาที่ลง ยังไม่รวมภาษี,1ลัง = 6กล.,งานสี,,3394
น้ำยาเช็ดคราบ HUTSON 3L ,ทาเลนท์,24,190,4560,,2565-03-11,IV6504806,ราคาที่ลง ยังไม่รวมภาษี,1ลัง = 6กล.,งานสี,,3395
น้ำยาเช็ดคราบ HUTSON 3L ,ทาเลนท์,12,190,2280,,2565-05-03,IB3000095,ราคาที่ลง ยังไม่รวมภาษี,1ลัง = 6กล.,งานสี,,3396
น้ำยาเช็ดคราบ HUTSON 3L ,ทาเลนท์,48,190,9120,,2565-06-18,IB3002779,ราคาที่ลง ยังไม่รวมภาษี,1ลัง = 6กล.,งานสี,,3397
น้ำยาเช็ดคราบ HUTSON 3L ,ทาเลนท์,36,190,6840,,2565-10-04,IV2204973,ราคาที่ลง ยังไม่รวมภาษี,1ลัง = 6กล.,งานสี,,3398
น้ำยาเช็ดคราบ HUTSON 3L ,ทาเลนท์,24,190,4560,,2566-01-19,IB3005285,ราคาที่ลง ยังไม่รวมภาษี,1ลัง = 6กล.,งานสี,,3399
น้ำยาเช็ดคราบ HUTSON 3L ,ทาเลนท์,36,190,6840,,2566-03-02,IB3007951,ราคาที่ลง ยังไม่รวมภาษี,1ลัง = 6กล.,งานสี,,3400
น้ำยาเช็ดคราบ HUTSON 3L ,ทาเลนท์,36,190,6840,,2566-05-31,IV2213077,ราคาที่ลง ยังไม่รวมภาษี,1ลัง = 6กล.,งานสี,,3401
น้ำยาเช็ดคราบ HUTSON 3L ,ทาเลนท์,48,190,9120,,2566-06-15,IV2214252,ราคาที่ลง ยังไม่รวมภาษี,1ลัง = 6กล.,งานสี,,3402
น้ำยาเช็ดคราบ HUTSON 3L ,ทาเลนท์,24,190,4560,,2566-09-21,IV2220473,ราคาที่ลง ยังไม่รวมภาษี,1ลัง = 6กล.,งานสี,,3403
น้ำยาเช็ดคราบ HUTSON 3L ,ทาเลนท์,24,190,4560,,2566-10-10,IV2221763,ราคาที่ลง ยังไม่รวมภาษี,1ลัง = 6กล.,งานสี,,3404
น้ำยาเช็ดคราบ HUTSON 3L ,ทาเลนท์,36,190,6840,,2566-12-19,IV2225888,ราคาที่ลง ยังไม่รวมภาษี,1ลัง = 6กล.,งานสี,,3405
น้ำยาเช็ดคราบ HUTSON 3L ,ทาเลนท์,42,190,7980,,2567-03-27,IV2231150,ราคาที่ลง ยังไม่รวมภาษี,1ลัง = 6กล.,งานสี,,3406
น้ำยาเช็ดคราบ HUTSON 3L ,ทาเลนท์,36,190,6840,,2567-07-04,IV2236517,ราคาที่ลง ยังไม่รวมภาษี,1ลัง = 6กล.,งานสี,,3407
น้ำยาเช็ดคราบ HUTSON 3L ,ทาเลนท์,36,190,6840,,2567-09-13,IV2240627,ราคาที่ลง ยังไม่รวมภาษี,1ลัง = 6กล.,งานสี,,3408
น้ำยาเช็ดคราบ HUTSON 3L ,ทาเลนท์,24,190,4560,,2567-10-15,IV2242407,ราคาที่ลง ยังไม่รวมภาษี,1ลัง = 6กล.,งานสี,,3409
น้ำยาเช็ดคราบ HUTSON 3L ,ทาเลนท์,36,190,6840,,2568-01-09,IV6800504,ราคาที่ลง ยังไม่รวมภาษี,1ลัง = 6กล.,งานสี,,3410
น้ำยาเช็ดคราบ HUTSON 3L ,ทาเลนท์,48,190,9758.4,9120.0,2568-06-25,IV6810093,,1ลัง = 6กล.,งานสี,0.07,3411
น้ำยาเช็ดคราบ HYBRID 3.5L,บจก. วีที คัลเลอร์ โปร,36,200,7704,7200.0,2568-10-11,IV6810079,ราคาที่ลง ยังไม่รวมภาษี,1ลัง = 6กล.,งานสี,,3412
น้ำยาเช็ดคราบ NAX NIPPON PAINT 4L ,บมจ. วีที คัลเลอร์ โปร,6,390,2340,,2565-07-16,IV095-65,ราคาที่ลง ยังไม่รวมภาษี,1ลัง = 6กล.,งานสี,,3413
น้ำยาเช็ดคราบ NAX NIPPON PAINT 4L ,บมจ. วีที คัลเลอร์ โปร,12,390,4680,,2565-07-20,IV099-65,ราคาที่ลง ยังไม่รวมภาษี,1ลัง = 6กล.,งานสี,,3414
น้ำยาเช็ดคราบ NAX NIPPON PAINT 4L ,บมจ. วีที คัลเลอร์ โปร,36,390,14040,,2565-10-03,IV198-65,ราคาที่ลง ยังไม่รวมภาษี,1ลัง = 6กล.,งานสี,,3415
น้ำยาเช็ดคราบ NAX NIPPON PAINT 4L ,บมจ. วีที คัลเลอร์ โปร,36,390,14040,,2566-03-10,IV150-66,ราคาที่ลง ยังไม่รวมภาษี,1ลัง = 6กล.,งานสี,,3416
น้ำยาเช็ดคราบ NAX NIPPON PAINT 4L ,บมจ. วีที คัลเลอร์ โปร,36,390,14040,,2566-06-14,IV336-66,ราคาที่ลง ยังไม่รวมภาษี,1ลัง = 6กล.,งานสี,,3417
น้ำยาเช็ดคราบ NAX NIPPON PAINT 4L ,บมจ. วีที คัลเลอร์ โปร,36,350,12600,,2566-12-19,IV756-66,ราคาที่ลง ยังไม่รวมภาษี,1ลัง = 6กล.,งานสี,,3418
น้ำยาเช็ดคราบ NAX NIPPON PAINT 4L ,บมจ. วีที คัลเลอร์ โปร,30,350,10500,,2567-04-22,IV6704072,ราคาที่ลง ยังไม่รวมภาษี,1ลัง = 6กล.,งานสี,,3419
น้ำยาเช็ดคราบ NAX NIPPON PAINT 4L ,บมจ. วีที คัลเลอร์ โปร,20,350,7490,7000.0,2568-04-08,IV6804059,ราคาที่ลง ยังไม่รวมภาษี,1ลัง = 6กล.,งานสี,,3420
น้ำยาเช็ดคราบ NAX NIPPON PAINT 4L ,บมจ. วีที คัลเลอร์ โปร,20,350,7490,7000.0,2568-06-25,IV6806162,ราคาที่ลง ยังไม่รวมภาษี,1ลัง = 6กล.,งานสี,,3421
น้ำยาเช็ดคราบ NAX NIPPON PAINT 4L ,บจก. วีที คัลเลอร์ โปร,24,350,8988,8400.0,2568-10-11,IV6810077,ราคาที่ลง ยังไม่รวมภาษี,1ลัง = 6กล.,งานสี,,3422
ผ้าเหนียว เทคโค้ท,ทาเลนท์,24,30,720,,2565-05-04,IB3000130,ราคาที่ลง ยังไม่รวมภาษี,ผ้าเหนียว,งานสี,,3423
ผ้าเหนียว 812 3M,ทาเลนท์,24,30,720,,2565-11-23,IV2207094,ราคาที่ลง ยังไม่รวมภาษี,ผ้าเหนียว,งานสี,,3424
ผ้าเหนียว เทคโค้ท,ทาเลนท์,12,30,360,,2566-06-15,IV2214252,ราคาที่ลง ยังไม่รวมภาษี,ผ้าเหนียว,งานสี,,3425
ผ้าเหนียว เทคโค้ท,ทาเลนท์,24,30,720,,2567-11-01,IV2222917,ราคาที่ลง ยังไม่รวมภาษี,ผ้าเหนียว,งานสี,,3426
ผ้าเหนียว เทคโค้ท,ทาเลนท์,12,30,360,,2567-02-02,IV2228112,ราคาที่ลง ยังไม่รวมภาษี,ผ้าเหนียว,งานสี,,3427
ผ้าเหนียว เทคโค้ท,ทาเลนท์,12,30,360,,2567-10-15,IV2242407,ราคาที่ลง ยังไม่รวมภาษี,ผ้าเหนียว,งานสี,,3428
ผ้าเหนียว เทคโค้ท,ทาเลนท์,12,30,360,,2568-02-03,IV6801896,ราคาที่ลง ยังไม่รวมภาษี,ผ้าเหนียว,งานสี,,3429
ผ้าเหนียว เทคโค้ท,ทาเลนท์,24,30,770.4,720.0,2568-10-16,IV6816789,ราคาที่ลง ยังไม่รวมภาษี,ผ้าเหนียว,งานสี,,3430
กระชอนกรองสี,ทาเลนท์,50,7,350,,2562-07-30,,ราคาที่ลง ยังไม่รวมภาษี,กระชอนกรองสี,งานสี,,3431
กระชอนกรองสี,ทาเลนท์,50,7,350,,2562-09-03,,ราคาที่ลง ยังไม่รวมภาษี,กระชอนกรองสี,งานสี,,3432
กระชอนกรองสี,ทาเลนท์,50,7,350,,2562-10-22,,ราคาที่ลง ยังไม่รวมภาษี,กระชอนกรองสี,งานสี,,3433
กระชอนกรองสี,ทาเลนท์,50,7,350,,2562-11-27,,ราคาที่ลง ยังไม่รวมภาษี,กระชอนกรองสี,งานสี,,3434
กระชอนกรองสี,ทาเลนท์,50,7,350,,2563-02-20,,ราคาที่ลง ยังไม่รวมภาษี,กระชอนกรองสี,งานสี,,3435
กระชอนกรองสี,ทาเลนท์,50,7,350,,2563-03-24,,ราคาที่ลง ยังไม่รวมภาษี,กระชอนกรองสี,งานสี,,3436
กระชอนกรองสี,ทาเลนท์,50,7,350,,2563-05-27,,ราคาที่ลง ยังไม่รวมภาษี,กระชอนกรองสี,งานสี,,3437
กระชอนกรองสี,ทาเลนท์,50,7,350,,2563-07-08,,ราคาที่ลง ยังไม่รวมภาษี,กระชอนกรองสี,งานสี,,3438
กระชอนกรองสี,ทาเลนท์,50,7,350,,2563-09-18,,ราคาที่ลง ยังไม่รวมภาษี,กระชอนกรองสี,งานสี,,3439
กระชอนกรองสี,ทาเลนท์,50,7,350,,2564-01-14,,ราคาที่ลง ยังไม่รวมภาษี,กระชอนกรองสี,งานสี,,3440
กระชอนกรองสี,ทาเลนท์,36,7,252,,2564-02-22,,ราคาที่ลง ยังไม่รวมภาษี,กระชอนกรองสี,งานสี,,3441
กระชอนกรองสี,ทาเลนท์,50,7,350,,2564-10-15,,ราคาที่ลง ยังไม่รวมภาษี,กระชอนกรองสี,งานสี,,3442
กระชอนกรองสี,ทาเลนท์,24,7,168,,2565-06-07,IB3002119,ราคาที่ลง ยังไม่รวมภาษี,กระชอนกรองสี,งานสี,,3443
กระชอนกรองสี,ทาเลนท์,24,7,168,,2565-09-10,IV2203682,ราคาที่ลง ยังไม่รวมภาษี,กระชอนกรองสี,งานสี,,3444
กระชอนกรองสี,ทาเลนท์,48,7,336,,2565-11-12,IV2206487,ราคาที่ลง ยังไม่รวมภาษี,กระชอนกรองสี,งานสี,,3445
กระชอนกรองสี,ทาเลนท์,72,7,504,,2566-07-14,IV2216248,ราคาที่ลง ยังไม่รวมภาษี,กระชอนกรองสี,งานสี,,3446
กระชอนกรองสี,ทาเลนท์,48,7,336,,2567-05-30,IV2234378,ราคาที่ลง ยังไม่รวมภาษี,กระชอนกรองสี,งานสี,,3447
กระชอนกรองสี,ทาเลนท์,36,7,252,,2567-12-04,IV2245245,ราคาที่ลง ยังไม่รวมภาษี,กระชอนกรองสี,งานสี,,3448
กระชอนกรองสี,ทาเลนท์,48,7,336,,2568-06-02,IV6808617,ราคาที่ลง ยังไม่รวมภาษี,กระชอนกรองสี,งานสี,,3449
กระชอนกรองสี,ทาเลนท์,48,7,359.52,336.0,2568-10-16,IV6816789,ราคาที่ลง ยังไม่รวมภาษี,กระชอนกรองสี,งานสี,,3450
หน้ากากกรองพ่นสี (ทั้งชุดพร้อมไส้กรอง) 3M,Shopee,4,389,1556,,2567-05-30,,ฟรีค่าขนส่ง,หน้ากากกรองพ่นสี,งานสี,,3451
ตลับกรอง 6001 3M,ทาเลนท์,3,295,885,,2563-07-20,,ราคาที่ลง ยังไม่รวมภาษี,ตลับกรองหน้ากากพ่นสี,งานสี,,3452
แผ่นกรองหน้ากาก 5N11 3M,ทาเลนท์,1,390,390,,2563-07-20,,ราคาที่ลง ยังไม่รวมภาษี,แผ่นกรองหน้ากากพ่นสี,งานสี,,3453
กาวซีลเอนกประสงค์สีขาวแบบห่อนิ่ม (ยิงตะเข็บ) Sika เบอร์ 221 400ml.,ออโต้ สมาร์ท,20,240,4800,,2562-08-05,,ราคาที่ลง ยังไม่รวมภาษี,กาวซีลตะเข็บ,งานสี,,3454
กาวซีลเอนกประสงค์สีขาวแบบห่อนิ่ม (ยิงตะเข็บ) Sika เบอร์ 221 400ml.,ออโต้ สมาร์ท,20,240,4800,,2562-12-17,,ราคาที่ลง ยังไม่รวมภาษี,กาวซีลตะเข็บ,งานสี,,3455
กาวซีลเอนกประสงค์สีขาวแบบห่อนิ่ม (ยิงตะเข็บ) Sika เบอร์ 221 400ml.,ออโต้ สมาร์ท,20,240,4800,,2563-03-10,,ราคาที่ลง ยังไม่รวมภาษี,กาวซีลตะเข็บ,งานสี,,3456
กาวซีลเอนกประสงค์สีขาวแบบห่อนิ่ม (ยิงตะเข็บ) Sika เบอร์ 221 400ml.,ออโต้ สมาร์ท,20,240,4800,,2563-05-26,,ราคาที่ลง ยังไม่รวมภาษี,กาวซีลตะเข็บ,งานสี,,3457
กาวซีลเอนกประสงค์สีขาวแบบห่อนิ่ม (ยิงตะเข็บ) Sika เบอร์ 221 400ml.,ออโต้ สมาร์ท,20,240,4800,,2563-07-20,,ราคาที่ลง ยังไม่รวมภาษี,กาวซีลตะเข็บ,งานสี,,3458
กาวซีลเอนกประสงค์สีขาวแบบห่อนิ่ม (ยิงตะเข็บ) Sika เบอร์ 221 400ml.,ออโต้ สมาร์ท,20,240,4800,,2563-08-31,,ราคาที่ลง ยังไม่รวมภาษี,กาวซีลตะเข็บ,งานสี,,3459
กาวซีลเอนกประสงค์สีขาวแบบห่อนิ่ม (ยิงตะเข็บ) Sika เบอร์ 221 400ml.,ออโต้ สมาร์ท,20,240,4800,,2563-10-09,,ราคาที่ลง ยังไม่รวมภาษี,กาวซีลตะเข็บ,งานสี,,3460
กาวซีลเอนกประสงค์สีขาวแบบห่อนิ่ม (ยิงตะเข็บ) Sika เบอร์ 221 400ml.,ออโต้ สมาร์ท,20,240,4800,,2563-11-20,,ราคาที่ลง ยังไม่รวมภาษี,กาวซีลตะเข็บ,งานสี,,3461
กาวซีลเอนกประสงค์สีขาวแบบห่อนิ่ม (ยิงตะเข็บ) Sika เบอร์ 221 400ml.,ออโต้ สมาร์ท,40,240,9600,,2564-02-04,,ราคาที่ลง ยังไม่รวมภาษี,กาวซีลตะเข็บ,งานสี,,3462
กาวซีลเอนกประสงค์สีขาวแบบห่อนิ่ม (ยิงตะเข็บ) Sika เบอร์ 221 400ml.,ออโต้ สมาร์ท,20,240,4800,,2564-07-13,,ราคาที่ลง ยังไม่รวมภาษี,กาวซีลตะเข็บ,งานสี,,3463
กาวซีลเอนกประสงค์สีขาวแบบห่อนิ่ม (ยิงตะเข็บ) Sika เบอร์ 221 400ml.,ออโต้ สมาร์ท,20,240,4800,,2564-12-07,,ราคาที่ลง ยังไม่รวมภาษี,กาวซีลตะเข็บ,งานสี,,3464
กาวซีลเอนกประสงค์สีขาวแบบห่อนิ่ม (ยิงตะเข็บ) Sika เบอร์ 221 400ml.,ทาเลนท์,5,230,1150,,2564-08-16,,ราคายังไม่รวม VAT 7%,กาวซีลตะเข็บ,งานสี,,3465
กาวซีลเอนกประสงค์สีขาวแบบห่อนิ่ม (ยิงตะเข็บ) Sika เบอร์ 221 400ml.,ทาเลนท์,14,230,3220,,2564-08-19,IV6410260,ราคาที่ลง ยังไม่รวมภาษี,กาวซีลตะเข็บ,งานสี,,3466
กาวซีลเอนกประสงค์สีขาวแบบห่อนิ่ม (ยิงตะเข็บ) Sika Auto 400ml.,ทาเลนท์,6,230,1380,,2564-11-27,IV6416224,ราคาที่ลง ยังไม่รวมภาษี,กาวซีลตะเข็บ,งานสี,,3467
กาวซีลเอนกประสงค์สีขาวแบบห่อนิ่ม (ยิงตะเข็บ) Sika Auto 400ml.,ทาเลนท์,12,230,2760,,2565-03-08,IV6504527,ราคาที่ลง ยังไม่รวมภาษี,กาวซีลตะเข็บ,งานสี,,3468
กาวซีลเอนกประสงค์สีขาวแบบห่อนิ่ม (ยิงตะเข็บ) Sika Auto 400ml.,ทาเลนท์,12,230,2760,,2565-04-20,IV6506938,ราคาที่ลง ยังไม่รวมภาษี,กาวซีลตะเข็บ,งานสี,,3469
กาวซีลเอนกประสงค์สีขาวแบบห่อนิ่ม (ยิงตะเข็บ) Sika Auto 400ml.,ทาเลนท์,12,230,2760,,2565-06-08,IB3002168,ราคาที่ลง ยังไม่รวมภาษี,กาวซีลตะเข็บ,งานสี,,3470
กาวซีลเอนกประสงค์สีขาวแบบห่อนิ่ม (ยิงตะเข็บ) Sika Auto 400ml.,ทาเลนท์,12,230,2760,,2565-07-27,IV2200950,ราคาที่ลง ยังไม่รวมภาษี,กาวซีลตะเข็บ,งานสี,,3471
กาวซีลเอนกประสงค์สีขาวแบบห่อนิ่ม (ยิงตะเข็บ) Sika Auto 400ml.,ทาเลนท์,12,230,2760,,2565-08-29,IV2202823,ราคาที่ลง ยังไม่รวมภาษี,กาวซีลตะเข็บ,งานสี,,3472
กาวซีลเอนกประสงค์สีขาวแบบห่อนิ่ม (ยิงตะเข็บ) Sika Auto 400ml.,ทาเลนท์,24,230,5520,,2565-10-05,IB3004102,ราคาที่ลง ยังไม่รวมภาษี,กาวซีลตะเข็บ,งานสี,,3473
กาวซีลเอนกประสงค์สีขาวแบบห่อนิ่ม (ยิงตะเข็บ) Sika Auto 400ml.,ทาเลนท์,12,230,2760,,2565-12-06,IV2207853,ราคาที่ลง ยังไม่รวมภาษี,กาวซีลตะเข็บ,งานสี,,3474
กาวซีลเอนกประสงค์สีขาวแบบห่อนิ่ม (ยิงตะเข็บ) Sika Auto 400ml.,ทาเลนท์,12,230,2760,,2566-02-10,IB3006698,ราคาที่ลง ยังไม่รวมภาษี,กาวซีลตะเข็บ,งานสี,,3475
กาวซีลเอนกประสงค์สีขาวแบบห่อนิ่ม (ยิงตะเข็บ) Sika Auto 400ml.,ทาเลนท์,12,230,2760,,2566-03-13,IB3008531,ราคาที่ลง ยังไม่รวมภาษี,กาวซีลตะเข็บ,งานสี,,3476
กาวซีลเอนกประสงค์สีขาวแบบห่อนิ่ม (ยิงตะเข็บ) Sika Auto 400ml.,ทาเลนท์,12,230,2760,,2566-04-18,IV2210406,ราคาที่ลง ยังไม่รวมภาษี,กาวซีลตะเข็บ,งานสี,,3477
กาวซีลเอนกประสงค์สีขาวแบบห่อนิ่ม (ยิงตะเข็บ) Sika Auto 400ml.,ทาเลนท์,12,230,2760,,2566-05-26,IV2213077,ราคาที่ลง ยังไม่รวมภาษี,กาวซีลตะเข็บ,งานสี,,3478
กาวซีลเอนกประสงค์สีขาวแบบห่อนิ่ม (ยิงตะเข็บ) Sika Auto 400ml.,ทาเลนท์,24,230,5520,,2566-06-20,IV2214540,ราคาที่ลง ยังไม่รวมภาษี,กาวซีลตะเข็บ,งานสี,,3479
กาวซีลเอนกประสงค์สีขาวแบบห่อนิ่ม (ยิงตะเข็บ) Sika Auto 400ml.,ทาเลนท์,12,230,2760,,2566-08-10,IV2217919,ราคาที่ลง ยังไม่รวมภาษี,กาวซีลตะเข็บ,งานสี,,3480
กาวซีลเอนกประสงค์สีขาวแบบห่อนิ่ม (ยิงตะเข็บ) Sika Auto 400ml.,ทาเลนท์,24,230,5520,,2566-09-22,IV2220554,ราคาที่ลง ยังไม่รวมภาษี,กาวซีลตะเข็บ,งานสี,,3481
กาวซีลเอนกประสงค์สีขาวแบบห่อนิ่ม (ยิงตะเข็บ) Sika Auto 400ml.,ทาเลนท์,24,230,5520,,2566-12-02,IV2224867,ราคาที่ลง ยังไม่รวมภาษี,กาวซีลตะเข็บ,งานสี,,3482
กาวซีลเอนกประสงค์สีขาวแบบห่อนิ่ม (ยิงตะเข็บ) Sika Auto 400ml.,ทาเลนท์,24,230,5520,,2567-02-22,IV2229289,ราคาที่ลง ยังไม่รวมภาษี,กาวซีลตะเข็บ,งานสี,,3483
กาวซีลเอนกประสงค์สีขาวแบบห่อนิ่ม (ยิงตะเข็บ) Sika Auto 400ml.,ทาเลนท์,12,230,2760,,2567-05-03,IV2232778,ราคาที่ลง ยังไม่รวมภาษี,กาวซีลตะเข็บ,งานสี,,3484
กาวซีลเอนกประสงค์สีขาวแบบห่อนิ่ม (ยิงตะเข็บ) Sika Auto 400ml.,ทาเลนท์,22,230,5060,,2567-05-31,IV2234378,ราคาที่ลง ยังไม่รวมภาษี,กาวซีลตะเข็บ,งานสี,,3485
กาวซีลเอนกประสงค์สีขาวแบบห่อนิ่ม (ยิงตะเข็บ) Sika Auto 400ml.,ทาเลนท์,2,230,460,,2567-06-06,IV2234900,ราคาที่ลง ยังไม่รวมภาษี,กาวซีลตะเข็บ,งานสี,,3486
กาวซีลเอนกประสงค์สีขาวแบบห่อนิ่ม (ยิงตะเข็บ) Sika Auto 400ml.,ทาเลนท์,4,230,920,,2567-07-11,IV2236946,ราคาที่ลง ยังไม่รวมภาษี,กาวซีลตะเข็บ,งานสี,,3487
กาวซีลเอนกประสงค์สีขาวแบบห่อนิ่ม (ยิงตะเข็บ) Sika Auto 400ml.,ทาเลนท์,20,230,4600,,2567-07-08,IV2236779,ราคาที่ลง ยังไม่รวมภาษี,กาวซีลตะเข็บ,งานสี,,3488
กาวซีลเอนกประสงค์สีขาวแบบห่อนิ่ม (ยิงตะเข็บ) Sika Auto 400ml.,ทาเลนท์,24,230,5520,,2567-09-25,IV2241234,ราคาที่ลง ยังไม่รวมภาษี,กาวซีลตะเข็บ,งานสี,,3489
กาวซีลเอนกประสงค์สีขาวแบบห่อนิ่ม (ยิงตะเข็บ) Sika Auto 400ml.,ทาเลนท์,24,230,5520,,2567-11-21,IV2244487,ราคาที่ลง ยังไม่รวมภาษี,กาวซีลตะเข็บ,งานสี,,3490
กาวซีลเอนกประสงค์สีขาวแบบห่อนิ่ม (ยิงตะเข็บ) Sika Auto 400ml.,ทาเลนท์,12,230,2953.2,2760.0,2568-04-02,IV6805479,,กาวซีลตะเข็บ,งานสี,,3491
กาวซีลเอนกประสงค์สีขาวแบบห่อนิ่ม (ยิงตะเข็บ) Sika Auto 400ml.,ทาเลนท์,12,230,2953.2,2760.0,2568-04-03,IV6805575,,กาวซีลตะเข็บ,งานสี,,3492
กาวซีลเอนกประสงค์สีขาวแบบห่อนิ่ม (ยิงตะเข็บ) Sika Auto 400ml.,ทาเลนท์,12,230,2953.2,2760.0,2568-08-15,IV6813173,,กาวซีลตะเข็บ,งานสี,,3493
กาวซีลเอนกประสงค์สีขาวแบบห่อนิ่ม (ยิงตะเข็บ) Sika Auto 400ml.,ทาเลนท์,12,230,2953.2,2760.0,2568-09-11,IV6814709,,กาวซีลตะเข็บ,งานสี,,3494
กาวซีลเอนกประสงค์สีขาวแบบห่อนิ่ม (ยิงตะเข็บ) Sika Auto 400ml.,ทาเลนท์,19,230,4675.9,4370.0,2568-11-18,IV6818818,,กาวซีลตะเข็บ,งานสี,,3495
กาวซีลเอนกประสงค์สีขาวแบบห่อนิ่ม (ยิงตะเข็บ) Sika Auto 400ml.,ทาเลนท์,5,230,1230.5,1150.0,2568-11-21,IV6819012,,กาวซีลตะเข็บ,งานสี,,3496
สีโจตัน (โจตาการ์ด 82 สีดำ) 4.29 ลิตร + ฮาร์ด 0.71 ลิตร,ศรีสยาม,1,890,890,,2562-12-10,,,สีโจตัน,งานสี,,3497
สีโจตัน (โจตาการ์ด 82 สีดำ) 5 ลิตร + ฮาร์ด 0.71 ลิตร,ศรีสยาม,1,890,890,,2564-06-09,,,สีโจตัน,งานสี,,3498
"เกรียงโป๊วสี 4""",ทาเลนท์,2,45,90,,2562-07-30,,,เกรียงโป๊วสี,งานสี,,3499
"เกรียงโป๊วสี 4""",ทาเลนท์,3,45,135,,2562-09-03,,,เกรียงโป๊วสี,งานสี,,3500
"เกรียงโป๊วสี 4""",ทาเลนท์,3,45,135,,2563-09-18,,,เกรียงโป๊วสี,งานสี,,3501
"เกรียงโป๊วสี 4""",ทาเลนท์,3,45,135,,2565-04-20,IV6506938,,เกรียงโป๊วสี,งานสี,,3502
"เกรียงโป๊วสี 4""",ทาเลนท์,4,58,232,,2565-05-16,IB3000910,,เกรียงโป๊วสี,งานสี,,3503
"เกรียงโป๊วสี 4""",ทาเลนท์,2,58,116,,2566-08-01,IV2217111,,เกรียงโป๊วสี,งานสี,,3504
"เกรียงโป๊วสี 6""",ทาเลนท์,2,80,160,,2562-07-30,,,เกรียงโป๊วสี,งานสี,,3505
"เกรียงโป๊วสี 6""",ทาเลนท์,3,80,240,,2562-09-03,,,เกรียงโป๊วสี,งานสี,,3506
"เกรียงโป๊วสี 6""",ทาเลนท์,3,80,240,,2563-09-18,,,เกรียงโป๊วสี,งานสี,,3507
"เกรียงโป๊วสี 6""",ทาเลนท์,3,80,240,,2563-10-02,,,เกรียงโป๊วสี,งานสี,,3508
"เกรียงโป๊วสี 6""",ทาเลนท์,3,80,240,,2565-04-20,IV6506938,,เกรียงโป๊วสี,งานสี,,3509
"เกรียงโป๊วสี 6""",ทาเลนท์,4,80,320,,2565-05-16,IB3000910,,เกรียงโป๊วสี,งานสี,,3510
"เกรียงโป๊วสี 6""",ทาเลนท์,2,80,160,,2566-08-01,IV2217111,,เกรียงโป๊วสี,งานสี,,3511
แผ่นยางมะตอย,ศรีสยาม,2,260,520,,2564-04-22,,,แผ่นยางมะตอย,งานสี,,3512
น้ำยาป้องกันสนิม ออโต้โค้ท/ทัฟโค้ท (สีดำ),ไม่มี VAT,30,216.67,2564-07-10 00:00:00,,,,,น้ำยาป้องกันสนิม ออโต้โค้ท,งานสี,6500.0,3513
น้ำยาป้องกันสนิม ออโต้โค้ท/ทัฟโค้ท (สีดำ),ไม่มี VAT,30,216.67,1964-08-26 00:00:00,,,,,น้ำยาป้องกันสนิม ออโต้โค้ท,งานสี,6500.0,3514
น้ำยาป้องกันสนิม ออโต้โค้ท/ทัฟโค้ท (สีดำ),ไม่มี VAT,30,216.67,1964-10-25 00:00:00,,,,,น้ำยาป้องกันสนิม ออโต้โค้ท,งานสี,6500.0,3515
น้ำยาป้องกันสนิม ออโต้โค้ท/ทัฟโค้ท (สีดำ),ไม่มี VAT,30,216.67,1965-02-11 00:00:00,,,,,น้ำยาป้องกันสนิม ออโต้โค้ท,งานสี,6500.0,3516
น้ำยาป้องกันสนิม ออโต้โค้ท/ทัฟโค้ท (สีดำ),ไม่มี VAT,30,216.67,1965-04-30 00:00:00,,,,,น้ำยาป้องกันสนิม ออโต้โค้ท,งานสี,6500.0,3517
น้ำยาป้องกันสนิม ออโต้โค้ท/ทัฟโค้ท (สีดำ),ไม่มี VAT,30,220,1965-07-20 00:00:00,100.0,,,,น้ำยาป้องกันสนิม ออโต้โค้ท,งานสี,6500.0,3518
น้ำยาป้องกันสนิม ออโต้โค้ท/ทัฟโค้ท (สีดำ),ไม่มี VAT,30,220,1965-09-13 00:00:00,100.0,,,,น้ำยาป้องกันสนิม ออโต้โค้ท,งานสี,6500.0,3519
น้ำยาป้องกันสนิม ออโต้โค้ท/ทัฟโค้ท (สีดำ),ไม่มี VAT,30,220,1965-11-23 00:00:00,100.0,,,,น้ำยาป้องกันสนิม ออโต้โค้ท,งานสี,6500.0,3520
น้ำยาป้องกันสนิม ออโต้โค้ท/ทัฟโค้ท (สีดำ),ไม่มี VAT,30,220,1966-01-07 00:00:00,100.0,,,,น้ำยาป้องกันสนิม ออโต้โค้ท,งานสี,6500.0,3521
น้ำยาป้องกันสนิม ออโต้โค้ท/ทัฟโค้ท (สีดำ),ไม่มี VAT,30,220,1966-03-27 00:00:00,100.0,,,,น้ำยาป้องกันสนิม ออโต้โค้ท,งานสี,6500.0,3522
น้ำยาป้องกันสนิม ออโต้โค้ท/ทัฟโค้ท (สีดำ),ไม่มี VAT,30,220,1967-07-24 00:00:00,100.0,,,,น้ำยาป้องกันสนิม ออโต้โค้ท,งานสี,6500.0,3523
น้ำยาป้องกันสนิม ออโต้โค้ท/ทัฟโค้ท (25ลิตร),หจก. ไทยออโต้โคท ,1,,6500,,2566-12-14,,ลิตรละ 260 บาท,น้ำยาป้องกันสนิม ออโต้โค้ท,งานสี,,3524
น้ำยาป้องกันสนิม ออโต้โค้ท/ทัฟโค้ท (25ลิตร),หจก. ไทยออโต้โคท ,1,,6500,,2568-06-24,,ลิตรละ 260 บาท,น้ำยาป้องกันสนิม ออโต้โค้ท,งานสี,,3525
สเปย์น้ำยาป้องกันสนิม ออโต้โค้ท/ทัฟโค้ท (สีดำ),ไม่มี VAT,12,250,1962-06-28 00:00:00,,,,,น้ำยาป้องกันสนิม ทัฟโค้ด,งานสี,3000.0,3526
สเปย์น้ำยาป้องกันสนิม ออโต้โค้ท/ทัฟโค้ท (สีดำ),ไม่มี VAT,2,270,1963-02-24 00:00:00,,,,,คิด กป. ละ 300บาท,งานสี,540.0,3527
สเปย์ทัฟโค้ด ขนาด 600 มล. ต่อ1กป,ราคารวมค่าขนส่งแล้ว,12,108,24568,84.0,,,,คิด กป. ละ 300บาท,งานสี,1380.0,3528
สเปย์ทัฟโค้ด ยี่ห้อ BOSNY,Shoppee,12,115,1380,,2567-04-06,,,คิด กป. ละ 300บาท,งานสี,,3529
สเปย์ทัฟโค้ด ยี่ห้อ BOSNY,Shoppee,10,82.5,825,,2568-05-03,,,คิด กป. ละ 300บาท,งานสี,,3530
สเปย์ทัฟโค้ด ยี่ห้อ BOSNY,Shoppee,24,68,1632,,2569-01-12,,,คิด กป. ละ 300บาท,งานสี,,3531
กระป๋องเปล่าใส่สีผสม,บจก. วีที คัลเลอร์ โปร,20,29,620.6,580.0,2568-07-23,IV6807180,ราคาที่ระบุ ยังไม่รวม VAT7%,กระป๋องเปล่าใส่สีผสม,งานสี,0.07,3532
กระป๋องเปล่าใส่สีผสม,บจก. วีที คัลเลอร์ โปร,20,29,620.6,580.0,2568-09-02,IV6809023,ราคาที่ระบุ ยังไม่รวม VAT7%,กระป๋องเปล่าใส่สีผสม,งานสี,0.07,3533
กิ๊บกันชน D-MAX,ต้นคิด,200,3.5,700.0,,2561-05-05,,,กิ๊บยึด,กิ๊บน๊อต,,3534
กิ๊บกันชน D-MAX,ต้นคิด,100,3.5,350.0,,2561-06-04,,,กิ๊บยึด,กิ๊บน๊อต,,3535
กิ๊บกันชน D-MAX,ต้นคิด,100,3.5,350.0,,2561-07-02,,,กิ๊บยึด,กิ๊บน๊อต,,3536
กิ๊บกันชน D-MAX,ต้นคิด,100,3.5,350.0,,2562-05-06,,,กิ๊บยึด,กิ๊บน๊อต,,3537
กิ๊บกันชน D-MAX,ต้นคิด,100,3.5,350.0,,2562-07-10,,,กิ๊บยึด,กิ๊บน๊อต,,3538
กิ๊บกันชน D-MAX,ต้นคิด,100,3.5,350.0,,2562-08-13,,,กิ๊บยึด,กิ๊บน๊อต,,3539
กิ๊บกันชน D-MAX,ต้นคิด,200,3.5,700.0,,2563-02-11,,,กิ๊บยึด,กิ๊บน๊อต,,3540
กิ๊บกันชน ISUZU (26),ทาเลนท์,100,1.0,100.0,,2563-04-30,,,กิ๊บยึด,กิ๊บน๊อต,,3541
กิ๊บกันชน ISUZU (26),ทาเลนท์,100,3.25,325.0,,2563-07-13,,,กิ๊บยึด,กิ๊บน๊อต,,3542
กิ๊บกันชน ISUZU (26),ทาเลนท์,100,3.25,325.0,,2563-08-10,,,กิ๊บยึด,กิ๊บน๊อต,,3543
กิ๊บกันชน ISUZU (26),ทาเลนท์,100,3.25,325.0,,2563-08-21,,,กิ๊บยึด,กิ๊บน๊อต,,3544
กิ๊บกันชน ISUZU (26),ทาเลนท์,300,3.25,975.0,,2563-12-12,,,กิ๊บยึด,กิ๊บน๊อต,,3545
กิ๊บกันชน ISUZU (26),ทาเลนท์,100,3.25,325.0,,2564-01-19,,,กิ๊บยึด,กิ๊บน๊อต,,3546
กิ๊บกันชน ISUZU (26),ทาเลนท์,500,1.0,500.0,,2564-03-11,,,กิ๊บยึด,กิ๊บน๊อต,,3547
กิ๊บกันชน ISUZU (26),ทาเลนท์,200,3.25,650.0,,2564-09-15,IV6411764,,กิ๊บยึด,กิ๊บน๊อต,,3548
กิ๊บกันชน ISUZU (26),ทาเลนท์,500,3.25,1625.0,,2565-10-07,IB3004260,,กิ๊บยึด,กิ๊บน๊อต,,3549
กิ๊บกันชน ISUZU (26),ทาเลนท์,200,3.25,650.0,,2566-03-18,IB3008935,,กิ๊บยึด,กิ๊บน๊อต,,3550
กิ๊บกันชน ISUZU (26),ทาเลนท์,400,3.25,1300.0,,2566-08-11,IV2217986,,กิ๊บยึด,กิ๊บน๊อต,,3551
กิ๊บกันชน ISUZU (115),ร้าน 55 กิ๊บน๊อต,400,2.0,800.0,,2568-02-08,,,กิ๊บยึด,กิ๊บน๊อต,,3552
กิ๊บกันชน ISUZU (26),ทาเลนท์,400,3.25,1300.0,,2568-06-19,IV6809791,,กิ๊บยึด,กิ๊บน๊อต,,3553
กิ๊บกันชน Nissan (27),ทาเลนท์,100,3.25,325.0,,2563-07-13,,,กิ๊บยึด,กิ๊บน๊อต,,3554
กิ๊บกันชน Nissan (27),ทาเลนท์,100,3.25,325.0,,2563-08-10,,,กิ๊บยึด,กิ๊บน๊อต,,3555
กิ๊บกันชน Nissan (27),ทาเลนท์,100,3.25,325.0,,2563-08-21,,,กิ๊บยึด,กิ๊บน๊อต,,3556
กิ๊บกันชน Nissan (27) -- ราคาโปรโมชั่น 500 ตัว,ทาเลนท์,200,1.0,200.0,,2563-11-16,,,กิ๊บยึด,กิ๊บน๊อต,,3557
กิ๊บกันชน Nissan (27),ทาเลนท์,100,3.25,325.0,,2564-01-19,,,กิ๊บยึด,กิ๊บน๊อต,,3558
กิ๊บกันชน Nissan (27),ทาเลนท์,200,1.0,200.0,,2564-05-24,,,กิ๊บยึด,กิ๊บน๊อต,,3559
กิ๊บกันชน Nissan (27),ทาเลนท์,200,3.25,650.0,,2564-09-15,IV6411764,,กิ๊บยึด,กิ๊บน๊อต,,3560
กิ๊บกันชน Nissan (27),ทาเลนท์,200,3.25,650.0,,2565-02-28,IV6503899,,กิ๊บยึด,กิ๊บน๊อต,,3561
กิ๊บกันชน Nissan (112),ร้าน 55 กิ๊บน๊อต,200,2.0,400.0,,2566-08-05,,,กิ๊บยึด,กิ๊บน๊อต,,3562
กิ๊บกันชน Nissan (112),ร้าน 55 กิ๊บน๊อต,200,2.0,400.0,,2566-11-27,,,กิ๊บยึด,กิ๊บน๊อต,,3563
กิ๊บกันชน Nissan (112),ร้าน 55 กิ๊บน๊อต,200,2.0,400.0,,2568-02-08,,,กิ๊บยึด,กิ๊บน๊อต,,3564
กิ๊บกันชน MAZDA ,ร้าน 55 กิ๊บน๊อต,200,2.0,400.0,,2566-08-05,,แต่ก่อนใช้ร่วมกับกิ๊บยึดบังฝุ่น,กิ๊บยึด,กิ๊บน๊อต,,3565
กิ๊บกันชน MAZDA ,ร้าน 55 กิ๊บน๊อต,200,2.0,400.0,,2568-06-20,,แต่ก่อนใช้ร่วมกับกิ๊บยึดบังฝุ่น,กิ๊บยึด,กิ๊บน๊อต,,3566
กิ๊บกันชน Honda ยาว,ต้นคิด,200,3.5,700.0,,2561-05-05,,,กิ๊บยึด,กิ๊บน๊อต,,3567
กิ๊บกันชน Honda ยาว,ต้นคิด,100,3.5,350.0,,2561-06-04,,,กิ๊บยึด,กิ๊บน๊อต,,3568
กิ๊บกันชน Honda ยาว,ต้นคิด,200,3.5,700.0,,2562-05-06,,,กิ๊บยึด,กิ๊บน๊อต,,3569
กิ๊บกันชน Honda ยาว #126,55 กิ๊บน๊อต,200,2.0,400.0,,2564-08-07,,,กิ๊บยึด,กิ๊บน๊อต,,3570
กิ๊บกันชน Honda สั้น,ต้นคิด,100,3.5,350.0,,2561-07-02,,,กิ๊บยึด,กิ๊บน๊อต,,3571
กิ๊บกันชน Honda สั้น,ต้นคิด,200,3.5,700.0,,2562-07-10,,,กิ๊บยึด,กิ๊บน๊อต,,3572
กิ๊บกันชน Honda สั้น,ต้นคิด,200,3.5,700.0,,2562-08-13,,,กิ๊บยึด,กิ๊บน๊อต,,3573
กิ๊บกันชน Honda สั้น,ต้นคิด,100,3.5,350.0,,2563-02-11,,,กิ๊บยึด,กิ๊บน๊อต,,3574
กิ๊บกันชน Honda ใหม่ #107,55 กิ๊บน๊อต,200,2.0,400.0,,2566-11-27,,,กิ๊บยึด,กิ๊บน๊อต,,3575
กิ๊บกันชน Honda ใหม่ #107,55 กิ๊บน๊อต,400,2.0,800.0,,2567-05-11,,,กิ๊บยึด,กิ๊บน๊อต,,3576
กิ๊บกันชน Honda ใหม่ #107,55 กิ๊บน๊อต,400,2.0,800.0,,2568-02-08,,,กิ๊บยึด,กิ๊บน๊อต,,3577
กิ๊บกันชน Honda สั้น #106,55 กิ๊บน๊อต,200,2.0,400.0,,2564-08-07,,,กิ๊บยึด,กิ๊บน๊อต,,3578
กิ๊บกันชน Honda สั้น (25),ทาเลนท์,100,1.0,100.0,,2563-04-30,,,กิ๊บยึด,กิ๊บน๊อต,,3579
กิ๊บกันชน Honda สั้น (25),ทาเลนท์,100,3.25,325.0,,2563-07-13,,,กิ๊บยึด,กิ๊บน๊อต,,3580
กิ๊บกันชน Honda สั้น (25),ทาเลนท์,100,3.25,325.0,,2563-08-10,,,กิ๊บยึด,กิ๊บน๊อต,,3581
กิ๊บกันชน Honda สั้น (25),ทาเลนท์,350,3.25,1137.5,,2563-09-18,,,กิ๊บยึด,กิ๊บน๊อต,,3582
กิ๊บกันชน VIOS,ต้นคิด,100,3.5,350.0,,2561-05-05,,,กิ๊บยึด,กิ๊บน๊อต,,3583
กิ๊บกันชน VIOS,ต้นคิด,100,3.5,350.0,,2562-05-06,,,กิ๊บยึด,กิ๊บน๊อต,,3584
กิ๊บกันชน NEW VIOS,ต้นคิด,100,3.0,300.0,,2562-08-13,,,กิ๊บยึด,กิ๊บน๊อต,,3585
กิ๊บกันชน Vigo,ต้นคิด,300,3.5,1050.0,,2561-06-04,,,กิ๊บยึด,กิ๊บน๊อต,,3586
กิ๊บกันชน Vigo,ต้นคิด,100,3.5,350.0,,2561-07-02,,,กิ๊บยึด,กิ๊บน๊อต,,3587
กิ๊บกันชน Vigo,ต้นคิด,200,3.5,700.0,,2562-05-06,,,กิ๊บยึด,กิ๊บน๊อต,,3588
กิ๊บกันชน Vigo,ต้นคิด,300,3.5,1050.0,,2562-07-10,,,กิ๊บยึด,กิ๊บน๊อต,,3589
กิ๊บกันชน Vigo,ต้นคิด,300,3.5,1050.0,,2562-08-13,,,กิ๊บยึด,กิ๊บน๊อต,,3590
กิ๊บกันชน Vigo,ต้นคิด,200,3.5,700.0,,2563-02-11,,,กิ๊บยึด,กิ๊บน๊อต,,3591
กิ๊บกันชน Vigo,ทาเลนท์,200,1.0,200.0,,2563-06-10,,,กิ๊บยึด,กิ๊บน๊อต,,3592
กิ๊บกันชน Vigo (9),ทาเลนท์,100,3.25,325.0,,2563-04-30,,,กิ๊บยึด,กิ๊บน๊อต,,3593
กิ๊บกันชน Vigo (9),ทาเลนท์,100,3.25,325.0,,2563-07-13,,,กิ๊บยึด,กิ๊บน๊อต,,3594
กิ๊บกันชน Vigo (9) -- ราคาโปรโมชั่น 500 ตัว,ทาเลนท์,200,1.0,200.0,,2563-07-08,,,กิ๊บยึด,กิ๊บน๊อต,,3595
กิ๊บกันชน Vigo (9),ทาเลนท์,300,3.25,975.0,,2563-08-10,,,กิ๊บยึด,กิ๊บน๊อต,,3596
กิ๊บกันชน Vigo (9) -- ราคาโปรโมชั่น 500 ตัว,ทาเลนท์,200,1.0,200.0,,2563-10-02,,,กิ๊บยึด,กิ๊บน๊อต,,3597
กิ๊บกันชน Vigo (9),ทาเลนท์,200,1.0,200.0,,2564-05-04,,,กิ๊บยึด,กิ๊บน๊อต,,3598
กิ๊บกันชน Vigo (9),ทาเลนท์,300,3.25,975.0,,2564-09-15,IV6411764,,กิ๊บยึด,กิ๊บน๊อต,,3599
กิ๊บกันชน Vigo (9),ทาเลนท์,300,3.25,975.0,,2566-03-18,IB3008935,,กิ๊บยึด,กิ๊บน๊อต,,3600
กิ๊บกันชน Vigo (9),ทาเลนท์,400,3.25,1300.0,,2566-08-11,IV2217986,,กิ๊บยึด,กิ๊บน๊อต,,3601
กิ๊บกันชน REVO,ต้นคิด,100,4.0,400.0,,2562-05-06,,,กิ๊บยึด,กิ๊บน๊อต,,3602
กิ๊บกันชน REVO,ต้นคิด,200,3.5,700.0,,2565-06-08,,,กิ๊บยึด,กิ๊บน๊อต,,3603
กิ๊บกันชน ไตรตัน,ต้นคิด,100,3.5,350.0,,2562-08-13,,,กิ๊บยึด,กิ๊บน๊อต,,3604
กิ๊บกันชน มิตซู (24),ทาเลนท์,300,3.25,975.0,,2568-06-19,IV6809791,,กิ๊บยึด,กิ๊บน๊อต,,3605
กิ๊บกันชน สวิฟ,ต้นคิด,100,3.5,350.0,,2567-08-23,,,กิ๊บยึด,กิ๊บน๊อต,,3606
กิ๊บปลายกันชน,ต้นคิด,100,3.5,350.0,,2562-05-06,,,กิ๊บยึด,กิ๊บน๊อต,,3607
กิ๊บปลายกันชน,ต้นคิด,100,3.0,300.0,,2563-02-11,,,กิ๊บยึด,กิ๊บน๊อต,,3608
กิ๊บปลายกันชน Toyota (205),55 กิ๊บน๊อต,200,2.0,400.0,,2564-08-07,,,กิ๊บยึด,กิ๊บน๊อต,,3609
กิ๊บปลายกันชน Toyota (205),55 กิ๊บน๊อต,200,2.0,400.0,,2566-11-27,,,กิ๊บยึด,กิ๊บน๊อต,,3610
กิ๊บหน้ากระจัง Toyota ใหม่ (102),55 กิ๊บน๊อต,200,2.0,400.0,,2566-11-27,,,กิ๊บยึด,กิ๊บน๊อต,,3611
กิ๊บหน้ากระจัง Toyota ใหม่ (102),55 กิ๊บน๊อต,200,2.0,400.0,,2568-02-08,,,กิ๊บยึด,กิ๊บน๊อต,,3612
กิ๊บหน้ากระจัง วีโก้,ต้นคิด,100,3.0,300.0,,2566-11-23,,,กิ๊บยึด,กิ๊บน๊อต,,3613
กิ๊บหน้ากระจัง วีโก้ (104),55 กิ๊บน๊อต,400,2.0,800.0,,2567-03-20,,,กิ๊บยึด,กิ๊บน๊อต,,3614
กิ๊บหน้ากระจัง วีโก้ (104),55 กิ๊บน๊อต,400,2.0,800.0,,2568-02-08,,,กิ๊บยึด,กิ๊บน๊อต,,3615
กิ๊บปลาย Altis,ทาเลนท์,100,4.0,400.0,,2564-01-19,,,กิ๊บยึด,กิ๊บน๊อต,,3616
กิ๊บบังฝุ่น Big-M,ต้นคิด,100,3.0,300.0,,2561-05-05,,,กิ๊บยึด,กิ๊บน๊อต,,3617
กิ๊บบังฝุ่น Big-M,ต้นคิด,100,3.0,300.0,,2561-07-02,,,กิ๊บยึด,กิ๊บน๊อต,,3618
กิ๊บบังฝุ่น Big-M,ต้นคิด,200,3.0,600.0,,2562-05-06,,,กิ๊บยึด,กิ๊บน๊อต,,3619
กิ๊บบังฝุ่น Big-M,ต้นคิด,200,3.0,600.0,,2562-07-10,,,กิ๊บยึด,กิ๊บน๊อต,,3620
กิ๊บบังฝุ่น Nissan หัวบาก,ต้นคิด,100,3.0,300.0,,2563-02-11,,,กิ๊บยึด,กิ๊บน๊อต,,3621
กิ๊บล็อค Nissan (1),ทาเลนท์,200,3.25,650.0,,2564-01-25,,,กิ๊บยึด,กิ๊บน๊อต,,3622
กิ๊บซุ้มล้อ Nissan (40),ทาเลนท์,100,3.25,325.0,,2563-07-13,,,กิ๊บยึด,กิ๊บน๊อต,,3623
กิ๊บซุ้มล้อ Nissan (40),ทาเลนท์,100,3.25,325.0,,2563-09-18,,,กิ๊บยึด,กิ๊บน๊อต,,3624
กิ๊บซุ้มล้อ Nissan (40) -- ราคาโปรโมชั่น 500 ตัว,ทาเลนท์,100,1.0,100.0,,2563-11-16,,,กิ๊บยึด,กิ๊บน๊อต,,3625
กิ๊บซุ้มล้อ Nissan (40),ทาเลนท์,100,3.25,325.0,,2564-01-19,,,กิ๊บยึด,กิ๊บน๊อต,,3626
กิ๊บซุ้มล้อ Nissan (40),ทาเลนท์,200,3.25,650.0,,2564-06-17,IV6406631,,กิ๊บยึด,กิ๊บน๊อต,,3627
กิ๊บ Nissan (114),ร้าน 55 กิ๊บน๊อต,200,2.0,400.0,,2566-11-27,,,กิ๊บยึด,กิ๊บน๊อต,,3628
กิ๊บ Nissan (114),ร้าน 55 กิ๊บน๊อต,400,2.0,800.0,,2568-02-08,,,กิ๊บยึด,กิ๊บน๊อต,,3629
กิ๊บซุ้มล้อ Mitsu,ร้าน 55 กิ๊บน๊อต,200,2.0,400.0,,2566-08-05,,,กิ๊บยึด,กิ๊บน๊อต,,3630
กิ๊บซุ้มล้อ Mitsu,ร้านต้นคิด,100,3.0,300.0,,2566-11-23,,,กิ๊บยึด,กิ๊บน๊อต,,3631
กิ๊บซุ้มล้อ มาสด้า,ร้านต้นคิด,100,3.0,300.0,,2566-11-23,,,กิ๊บยึด,กิ๊บน๊อต,,3632
กิ๊บซุ้มล้อ ไตรตัน,ร้านต้นคิด,100,3.0,300.0,,2566-11-23,,,กิ๊บยึด,กิ๊บน๊อต,,3633
กิ๊บยึดซุ้มล้อคางหมู Mitsu,ร้าน 55 กิ๊บน๊อต,200,2.0,400.0,,2566-08-05,,,กิ๊บยึด,กิ๊บน๊อต,,3634
กิ๊บซุ้มล้อ Honda (84),ทาเลนท์,300,3.25,975.0,,2563-09-18,,,กิ๊บยึด,กิ๊บน๊อต,,3635
กิ๊บซุ้มล้อ Honda (84),ทาเลนท์,200,3.25,650.0,,2563-12-12,,,กิ๊บยึด,กิ๊บน๊อต,,3636
กิ๊บซุ้มล้อ Honda (84),ทาเลนท์,100,3.25,325.0,,2564-01-19,,,กิ๊บยึด,กิ๊บน๊อต,,3637
กิ๊บซุ้มล้อ Honda (84),ต้นคิด,200,3.0,600.0,,2565-08-05,,,กิ๊บยึด,กิ๊บน๊อต,,3638
กิ๊บซุ้มล้อ Honda (84),ทาเลนท์,200,3.25,650.0,,2566-03-18,IB3008935,,กิ๊บยึด,กิ๊บน๊อต,,3639
กิ๊บซุ้มล้อ Honda ใหม่ (109),ร้าน 55 กิ๊บน๊อต,200,2.0,400.0,,2566-11-27,,,กิ๊บยึด,กิ๊บน๊อต,,3640
กิ๊บซุ้มล้อ Honda (108),ร้าน 55 กิ๊บน๊อต,400,2.0,800.0,,2567-05-11,,,กิ๊บยึด,กิ๊บน๊อต,,3641
กิ๊บซุ้มล้อ Honda (108),ร้าน 55 กิ๊บน๊อต,400,2.0,800.0,,2568-02-08,,,กิ๊บยึด,กิ๊บน๊อต,,3642
กิ๊บซุ้มล้อ โตโยต้า (101),ร้าน 55 กิ๊บน๊อต,200,2.0,400.0,,2568-02-08,,,กิ๊บยึด,กิ๊บน๊อต,,3643
กิ๊บซุ้มล้อ โตโยต้า (101),ร้าน 55 กิ๊บน๊อต,200,2.0,400.0,,2568-06-20,,,กิ๊บยึด,กิ๊บน๊อต,,3644
กิ๊บบังฝุ่น March,ต้นคิด,100,3.0,300.0,,2563-02-11,,,กิ๊บยึด,กิ๊บน๊อต,,3645
กิ๊บล็อคบังฝุ่นโตโยต้า (51),ทาเลนท์,100,4.85,485.0,,2564-09-15,IV6411764,,กิ๊บยึด,กิ๊บน๊อต,,3646
กิ๊บบังฝุ่น VIOS,ต้นคิด,100,3.0,300.0,,2561-05-05,,,กิ๊บยึด,กิ๊บน๊อต,,3647
กิ๊บบังฝุ่น VIOS,ต้นคิด,100,3.0,300.0,,2561-06-04,,,กิ๊บยึด,กิ๊บน๊อต,,3648
กิ๊บบังฝุ่น VIOS,ต้นคิด,100,3.0,300.0,,2562-07-10,,,กิ๊บยึด,กิ๊บน๊อต,,3649
กิ๊บบังฝุ่น VIOS,ต้นคิด,200,3.0,600.0,,2562-08-13,,,กิ๊บยึด,กิ๊บน๊อต,,3650
กิ๊บบังฝุ่น VIOS,ต้นคิด,100,3.0,300.0,,2563-02-11,,,กิ๊บยึด,กิ๊บน๊อต,,3651
กิ๊บบังฝุ่น VIOS,ต้นคิด,200,3.0,600.0,,2565-08-05,,,กิ๊บยึด,กิ๊บน๊อต,,3652
กิ๊บบังฝุ่น Vigo,ต้นคิด,300,3.0,900.0,,2561-06-04,,,กิ๊บยึด,กิ๊บน๊อต,,3653
กิ๊บบังฝุ่น Vigo,ต้นคิด,400,3.0,1200.0,,2562-05-06,,,กิ๊บยึด,กิ๊บน๊อต,,3654
กิ๊บบังฝุ่น Vigo,ต้นคิด,400,3.0,1200.0,,2562-07-10,,,กิ๊บยึด,กิ๊บน๊อต,,3655
กิ๊บบังฝุ่น Vigo,ต้นคิด,200,3.0,600.0,,2562-08-13,,,กิ๊บยึด,กิ๊บน๊อต,,3656
กิ๊บซุ้มล้อ Vigo (11) ,ทาเลนท์,100,1.0,100.0,,2563-04-30,,,กิ๊บยึด,กิ๊บน๊อต,,3657
กิ๊บบังฝุ่น Vigo,ทาเลนท์,300,1.0,300.0,,2563-06-10,,,กิ๊บยึด,กิ๊บน๊อต,,3658
กิ๊บซุ้มล้อ Vigo (11) ,ทาเลนท์,300,1.0,300.0,,2563-07-08,,,กิ๊บยึด,กิ๊บน๊อต,,3659
กิ๊บซุ้มล้อ Vigo (11) -- ราคาโปรโมชั่น 500 ตัว,ทาเลนท์,500,1.0,500.0,,2563-08-08,,,กิ๊บยึด,กิ๊บน๊อต,,3660
กิ๊บซุ้มล้อ Vigo (11) ,ทาเลนท์,500,1.0,500.0,,2563-08-10,,,กิ๊บยึด,กิ๊บน๊อต,,3661
กิ๊บซุ้มล้อ Vigo (11) -- ราคาโปรโมชั่น 500 ตัว,ทาเลนท์,300,1.0,300.0,,2563-10-02,,,กิ๊บยึด,กิ๊บน๊อต,,3662
กิ๊บซุ้มล้อ Vigo (11) ,ทาเลนท์,300,1.0,300.0,,2564-05-04,,,กิ๊บยึด,กิ๊บน๊อต,,3663
กิ๊บซุ้มล้อ Vigo (11) ,ทาเลนท์,100,3.25,325.0,,2564-06-17,IV6406631,ราคานี้ยังไม่รวม VAT 7%,กิ๊บยึด,กิ๊บน๊อต,,3664
กิ๊บซุ้มล้อ Vigo (404),ร้าน 55 กิ๊บน๊อต,600,2.0,1200.0,,2565-03-11,,ไม่มี VAT,กิ๊บยึด,กิ๊บน๊อต,,3665
กิ๊บซุ้มล้อ Vigo ,ต้นคิด,300,3.0,900.0,,2566-02-22,,,กิ๊บยึด,กิ๊บน๊อต,,3666
กิ๊บซุ้มล้อ Vigo (11) ,ทาเลนท์,300,3.25,975.0,,2566-03-18,IB3008935,ราคานี้ยังไม่รวม VAT 7%,กิ๊บยึด,กิ๊บน๊อต,,3667
กิ๊บซุ้มล้อ Vigo (11) ,ทาเลนท์,500,3.25,1625.0,,2567-02-23,IV2229364,ราคานี้ยังไม่รวม VAT ,กิ๊บยึด,กิ๊บน๊อต,,3668
กิ๊บซุ้มล้อ Vigo (404),ร้าน 55 กิ๊บน๊อต,400,2.0,800.0,,2567-05-11,,ไม่มี VAT,กิ๊บยึด,กิ๊บน๊อต,,3669
กิ๊บซุ้มล้อ Vigo (404),ร้าน 55 กิ๊บน๊อต,400,2.0,800.0,,2568-02-08,,ไม่มี VAT,กิ๊บยึด,กิ๊บน๊อต,,3670
กิ๊บซุ้มล้อ Vigo (11) ,ทาเลนท์,200,3.25,650.0,,2568-06-19,IV6809791,ราคานี้ยังไม่รวม VAT ,กิ๊บยึด,กิ๊บน๊อต,,3671
กิ๊บซุ้มล้อ REVO,ต้นคิด,200,3.0,600.0,,2565-08-05,,ไม่มี VAT,กิ๊บยึด,กิ๊บน๊อต,,3672
กิ๊บซุ้มล้อ REVO,ต้นคิด,200,3.0,600.0,,2566-03-24,,,กิ๊บยึด,กิ๊บน๊อต,,3673
กิ๊บซุ้มล้อ REVO (122),ร้าน 55 กิ๊บน๊อต,400,2.0,800.0,,2568-02-08,,,กิ๊บยึด,กิ๊บน๊อต,,3674
กิ๊บซุ้มล้อ REVO (122),ร้าน 55 กิ๊บน๊อต,200,2.0,400.0,,2568-06-20,,,กิ๊บยึด,กิ๊บน๊อต,,3675
กิ๊บบังฝุ่น REVO,ต้นคิด,200,3.0,600.0,,2566-08-12,,,กิ๊บยึด,กิ๊บน๊อต,,3676
กิ๊บบังฝุ่น REVO,ต้นคิด,200,3.0,600.0,,2567-02-23,,,กิ๊บยึด,กิ๊บน๊อต,,3677
กิ๊บยึดพลาสติกใต้เครื่อง (ตัวใหญ่) VIGO,ต้นคิด,100,8.0,800.0,,2565-12-19,,,กิ๊บยึด,กิ๊บน๊อต,,3678
กิ๊บบังฝุ่น ไตรตัน,ต้นคิด,100,3.0,300.0,,2561-05-05,,,กิ๊บยึด,กิ๊บน๊อต,,3679
กิ๊บบังฝุ่น ไตรตัน,ต้นคิด,100,3.0,300.0,,2562-05-06,,,กิ๊บยึด,กิ๊บน๊อต,,3680
กิ๊บบังฝุ่น ไตรตัน,ต้นคิด,100,3.0,300.0,,2562-07-10,,,กิ๊บยึด,กิ๊บน๊อต,,3681
กิ๊บบังฝุ่น ไตรตัน,ต้นคิด,100,3.0,300.0,,2565-03-09,,,กิ๊บยึด,กิ๊บน๊อต,,3682
กิ๊บบังฝุ่น ไตรตัน,ต้นคิด,200,3.0,600.0,,2566-03-04,,,กิ๊บยึด,กิ๊บน๊อต,,3683
กิ๊บบังฝุ่น Honda,ต้นคิด,100,3.0,300.0,,2561-05-05,,,กิ๊บยึด,กิ๊บน๊อต,,3684
กิ๊บบังฝุ่น Honda,ต้นคิด,100,3.0,300.0,,2561-06-04,,,กิ๊บยึด,กิ๊บน๊อต,,3685
กิ๊บบังฝุ่น Honda,ต้นคิด,100,3.0,300.0,,2562-07-10,,,กิ๊บยึด,กิ๊บน๊อต,,3686
กิ๊บบังฝุ่น Honda,ต้นคิด,100,3.0,300.0,,2562-08-13,,,กิ๊บยึด,กิ๊บน๊อต,,3687
กิ๊บบังฝุ่น Honda,ต้นคิด,100,3.0,300.0,,2563-02-11,,,กิ๊บยึด,กิ๊บน๊อต,,3688
กิ๊บบังฝุ่น Honda,ต้นคิด,200,3.0,600.0,,2565-03-11,,,กิ๊บยึด,กิ๊บน๊อต,,3689
กิ๊บบังฝุ่น BT50,ต้นคิด,100,3.0,300.0,,2562-07-10,,,กิ๊บยึด,กิ๊บน๊อต,,3690
กิ๊บบังฝุ่น BT50,ต้นคิด,300,3.0,900.0,,2566-03-04,,,กิ๊บยึด,กิ๊บน๊อต,,3691
กิ๊บบังฝุ่น BT50,ต้นคิด,100,3.0,300.0,,2566-07-28,,,กิ๊บยึด,กิ๊บน๊อต,,3692
กิ๊บบังฝุ่น MAZDA,ต้นคิด,200,3.0,600.0,,2566-03-14,,,กิ๊บยึด,กิ๊บน๊อต,,3693
กิ๊บบังฝุ่น Ford,ต้นคิด,100,3.0,300.0,,2562-07-10,,,กิ๊บยึด,กิ๊บน๊อต,,3694
กิ๊บบังฝุ่น Ford,ต้นคิด,100,3.0,300.0,,2563-02-11,,,กิ๊บยึด,กิ๊บน๊อต,,3695
กิ๊บบังฝุ่น Ford (เก๋ง),ต้นคิด,100,3.0,300.0,,2568-02-28,,,กิ๊บยึด,กิ๊บน๊อต,,3696
กิ๊บบังฝุ่น สวิฟ,ต้นคิด,200,3.0,600.0,,2565-03-09,,,กิ๊บยึด,กิ๊บน๊อต,,3697
กิ๊บบังฝุ่น สวิฟ,ต้นคิด,300,3.0,900.0,,2566-02-22,,,กิ๊บยึด,กิ๊บน๊อต,,3698
กิ๊บบังฝุ่น สวิฟ,ต้นคิด,200,3.0,600.0,,2568-02-28,,,กิ๊บยึด,กิ๊บน๊อต,,3699
กิ๊บบังฝุ่น D-MAX มีเหล็ก,ต้นคิด,50,8.0,400.0,,2561-05-05,,,กิ๊บยึด,กิ๊บน๊อต,,3700
กิ๊บบังฝุ่น D-MAX มีเหล็ก,ต้นคิด,50,8.0,400.0,,2561-07-02,,,กิ๊บยึด,กิ๊บน๊อต,,3701
กิ๊บบังฝุ่น D-MAX มีเหล็ก,ต้นคิด,50,8.0,400.0,,2562-07-10,,,กิ๊บยึด,กิ๊บน๊อต,,3702
กิ๊บบังฝุ่น D-MAX มีเหล็ก,ต้นคิด,50,8.0,400.0,,2562-08-13,,,กิ๊บยึด,กิ๊บน๊อต,,3703
กิ๊บบังฝุ่น D-MAX มีเหล็ก,ต้นคิด,100,8.0,800.0,,2563-02-11,,,กิ๊บยึด,กิ๊บน๊อต,,3704
กิ๊บซุ้มล้อ D-MAX (2),ทาเลนท์,100,3.25,325.0,,2563-07-13,,,กิ๊บยึด,กิ๊บน๊อต,,3705
กิ๊บซุ้มล้อ D-MAX (2),ทาเลนท์,100,3.25,325.0,,2563-08-10,,,กิ๊บยึด,กิ๊บน๊อต,,3706
กิ๊บซุ้มล้อ D-MAX (2),ทาเลนท์,250,3.25,812.5,,2563-09-18,,,กิ๊บยึด,กิ๊บน๊อต,,3707
กิ๊บซุ้มล้อ D-MAX (2),ทาเลนท์,200,3.25,650.0,,2564-06-17,IV6406631,,กิ๊บยึด,กิ๊บน๊อต,,3708
กิ๊บซุ้มล้อ D-MAX (2),ทาเลนท์,200,3.25,650.0,,2564-09-15,IV6411764,,กิ๊บยึด,กิ๊บน๊อต,,3709
กิ๊บซุ้มล้อ D-MAX (มีเหล็ก),ต้นคิด,100,8.0,800.0,,2564-08-30,,,กิ๊บยึด,กิ๊บน๊อต,,3710
กิ๊บซุ้มล้อ D-MAX (มีเหล็ก),ต้นคิด,200,8.0,1600.0,,2565-08-05,,,กิ๊บยึด,กิ๊บน๊อต,,3711
กิ๊บซุ้มล้อแกนเหล็ก ISUZU (402),ร้าน 55 กิ๊บน๊อต,40,5.0,200.0,,2568-02-08,,,กิ๊บยึด,กิ๊บน๊อต,,3712
กิ๊บซุ้มล้อ มิราจ,ต้นคิด,200,3.0,600.0,,2565-06-08,,,กิ๊บยึด,กิ๊บน๊อต,,3713
กิ๊บซุ้มล้อ มิราจ,ต้นคิด,200,3.0,600.0,,2567-08-23,,,กิ๊บยึด,กิ๊บน๊อต,,3714
กิ๊บซุ้มล้อ มิราจ,ต้นคิด,200,3.0,600.0,,2568-02-28,,,กิ๊บยึด,กิ๊บน๊อต,,3715
กิ๊บบังฝุ่น ใต้เครื่อง 3ชั้น (กิ๊บสลับ),ต้นคิด,50,8.0,400.0,,2561-07-02,,,กิ๊บยึด,กิ๊บน๊อต,,3716
กิ๊บบังฝุ่น หัวลูกศร,ต้นคิด,100,3.0,300.0,,2561-06-04,,,กิ๊บยึด,กิ๊บน๊อต,,3717
กิ๊บบังฝุ่น หัวลูกศร,ต้นคิด,100,3.0,300.0,,2566-03-24,,,กิ๊บยึด,กิ๊บน๊อต,,3718
กิ๊บบังฝุ่น หัวลูกศร,ต้นคิด,100,3.0,300.0,,2566-07-28,,,กิ๊บยึด,กิ๊บน๊อต,,3719
กิ๊บบังฝุ่น หัวบาก,ต้นคิด,200,3.0,600.0,,2562-08-13,,,กิ๊บยึด,กิ๊บน๊อต,,3720
กิ๊บบังฝุ่น แป้นโต,ต้นคิด,300,3.0,900.0,,2563-02-11,,,กิ๊บยึด,กิ๊บน๊อต,,3721
กิ๊บบังโคลน Honda ใหม่,ต้นคิด,100,4.0,400.0,,2562-07-10,,,กิ๊บยึด,กิ๊บน๊อต,,3722
กิ๊บข้างเครื่อง Vigo,ต้นคิด,100,3.5,350.0,,2561-05-05,,,กิ๊บยึด,กิ๊บน๊อต,,3723
กิ๊บข้างเครื่อง Vigo,ต้นคิด,100,3.5,350.0,,2562-05-06,,,กิ๊บยึด,กิ๊บน๊อต,,3724
กิ๊บข้างเครื่อง Vigo,ต้นคิด,100,3.5,350.0,,2562-07-10,,,กิ๊บยึด,กิ๊บน๊อต,,3725
กิ๊บข้างเครื่อง Vigo ลูกศร,ต้นคิด,300,3.5,1050.0,,2568-02-28,,,กิ๊บยึด,กิ๊บน๊อต,,3726
กิ๊บข้างเครื่อง REVO,ต้นคิด,100,3.5,350.0,,2567-08-23,,,กิ๊บยึด,กิ๊บน๊อต,,3727
กิ๊บข้างเครื่อง ISUZU,ต้นคิด,100,3.0,300.0,,2561-06-04,,,กิ๊บยึด,กิ๊บน๊อต,,3728
กิ๊บข้างเครื่อง ISUZU,ต้นคิด,100,3.5,350.0,,2562-08-13,,,กิ๊บยึด,กิ๊บน๊อต,,3729
กิ๊บข้างแผงแอร์ ISUZU #503,55 กิ๊บน๊อต,100,2.0,200.0,,2564-08-07,,,กิ๊บยึด,กิ๊บน๊อต,,3730
กิ๊บข้างแผงแอร์ ISUZU #503,55 กิ๊บน๊อต,300,2.0,600.0,,2565-03-29,,,กิ๊บยึด,กิ๊บน๊อต,,3731
กิ๊บข้างเครื่อง D-MAX,ต้นคิด,100,3.5,350.0,,2561-07-02,,,กิ๊บยึด,กิ๊บน๊อต,,3732
กิ๊บข้างเครื่อง D-MAX,ต้นคิด,100,3.5,350.0,,2562-05-06,,,กิ๊บยึด,กิ๊บน๊อต,,3733
กิ๊บข้างเครื่อง D-MAX,ต้นคิด,100,3.5,350.0,,2562-07-10,,,กิ๊บยึด,กิ๊บน๊อต,,3734
กิ๊บข้างเครื่อง D-MAX,ต้นคิด,200,3.0,600.0,,2566-03-24,,,กิ๊บยึด,กิ๊บน๊อต,,3735
กิ๊บคิ้วโปร่งล้อ Triton,ต้นคิด,100,3.5,350.0,,2561-05-05,,,กิ๊บยึด,กิ๊บน๊อต,,3736
กิ๊บคิ้วโปร่งกันชน (46),ทาเลนท์,200,4.25,850.0,,2564-05-24,,,กิ๊บยึด,กิ๊บน๊อต,,3737
กิ๊บคิ้วโปร่งล้อ D-MAX (48),ทาเลนท์,100,4.25,425.0,,2563-07-13,,,กิ๊บยึด,กิ๊บน๊อต,,3738
กิ๊บคิ้วโปร่งล้อ D-MAX (48),ทาเลนท์,100,4.25,425.0,,2563-08-10,,,กิ๊บยึด,กิ๊บน๊อต,,3739
กิ๊บคิ้วโปร่งล้อ D-MAX (48),ทาเลนท์,100,4.25,425.0,,2564-05-24,,,กิ๊บยึด,กิ๊บน๊อต,,3740
กิ๊บคิ้วโปร่งล้อ D-MAX (48),ทาเลนท์,100,4.25,425.0,,2564-06-17,IV6406631,ราคานี้ยังไม่รวม VAT 7%,กิ๊บยึด,กิ๊บน๊อต,,3741
กิ๊บคิ้วโปร่งล้อ (6),ทาเลนท์,100,3.25,325.0,,2563-07-13,,,กิ๊บยึด,กิ๊บน๊อต,,3742
กิ๊บคิ้วโปร่งล้อ (6),ทาเลนท์,100,3.25,325.0,,2563-08-10,,,กิ๊บยึด,กิ๊บน๊อต,,3743
กิ๊บคิ้วโปร่งล้อ (6) -- ราคาโปรโมชั่น 500 ตัว,ทาเลนท์,200,1.0,200.0,,2563-11-16,,,กิ๊บยึด,กิ๊บน๊อต,,3744
กิ๊บคิ้วโปร่งล้อ (6),ทาเลนท์,200,3.25,650.0,,2564-06-17,IV6406631,ราคานี้ยังไม่รวม VAT 7%,กิ๊บยึด,กิ๊บน๊อต,,3745
กิ๊บคิ้วโปร่งล้อ Toyota,ต้นคิด,100,3.5,350.0,,2561-07-02,,,กิ๊บยึด,กิ๊บน๊อต,,3746
กิ๊บคิ้วโปร่งล้อ Vigo แดง,ต้นคิด,100,3.5,350.0,,2561-07-02,,,กิ๊บยึด,กิ๊บน๊อต,,3747
กิ๊บคิ้วโปร่งล้อ Vigo แดง,ต้นคิด,100,3.5,350.0,,2562-05-06,,,กิ๊บยึด,กิ๊บน๊อต,,3748
กิ๊บคิ้วโปร่งล้อ Vigo แดง,ต้นคิด,100,3.5,350.0,,2562-08-13,,,กิ๊บยึด,กิ๊บน๊อต,,3749
กิ๊บคิ้วโปร่งล้อ Vigo แดง,ต้นคิด,100,3.5,350.0,,2563-02-11,,,กิ๊บยึด,กิ๊บน๊อต,,3750
กิ๊บคิ้วโปร่งล้อ Vigo แดง,ต้นคิด,100,3.5,350.0,,2566-11-23,,,กิ๊บยึด,กิ๊บน๊อต,,3751
กิ๊บคิ้วโปร่งล้อ Vigo น้ำเงิน,ต้นคิด,100,3.5,350.0,,2562-05-06,,,กิ๊บยึด,กิ๊บน๊อต,,3752
กิ๊บคิ้วโปร่งล้อ Vigo น้ำเงิน,ต้นคิด,100,3.5,350.0,,2563-02-11,,,กิ๊บยึด,กิ๊บน๊อต,,3753
กิ๊บคิ้วโปร่งล้อ Vigo เขียว,ต้นคิด,100,3.5,350.0,,2561-07-02,,,กิ๊บยึด,กิ๊บน๊อต,,3754
กิ๊บคิ้วโปร่งล้อ Vigo แชมป์ (17),ทาเลนท์,100,3.25,325.0,,2563-12-12,,,กิ๊บยึด,กิ๊บน๊อต,,3755
กิ๊บคิ้วโปร่งล้อ Vigo แชมป์ (17),ทาเลนท์,200,3.25,650.0,,2564-06-17,IV6406631,ราคานี้ยังไม่รวม VAT7%,กิ๊บยึด,กิ๊บน๊อต,,3756
กิ๊บคิ้วโปร่งล้อปลายกันชน Vigo แชมป์,ต้นคิด,100,8.0,800.0,,2567-08-23,,,กิ๊บยึด,กิ๊บน๊อต,,3757
กิ๊บคิ้วโปร่งล้อ ไตรตัน (16),ทาเลนท์,32,1.0,32.0,,2564-06-05,IV6405945,ราคานี้ยังไม่รวม VAT7%,กิ๊บยึด,กิ๊บน๊อต,,3758
กิ๊บคิ้วโปร่งล้อ FORD,ต้นคิด,100,6.0,600.0,,2567-02-23,,,กิ๊บยึด,กิ๊บน๊อต,,3759
กิ๊บกาบ มิตซู,ต้นคิด,100,3.0,300.0,,2566-11-23,,,กิ๊บยึด,กิ๊บน๊อต,,3760
กิ๊บกาบ CRV,ต้นคิด,100,3.0,300.0,,2566-11-23,,,กิ๊บยึด,กิ๊บน๊อต,,3761
กิ๊บกาบ วีโก้,ต้นคิด,100,2.0,200.0,,2566-11-23,,,กิ๊บยึด,กิ๊บน๊อต,,3762
กิ๊บกาบบันได,ต้นคิด,195,3.8,741.0,,2568-02-28,,,กิ๊บยึด,กิ๊บน๊อต,,3763
กิ๊บยางรองฝากระโปรงหน้า โตโยต้า (502),55 กิ๊บน๊อต,200,2.0,400.0,,2567-03-20,,,กิ๊บยึด,กิ๊บน๊อต,,3764
กิ๊บแผ่นกันร้อน D-MAX,ต้นคิด,100,3.5,350.0,,2561-05-05,,,กิ๊บยึด,กิ๊บน๊อต,,3765
กิ๊บแผ่นกันร้อน D-MAX,ต้นคิด,100,3.5,350.0,,2562-07-10,,,กิ๊บยึด,กิ๊บน๊อต,,3766
กิ๊บแผ่นกันร้อน D-MAX (14),ทาเลนท์,400,3.25,1300.0,,2567-02-23,IV2229364,,กิ๊บยึด,กิ๊บน๊อต,,3767
กิ๊บแผ่นกันร้อน Vigo,ต้นคิด,100,3.5,350.0,,2562-05-06,,,กิ๊บยึด,กิ๊บน๊อต,,3768
กิ๊บแผ่นกันร้อน Vigo,ต้นคิด,200,3.0,600.0,,2566-03-24,,,กิ๊บยึด,กิ๊บน๊อต,,3769
กิ๊บแผ่นกันร้อน Vigo,ต้นคิด,200,3.0,600.0,,2566-08-12,,,กิ๊บยึด,กิ๊บน๊อต,,3770
กิ๊บแผ่นกันร้อน Toyota Lexus (19),ทาเลนท์,100,3.25,325.0,,2564-01-19,,,กิ๊บยึด,กิ๊บน๊อต,,3771
กิ๊บแผ่นกันร้อน Toyota (29),ทาเลนท์,100,3.25,325.0,,2563-07-13,,,กิ๊บยึด,กิ๊บน๊อต,,3772
กิ๊บแผ่นกันร้อน MTX,ต้นคิด,70,3.5,245.0,,2562-05-06,,,กิ๊บยึด,กิ๊บน๊อต,,3773
กิ๊บแผ่นกันร้อน Mitsu,ต้นคิด,50,3.5,175.0,,2561-05-05,,,กิ๊บยึด,กิ๊บน๊อต,,3774
กิ๊บแผ่นกันร้อน Mitsu,ต้นคิด,50,3.5,175.0,,2563-02-11,,,กิ๊บยึด,กิ๊บน๊อต,,3775
กิ๊บแผ่นกันร้อน ไตรตัน,ต้นคิด,100,3.0,300.0,,2565-03-09,,,กิ๊บยึด,กิ๊บน๊อต,,3776
กิ๊บแผ่นกันร้อน ฮอนด้า,ต้นคิด,100,3.5,350.0,,2566-11-23,,,กิ๊บยึด,กิ๊บน๊อต,,3777
กิ๊บคอจิ้งหรีด D-MAX,ต้นคิด,100,3.5,350.0,,2561-07-02,,,กิ๊บยึด,กิ๊บน๊อต,,3778
กิ๊บคอจิ้งหรีด Vigo,ต้นคิด,100,3.5,350.0,,2562-05-06,,,กิ๊บยึด,กิ๊บน๊อต,,3779
กิ๊บคอจิ้งหรีด Vigo,ต้นคิด,100,3.5,350.0,,2562-07-10,,,กิ๊บยึด,กิ๊บน๊อต,,3780
กิ๊บคอจิ้งหรีด Vigo,ต้นคิด,100,3.5,350.0,,2562-08-13,,,กิ๊บยึด,กิ๊บน๊อต,,3781
กิ๊บคอจิ้งหรีด Vigo -- ตัวยึดข้าง,ต้นคิด,100,3.0,300.0,,2564-08-30,,,กิ๊บยึด,กิ๊บน๊อต,,3782
กิ๊บคอจิ้งหรีด Vigo -- ตัวยึดข้าง,ต้นคิด,100,3.0,300.0,,2565-03-09,,,กิ๊บยึด,กิ๊บน๊อต,,3783
กิ๊บคอจิ้งหรีด/ช่องลม B310 Vigo -- ขายาวสุด,ต้นคิด,200,3.0,600.0,,2567-05-08,,,กิ๊บยึด,กิ๊บน๊อต,,3784
กิ๊บคิ้วรีดน้ำ MTX,ต้นคิด,100,2.0,200.0,,2561-07-02,,,กิ๊บยึด,กิ๊บน๊อต,,3785
กิ๊บคิ้วรีดน้ำ MTX,ต้นคิด,100,2.0,200.0,,2562-05-06,,,กิ๊บยึด,กิ๊บน๊อต,,3786
กิ๊บคิ้วรีดน้ำ Honda,ต้นคิด,100,2.0,200.0,,2562-05-06,,,กิ๊บยึด,กิ๊บน๊อต,,3787
กิ๊บปลายยางรีดน้ำ,ต้นคิด,100,2.0,200.0,,2565-06-08,,,กิ๊บยึด,กิ๊บน๊อต,,3788
กิ๊บแผงข้าง Vigo,ต้นคิด,100,3.5,350.0,,2561-05-05,,,กิ๊บยึด,กิ๊บน๊อต,,3789
กิ๊บแผงประตู Honda,ต้นคิด,100,3.0,300.0,,2562-05-06,,,กิ๊บยึด,กิ๊บน๊อต,,3790
กิ๊บแผงประตู Toyota สีขาว (32),ทาเลนท์,100,3.25,325.0,,2563-07-13,,,กิ๊บยึด,กิ๊บน๊อต,,3791
กิ๊บแผงประตู Toyota สีขาว (32),ทาเลนท์,100,3.25,325.0,,2563-08-10,,,กิ๊บยึด,กิ๊บน๊อต,,3792
กิ๊บแผงประตู Toyota สีขาว 1ชั้น (306),55 กิ๊บน๊อต,100,2.0,200.0,,2567-03-20,,,กิ๊บยึด,กิ๊บน๊อต,,3793
กิ๊บแผงใต้กันชนโตโยต้าวีโก้ (49),ทาเลนท์,100,4.85,485.0,,2564-05-24,,,กิ๊บยึด,กิ๊บน๊อต,,3794
กิ๊บแผงนวมปีกเล็กสีดำ (41),ทาเลนท์,100,3.25,325.0,,2564-01-22,,,กิ๊บยึด,กิ๊บน๊อต,,3795
กิ๊บแผงนวม Toyota (118),55 กิ๊บน๊อต,200,2.0,400.0,,2568-06-20,,,กิ๊บยึด,กิ๊บน๊อต,,3796
กิ๊บพรมท้าย VIOS,ต้นคิด,100,3.5,350.0,,2562-08-13,,,กิ๊บยึด,กิ๊บน๊อต,,3797
กิ๊บพรมท้าย VIOS,ต้นคิด,100,3.0,300.0,,2563-02-11,,,กิ๊บยึด,กิ๊บน๊อต,,3798
กิ๊บพรม Honda,ต้นคิด,100,3.0,300.0,,2563-02-11,,,กิ๊บยึด,กิ๊บน๊อต,,3799
กิ๊บพรม Honda,ต้นคิด,100,3.0,300.0,,2567-02-23,,ยึดมุมไฟ ฟอร์ด,กิ๊บยึด,กิ๊บน๊อต,,3800
กิ๊บยางจมูก Vigo,ต้นคิด,50,3.0,150.0,,2561-07-02,,,กิ๊บยึด,กิ๊บน๊อต,,3801
กิ๊บยางจมูก Vigo,ต้นคิด,200,3.0,600.0,,2566-08-12,,,กิ๊บยึด,กิ๊บน๊อต,,3802
กิ๊บทั่วไป (36) ,ทาเลนท์,200,3.25,650.0,,2563-12-12,,,กิ๊บยึด,กิ๊บน๊อต,,3803
กิ๊บทั่วไป (36) ,ทาเลนท์,100,3.25,325.0,,2564-01-19,,,กิ๊บยึด,กิ๊บน๊อต,,3804
กิ๊บทั่วไป (80) ,ทาเลนท์,100,3.25,325.0,,2564-01-19,,,กิ๊บยึด,กิ๊บน๊อต,,3805
กิ๊บทั่วไป (85) ,ทาเลนท์,200,3.25,650.0,,2563-12-12,,,กิ๊บยึด,กิ๊บน๊อต,,3806
กิ๊บทั่วไป (85) ,ทาเลนท์,100,3.25,325.0,,2564-01-19,,,กิ๊บยึด,กิ๊บน๊อต,,3807
กิ๊บทั่วไป (93) ,ทาเลนท์,200,3.25,650.0,,2566-08-11,IV2217986,,กิ๊บยึด,กิ๊บน๊อต,,3808
กิ๊บทั่วไป (100) ,ทาเลนท์,100,3.25,325.0,,2564-01-16,,,กิ๊บยึด,กิ๊บน๊อต,,3809
กิ๊บทั่วไป (101) ,ทาเลนท์,100,3.25,325.0,,2566-03-18,IB3008935,,กิ๊บยึด,กิ๊บน๊อต,,3810
กิ๊บทั่วไป (101) ,ทาเลนท์,100,3.25,325.0,,2567-02-23,IV2229364,,กิ๊บยึด,กิ๊บน๊อต,,3811
กิ๊บทั่วไป (113) ,ทาเลนท์,100,3.25,325.0,,2568-06-19,IV6809791,ราคาไม่รวม VAT,กิ๊บยึด,กิ๊บน๊อต,,3812
ครอบบันได อัลติส,ต้นคิด,20,10.0,200.0,,2561-05-05,,,กิ๊บยึด,กิ๊บน๊อต,,3813
ครอบบันได อัลติส,ต้นคิด,100,10.0,1000.0,,2567-02-23,,,กิ๊บยึด,กิ๊บน๊อต,,3814
ครอบบันได อัลติส,ต้นคิด,100,10.0,1000.0,,2568-02-28,,,กิ๊บยึด,กิ๊บน๊อต,,3815
กิ๊บยึดบันได อัลติส,ต้นคิด,50,3.0,150.0,,2561-05-05,,,กิ๊บยึด,กิ๊บน๊อต,,3816
กิ๊บยึดบันได อัลติส,ต้นคิด,100,3.0,300.0,,2567-08-23,,,กิ๊บยึด,กิ๊บน๊อต,,3817
กิ๊บยึดพลาสติกครอบบันได อัลติส,ต้นคิด,98,8.0,784.0,,2564-08-30,,,กิ๊บยึด,กิ๊บน๊อต,,3818
กิ๊บเหล็ก เบอร์10,ต้นคิด,100,2.5,250.0,,2561-05-05,,,กิ๊บยึด,กิ๊บน๊อต,,3819
กิ๊บเหล็ก เบอร์10,ต้นคิด,100,5.0,500.0,,2566-03-14,,,กิ๊บยึด,กิ๊บน๊อต,,3820
กิ๊บยางขอบประตู,ต้นคิด,100,2.5,250.0,,2561-06-04,,,กิ๊บยึด,กิ๊บน๊อต,,3821
กิ๊บเหล็กเสียบข้างยึดพลาสติกบังฝุ่น #408,55 กิ๊บน๊อต,200,2.0,400.0,,2565-03-29,,,กิ๊บยึด,กิ๊บน๊อต,,3822
กิ๊บล็อคยางกันน้ำ (7),ทาเลนท์,100,3.25,325.0,,2564-01-19,,,กิ๊บยึด,กิ๊บน๊อต,,3823
กิ๊บจับกระจก,ต้นคิด,100,4.0,400.0,,2562-05-06,,,กิ๊บยึด,กิ๊บน๊อต,,3824
รองเหล็กค้ำ,ต้นคิด,50,8.0,400.0,,2566-03-14,,,กิ๊บยึด,กิ๊บน๊อต,,3825
เหล็กค้ำ REVO,ต้นคิด,4,25.0,100.0,,2566-03-24,,,กิ๊บยึด,กิ๊บน๊อต,,3826
พลาสติกปิดหัวน๊อต ขาว-ดำ,ต้นคิด,100,3.0,300.0,,2561-06-04,,,กิ๊บยึด,กิ๊บน๊อต,,3827
พลาสติกปิดหัวน๊อต ขาว-ดำ,ต้นคิด,100,3.0,300.0,,2561-07-02,,,กิ๊บยึด,กิ๊บน๊อต,,3828
พลาสติกปิดหัวน๊อต ขาว-ดำ,ต้นคิด,100,3.0,300.0,,2563-02-11,,,กิ๊บยึด,กิ๊บน๊อต,,3829
พลาสติกปิดหัวน๊อต สีดำ,ไทวัสดุ,20,2.15,43.0,,2563-12-25,,,กิ๊บยึด,กิ๊บน๊อต,,3830
พลาสติกปิดหัวน๊อต สีขาว,ไทวัสดุ,20,2.15,43.0,,2563-12-25,,,กิ๊บยึด,กิ๊บน๊อต,,3831
ปลายยางสั้น,ต้นคิด,100,2.0,200.0,,2561-06-04,,,กิ๊บยึด,กิ๊บน๊อต,,3832
น๊อตเกลียวปล่อย 2.5 นิ้ว,ไทวัสดุ,100,0.98,98.0,,2563-06-02,,,กิ๊บยึด,กิ๊บน๊อต,,3833
น๊อตเกลียวปล่อย 2.5 นิ้ว,ไทวัสดุ,100,0.98,98.0,,2564-02-12,,,กิ๊บยึด,กิ๊บน๊อต,,3834
น๊อตเกลียวเหล็กยึดแผงท้าย 3/4 JT10 (สีทอง),ศรีสยาม,1,,350.0,,2563-07-17,,,กิ๊บยึด,กิ๊บน๊อต,,3835
น๊อตเกลียวเหล็กยึดแผงท้าย 3/4 JT10 (สีทอง),ศรีสยาม,1,,350.0,,2565-03-31,,,กิ๊บยึด,กิ๊บน๊อต,,3836
น๊อตเกลียวเหล็กยึดแผงท้าย 3/4 JT10 (สีทอง),ศรีสยาม,1,,360.0,,2567-05-09,,,กิ๊บยึด,กิ๊บน๊อต,,3837
น๊อตยึดบล็อคลม (สกรูหัวจมดำ 5*15*0.8) ไม่หัว,ศรีสยาม,5,2.5,12.5,,2565-02-12,,,กิ๊บยึด,กิ๊บน๊อต,,3838
รีเวท ยึดกันชน มาสด้า,ต้นคิด,100,12.0,1200.0,,2562-05-06,,,รีเวท,กิ๊บน๊อต,,3839
รีเวท ยึดกันชน มาสด้า,ร้าน 55กิ๊บน๊อต,200,10.0,2000.0,,2567-08-31,,,รีเวท,กิ๊บน๊อต,,3840
รีเวท ฝาถังน้ำมัน โตโยต้า #606,55 กิ๊บน๊อต,100,10.0,1000.0,,2564-08-07,,,รีเวท,กิ๊บน๊อต,,3841
รีเวท ฝาถังน้ำมัน โตโยต้า ,ศูนย์โตโยต้า,50,40.0,2000.0,,2564-08-04,,,รีเวท,กิ๊บน๊อต,,3842
รีเวท ฝาถังน้ำมัน โตโยต้า #606,55 กิ๊บน๊อต,100,10.0,1000.0,,2566-04-06,,,รีเวท,กิ๊บน๊อต,,3843
รีเวท ฝาถังน้ำมัน โตโยต้า #606,55 กิ๊บน๊อต,200,10.0,2000.0,,2567-03-20,,,รีเวท,กิ๊บน๊อต,,3844
"รีเวท เบอร์ 4-8 ขนาด 1/8"" * 5/8 (กล่องละ 1,000ตัว)",ศรีสยาม,1,280.0,280.0,,2563-04-23,,,รีเวท,กิ๊บน๊อต,,3845
"รีเวท เบอร์ 4-8 ขนาด 1/8"" * 5/8 (กล่องละ 1,000ตัว)",ศรีสยาม,1,310.0,310.0,,2566-01-19,,,รีเวท,กิ๊บน๊อต,,3846
"รีเวท เบอร์ 5-4 ขนาด 5/32"" * 3/8 (กล่องละ 1,000ตัว)",ศรีสยาม,1,285.0,285.0,,2563-04-23,,,รีเวท,กิ๊บน๊อต,,3847
"รีเวท เบอร์ 5-8 ขนาด 5/32"" * 5/8 (กล่องละ 500ตัว)",ศรีสยาม,1,190.0,190.0,,2563-04-23,,,รีเวท,กิ๊บน๊อต,,3848
"รีเวท เบอร์ 5-8 ขนาด 5/32"" * 5/8 (กล่องละ 500ตัว)",ศรีสยาม,1,220.0,220.0,,2564-08-04,,,รีเวท,กิ๊บน๊อต,,3849
"รีเวท เบอร์ 5-8 ขนาด 5/32"" * 5/8 (กล่องละ 500ตัว)",ศรีสยาม,1,230.0,230.0,,2566-03-15,,,รีเวท,กิ๊บน๊อต,,3850
"รีเวท เบอร์ 6-9 ขนาด 3/16"" * 3/4 (กล่องละ 500ตัว)",ศรีสยาม,1,250.0,250.0,,2563-04-23,,,รีเวท,กิ๊บน๊อต,,3851
"รีเวท เบอร์ 6-9 ขนาด 3/16"" * 3/4 (กล่องละ 500ตัว)",ศรีสยาม,1,265.0,265.0,,2564-08-04,,** เมื่อ 13/3/67 พี่เอกเช็คศรีสยามขาย กล่องละ 470 บาท,รีเวท,กิ๊บน๊อต,,3852
"รีเวท เบอร์ 6-9 ขนาด 3/16"" * 3/4 (กล่องละ 500ตัว)",ร้านโรจนะ,1,360.0,360.0,,2564-08-04,,ร้านวัสดุก่อสร้าง,รีเวท,กิ๊บน๊อต,,3853
แหวนมิเนียม รองรีเวท 3/16 (ไซด์ใหญ่),ศรีสยาม,1,,30.0,,2564-01-08,,,รีเวท,กิ๊บน๊อต,,3854
แหวนมิเนียม รองรีเวท 3/16 (ไซด์ใหญ่),ร้านวัสดุก่อสร้าง,2,,60.0,,2564-11-27,,,รีเวท,กิ๊บน๊อต,,3855
แหวนมิเนียม รองรีเวท 5/32 ,ศรีสยาม,1,,240.0,,2565-05-19,,,รีเวท,กิ๊บน๊อต,,3856
แหวนมิเนียม รองรีเวท 5/32 ,ศรีสยาม,1,,240.0,,2566-01-18,,,รีเวท,กิ๊บน๊อต,,3857
แหวนมิเนียม รองรีเวท 1/4,ศรีสยาม,68,0.4279,29.1,,2567-10-16,,,รีเวท,กิ๊บน๊อต,,3858
"อีแปะ 1/8"" อลูมิเนียม (ไซด์เล็ก)",ศรีสยาม,1,45.0,45.0,,2563-04-23,,,รีเวท,กิ๊บน๊อต,,3859
"อีแปะ 1/8"" อลูมิเนียม (ไซด์เล็ก)",ศรีสยาม,1,30.0,30.0,,2564-04-07,,,รีเวท,กิ๊บน๊อต,,3860
หลอดไฟใหญ่หน้า H4,ต้นคิด,8,70.0,560.0,,2561-05-05,,,หลอดไฟ,กิ๊บน๊อต,,3861
หลอดไฟใหญ่หน้า H4,ต้นคิด,10,70.0,700.0,,2561-06-04,,,หลอดไฟ,กิ๊บน๊อต,,3862
หลอดไฟใหญ่หน้า H4,ต้นคิด,10,70.0,700.0,,2562-07-10,,,หลอดไฟ,กิ๊บน๊อต,,3863
หลอดไฟ H11,ต้นคิด,10,120.0,1200.0,,2562-07-10,,,หลอดไฟ,กิ๊บน๊อต,,3864
หลอดไฟ T15 (หลอดไฟเบรค),ต้นคิด,10,10.0,100.0,,2562-07-10,,,หลอดไฟ,กิ๊บน๊อต,,3865
หลอดไฟกลม สีขาว 1 ไส้ ตรง,ต้นคิด,10,5.0,50.0,,2561-06-04,,,หลอดไฟ,กิ๊บน๊อต,,3866
หลอดไฟกลม สีขาว 1 ไส้ ตรง,ต้นคิด,10,5.0,50.0,,2564-09-16,,,หลอดไฟ,กิ๊บน๊อต,,3867
หลอดไฟกลม สีขาว 2 ไส้ ตรง,ต้นคิด,10,5.0,50.0,,2561-06-04,,,หลอดไฟ,กิ๊บน๊อต,,3868
หลอดไฟกลม สีขาว 2 ไส้ ตรง,ต้นคิด,10,5.0,50.0,,2564-09-16,,,หลอดไฟ,กิ๊บน๊อต,,3869
หลอดไฟกลม สีส้ม 1 ไส้ เยื้อง,ต้นคิด,10,15.0,150.0,,2564-09-16,,,หลอดไฟ,กิ๊บน๊อต,,3870
หลอดไฟหรี่ ขาว,ต้นคิด,100,3.5,350.0,,2561-07-02,,,หลอดไฟ,กิ๊บน๊อต,,3871
หลอดไฟหรี่ ขาว,ต้นคิด,100,3.5,350.0,,2562-07-10,,,หลอดไฟ,กิ๊บน๊อต,,3872
หลอดไฟหรี่ ขาว,ต้นคิด,100,3.5,350.0,,2564-09-16,,,หลอดไฟ,กิ๊บน๊อต,,3873
หลอดไฟหรี่ ขาว,ต้นคิด,100,3.5,350.0,,2565-06-08,,,หลอดไฟ,กิ๊บน๊อต,,3874
หลอดไฟเสียบ ขาว 1 จุด,ต้นคิด,10,30.0,300.0,,2564-09-16,,,หลอดไฟ,กิ๊บน๊อต,,3875
หลอดไฟเสียบ ส้ม 1 จุด,ต้นคิด,10,35.0,350.0,,2564-09-16,,,หลอดไฟ,กิ๊บน๊อต,,3876
ถุงมือ แบบ 400 กรัม,โรงงานดอนทราย,10,36.0,360.0,,2561-06-04,,,ถุงมือ,กิ๊บน๊อต,,3877
ถุงมือ แบบ 400 กรัม,โรงงานดอนทราย,10,36.0,360.0,,2562-11-27,,,ถุงมือ,กิ๊บน๊อต,,3878
ถุงมือ แบบ 400 กรัม,โรงงานดอนทราย,10,36.0,360.0,,2562-12-21,,,ถุงมือ,กิ๊บน๊อต,,3879
ถุงมือ แบบ 400 กรัม,โรงงานดอนทราย,10,36.0,360.0,,2563-01-31,,,ถุงมือ,กิ๊บน๊อต,,3880
ผ้าปิดจมูก ,โรงงานดอนทราย,10,30.0,300.0,,2561-06-04,,,ผ้าปิดจมูก,กิ๊บน๊อต,,3881
ผ้าปิดจมูก ,โรงงานดอนทราย,20,30.0,600.0,,2562-11-27,,,ผ้าปิดจมูก,กิ๊บน๊อต,,3882
ผ้าปิดจมูก ,โรงงานดอนทราย,20,30.0,600.0,,2562-12-21,,,ผ้าปิดจมูก,กิ๊บน๊อต,,3883
ผ้าปิดจมูก ,โรงงานดอนทราย,20,30.0,600.0,,2563-01-31,,,ผ้าปิดจมูก,กิ๊บน๊อต,,3884
ผ้าปิดจมูก ,ทาเลนท์,48,4.0,192.0,,2563-03-24,,,ผ้าปิดจมูก,กิ๊บน๊อต,,3885
น้ำมันเกียร์  Super HD SAE90 TRANE 5L.,ศรีสยาม,1,2120.0,2120.0,,2561-05-14,,6กล. / @353.33 บาท,น้ำมันเกียร์,น้ำมัน,,3886
น้ำมันเกียร์  Super HD SAE90 TRANE 5L.,ศรีสยาม,1,1795.0,1795.0,,2563-10-05,,6กล. / @299.17 บาท,คิดลูกค้าลิตรละ 150 บาท,น้ำมัน,,3887
น้ำมันเกียร์  Super HD SAE90 TRANE 5L.,ศรีสยาม,1,1795.0,1795.0,,2564-01-11,,6กล. / @299.17 บาท,คิดลูกค้าลิตรละ 150 บาท,น้ำมัน,,3888
น้ำมันเกียร์  Super HD SAE90 TRANE 5L.,ศรีสยาม,1,2460.0,2460.0,,2565-07-09,,6กล. / @410 บาท,คิดลูกค้าลิตรละ 150 บาท,น้ำมัน,,3889
น้ำมันเกียร์  Super HD SAE90 TRANE 5L.,ศรีสยาม,1,2460.0,2460.0,,2566-01-18,,6กล. / @410 บาท,คิดลูกค้าลิตรละ 150 บาท,น้ำมัน,,3890
น้ำมันเกียร์  Super HD SAE90 TRANE 5L.,ศรีสยาม,1,2460.0,2460.0,,2566-08-03,,6กล. / @410 บาท,คิดลูกค้าลิตรละ 150 บาท,น้ำมัน,,3891
น้ำมันเกียร์  Super HD GL1 SAE90 TRANE 5L.,ศรีสยาม,1,2270.0,2270.0,,2566-10-10,,6กล. / @378.33 บาท,คิดลูกค้าลิตรละ 150 บาท,น้ำมัน,,3892
น้ำมันเกียร์  Super HD GL1 SAE90 TRANE 5L.,ศรีสยาม,1,2270.0,2270.0,,2567-06-12,,6กล. / @378.33 บาท,คิดลูกค้าลิตรละ 150 บาท,น้ำมัน,,3893
น้ำมันเกียร์  Super HD GL1 SAE90 TRANE 5L.,ศรีสยาม,1,2270.0,2270.0,,2567-12-19,,6กล. / @378.33 บาท,คิดลูกค้าลิตรละ 150 บาท,น้ำมัน,,3894
น้ำมันเกียร์  Super HD GL1 SAE90 TRANE 5L.,ศรีสยาม,1,2270.0,2270.0,,2568-07-10,,6กล. / @378.33 บาท,คิดลูกค้าลิตรละ 150 บาท,น้ำมัน,,3895
น้ำมันเกียร์  Super HD GL1 SAE90 TRANE 5L.,ศรีสยาม,1,2270.0,2270.0,,2568-11-01,,6กล. / @378.33 บาท,คิดลูกค้าลิตรละ 150 บาท,น้ำมัน,,3896
น้ำมันเกียร์  GL5 SAE90 TRANE 5L.,ศรีสยาม,1,2760.0,2760.0,,2564-10-04,,6กล. / @460 บาท,คิดลูกค้าลิตรละ 150 บาท,น้ำมัน,,3897
น้ำมันเกียร์  TOY ATF TOYOTA  4ลิตร,ศรีสยาม,1,1330.0,1330.0,,2561-05-28,,,คิดลูกค้าลิตรละ 400 บาท,น้ำมัน,,3898
น้ำมันเกียร์  TOY ATF TOYOTA  4ลิตร,ศรีสยาม,1,1330.0,1330.0,,2561-06-01,,,คิดลูกค้าลิตรละ 400 บาท,น้ำมัน,,3899
น้ำมันเกียร์  TOY ATF TOYOTA  4ลิตร,ศรีสยาม,1,1330.0,1330.0,,2563-08-14,,ออลนิววีออส 3กส-1947 กทม. / วิริยะ,คิดลูกค้าลิตรละ 400 บาท,น้ำมัน,,3900
น้ำมันเกียร์  TOY ATF TOYOTA  4ลิตร,ศรีสยาม,1,1330.0,1330.0,,2563-08-14,,ออลนิววีออส 3กบ-5210 กทม. / เงินสด,คิดลูกค้าลิตรละ 400 บาท,น้ำมัน,,3901
น้ำมันเกียร์  TOY ATF TOYOTA  4ลิตร,ศรีสยาม,4,1310.0,5240.0,,2563-09-11,,,คิดลูกค้าลิตรละ 400 บาท,น้ำมัน,,3902
น้ำมันเกียร์  HONDA ATF DW-1  1ลิตร,ศรีสยาม,2,200.0,400.0,,2561-05-28,,,คิดลูกค้าลิตรละ 400 บาท,น้ำมัน,,3903
น้ำมันเกียร์  HONDA ATF DW-1  3ลิตร,ศรีสยาม,1,580.0,580.0,,2561-07-09,,,คิดลูกค้าลิตรละ 400 บาท,น้ำมัน,,3904
น้ำมันเกียร์ Dexron-VI  ACDELCO 3.785 ลิตร,ศรีสยาม,1,900.0,900.0,,2561-06-07,,,คิดลูกค้าลิตรละ 400 บาท,น้ำมัน,,3905
น้ำมันเกียร์ Dexron-VI  ACDELCO 3.785 ลิตร,ศรีสยาม,1,920.0,920.0,,2561-07-17,,,คิดลูกค้าลิตรละ 400 บาท,น้ำมัน,,3906
น้ำมันเกียร์  TEXAMATIC 1888 CALTEX 5L.,ศรีสยาม,1,2720.0,2720.0,,2561-06-19,,4กล. / @680,คิดลูกค้าลิตรละ 250 บาท,น้ำมัน,,3907
น้ำมันเกียร์  TEXAMATIC 1888 CALTEX 5L.,ศรีสยาม,1,2720.0,2720.0,,2561-07-18,,4กล. / @680,คิดลูกค้าลิตรละ 250 บาท,น้ำมัน,,3908
น้ำมันเกียร์  TEXAMATIC 1888 CALTEX 5L.,ศรีสยาม,1,2730.0,2730.0,,2563-08-14,,4กล. / @683,คิดลูกค้าลิตรละ 250 บาท,น้ำมัน,,3909
น้ำมันเกียร์  TEXAMATIC 1888 CALTEX 5L.,ศรีสยาม,1,2730.0,2730.0,,2563-09-30,,4กล. / @683,คิดลูกค้าลิตรละ 250 บาท,น้ำมัน,,3910
น้ำมันเกียร์  TEXAMATIC 1888 CALTEX 5L.,ศรีสยาม,1,2730.0,2730.0,,2564-03-17,,4กล. / @683,คิดลูกค้าลิตรละ 250 บาท,น้ำมัน,,3911
น้ำมันเกียร์  TEXAMATIC 1888 CALTEX 5L.,ศรีสยาม,1,2850.0,2850.0,,2564-06-23,,4กล. / @712.50,คิดลูกค้าลิตรละ 250 บาท,น้ำมัน,,3912
น้ำมันเกียร์  TEXAMATIC 1888 CALTEX 5L.,ศรีสยาม,1,2920.0,2920.0,,2565-01-14,,4กล. / @730,คิดลูกค้าลิตรละ 250 บาท,น้ำมัน,,3913
น้ำมันเกียร์  TEXAMATIC 1888 CALTEX 5L.,ศรีสยาม,1,2980.0,2980.0,,2565-06-22,,4กล. / @745,คิดลูกค้าลิตรละ 250 บาท,น้ำมัน,,3914
น้ำมันเกียร์  TEXAMATIC 1888 CALTEX 5L.,ศรีสยาม,1,3160.0,3160.0,,2565-11-28,,4กล. / @790,คิดลูกค้าลิตรละ 250 บาท,น้ำมัน,,3915
น้ำมันเกียร์  TEXAMATIC 1888 CALTEX 5L.,ศรีสยาม,1,3040.0,3040.0,,2566-03-15,,4กล. / @760 / ลิตรละ 190 บาท,คิดลูกค้าลิตรละ 250 บาท,น้ำมัน,,3916
น้ำมันเกียร์  TEXAMATIC 1888 CALTEX 5L.,ศรีสยาม,1,3040.0,3040.0,,2566-11-03,,4กล. / @760 / ลิตรละ 190 บาท,คิดลูกค้าลิตรละ 250 บาท,น้ำมัน,,3917
น้ำมันเกียร์  TEXAMATIC 1888 CALTEX 5L.,ศรีสยาม,1,3000.0,3000.0,,2567-07-31,,4กล. / @750 / ลิตรละ 187.50 บาท,คิดลูกค้าลิตรละ 250 บาท,น้ำมัน,,3918
น้ำมันเกียร์  TEXAMATIC 1888 CALTEX 5L.,ศรีสยาม,1,2820.0,2820.0,,2568-06-25,,4กล. / @705 / ลิตรละ 176.25 บาท,คิดลูกค้าลิตรละ 250 บาท,น้ำมัน,,3919
น้ำมันเกียร์  MIT CVT FLUID ECO J4 Mitsubishi 4L,ศรีสยาม,1,1030.0,1030.0,,2561-06-19,,,คิดลูกค้าลิตรละ 250 บาท,น้ำมัน,,3920
น้ำมันเกียร์  MIT CVT FLUID ECO J4 Mitsubishi 4L,ศรีสยาม,1,1010.0,1010.0,,2561-08-02,,,คิดลูกค้าลิตรละ 250 บาท,น้ำมัน,,3921
น้ำมันเกียร์  MIT CVT FLUID ECO J4 Mitsubishi 4L,ศรีสยาม,1,1010.0,1010.0,,2561-07-21,,,คิดลูกค้าลิตรละ 250 บาท,น้ำมัน,,3922
น้ำมันเบรค  SHELL 1ลิตร DOT3,ศรีสยาม,1,2015.0,2015.0,,2561-05-12,,12กป./ขวดละ 167.92 บาท,น้ำมันเบรค,น้ำมัน,,3923
น้ำมันเบรค  SHELL 1ลิตร DOT3,ศรีสยาม,1,2015.0,2015.0,,2561-06-08,,12กป./ขวดละ 167.92 บาท,คิดลูกค้าลิตรละ 280 บาท,น้ำมัน,,3924
น้ำมันเบรค  SHELL 1ลิตร DOT3,ศรีสยาม,1,2070.0,2070.0,,2563-03-09,,12กป./ขวดละ 172.50 บาท,คิดลูกค้าลิตรละ 280 บาท,น้ำมัน,,3925
น้ำมันเบรค  SHELL 1ลิตร DOT3,ศรีสยาม,1,1910.0,1910.0,,2563-08-05,,12กป./ขวดละ 159.17 บาท,คิดลูกค้าลิตรละ 280 บาท,น้ำมัน,,3926
น้ำมันเบรค  SHELL 1ลิตร DOT3 Fluid,ศรีสยาม,1,1900.0,1900.0,,2563-10-09,,12กป./ขวดละ 158.33 บาท,คิดลูกค้าลิตรละ 280 บาท,น้ำมัน,,3927
น้ำมันเบรค  SHELL 1ลิตร DOT3 Fluid,ศรีสยาม,1,1900.0,1900.0,,2563-11-18,,12กป./ขวดละ 158.33 บาท,คิดลูกค้าลิตรละ 280 บาท,น้ำมัน,,3928
น้ำมันเบรค  SHELL 1ลิตร DOT3 Fluid -- ร้านจิตต์ (1960บาท),ศรีสยาม,1,1935.0,1935.0,,2564-02-15,,12กป./ขวดละ 161.25 บาท,คิดลูกค้าลิตรละ 280 บาท,น้ำมัน,,3929
น้ำมันเบรค  SHELL 1ลิตร DOT3 Fluid,ศรีสยาม,1,1935.0,1935.0,,2564-06-23,,12กป./ขวดละ 161.25 บาท,คิดลูกค้าลิตรละ 280 บาท,น้ำมัน,,3930
น้ำมันเบรค  SHELL 1ลิตร DOT3 Fluid,ศรีสยาม,1,1935.0,1935.0,,2564-08-31,,12กป./ขวดละ 161.25 บาท,คิดลูกค้าลิตรละ 280 บาท,น้ำมัน,,3931
น้ำมันเบรค  SHELL 1ลิตร DOT3 Fluid,ศรีสยาม,1,1935.0,1935.0,,2565-01-14,,12กป./ขวดละ 161.25 บาท,คิดลูกค้าลิตรละ 280 บาท,น้ำมัน,,3932
น้ำมันเบรค  SHELL 1ลิตร DOT3 Fluid,ศรีสยาม,1,1950.0,1950.0,,2565-06-22,,12กป./ขวดละ 162.50 บาท,คิดลูกค้าลิตรละ 280 บาท,น้ำมัน,,3933
น้ำมันเบรค  SHELL 1ลิตร DOT3 Fluid,ศรีสยาม,1,2030.0,2030.0,,2565-10-17,,12กป./ขวดละ 169.17 บาท,คิดลูกค้าลิตรละ 280 บาท,น้ำมัน,,3934
น้ำมันเบรค  SHELL 1ลิตร DOT3 Fluid,ศรีสยาม,1,2030.0,2030.0,,2565-11-28,,12กป./ขวดละ 169.17 บาท,คิดลูกค้าลิตรละ 280 บาท,น้ำมัน,,3935
น้ำมันเบรค  SHELL 1ลิตร DOT3 Fluid,ศรีสยาม,1,2030.0,2030.0,,2566-02-04,,12กป./ขวดละ 169.17 บาท,คิดลูกค้าลิตรละ 280 บาท,น้ำมัน,,3936
น้ำมันเบรค  SHELL 1ลิตร DOT3 Fluid,ศรีสยาม,1,2150.0,2150.0,,2566-04-08,,12กป./ขวดละ 179.17 บาท,คิดลูกค้าลิตรละ 280 บาท,น้ำมัน,,3937
น้ำมันเบรค  SHELL 1ลิตร DOT3 Fluid,ศรีสยาม,1,2060.0,2060.0,,2566-07-28,,12กป./ขวดละ 171.67 บาท,คิดลูกค้าลิตรละ 280 บาท,น้ำมัน,,3938
น้ำมันเบรค  SHELL 1ลิตร DOT3 Fluid,ศรีสยาม,1,2060.0,2060.0,,2566-09-07,,12กป./ขวดละ 171.67 บาท,คิดลูกค้าลิตรละ 280 บาท,น้ำมัน,,3939
น้ำมันเบรค  SHELL 1ลิตร DOT3 Fluid,ศรีสยาม,1,2115.0,2115.0,,2566-11-03,,12กป./ขวดละ 176.25 บาท,คิดลูกค้าลิตรละ 280 บาท,น้ำมัน,,3940
น้ำมันเบรค  SHELL 1ลิตร DOT3 Fluid,ศรีสยาม,1,2115.0,2115.0,,2567-01-06,,12กป./ขวดละ 176.25 บาท,คิดลูกค้าลิตรละ 280 บาท,น้ำมัน,,3941
น้ำมันเบรค  SHELL 1ลิตร DOT3 Fluid,ศรีสยาม,1,2140.0,2140.0,,2567-06-07,,12กป./ขวดละ 178.33 บาท,คิดลูกค้าลิตรละ 280 บาท,น้ำมัน,,3942
น้ำมันเบรค  SHELL 1ลิตร DOT3 Fluid,ศรีสยาม,1,2140.0,2140.0,,2567-07-31,,12กป./ขวดละ 178.33 บาท,คิดลูกค้าลิตรละ 280 บาท,น้ำมัน,,3943
น้ำมันเบรค  SHELL 1ลิตร DOT3 Fluid,ศรีสยาม,1,2040.0,2040.0,,2567-10-14,,12กป./ขวดละ 170 บาท,คิดลูกค้าลิตรละ 280 บาท,น้ำมัน,,3944
น้ำมันเบรค  SHELL 1ลิตร DOT3 Fluid,ศรีสยาม,1,2100.0,2100.0,,2567-12-19,,12กป./ขวดละ 175 บาท,คิดลูกค้าลิตรละ 280 บาท,น้ำมัน,,3945
น้ำมันเบรค  SHELL 1ลิตร DOT3 Fluid,ศรีสยาม,12,181.67,2180.04,,2568-03-19,,ต้นทุนขวดละ 182 บาท ราคารวม VAT แล้ว,คิดลูกค้าลิตรละ 280 บาท,น้ำมัน,,3946
น้ำมันเบรค  SHELL 1ลิตร DOT3 Fluid,ศรีสยาม,12,181.67,2180.04,,2568-06-02,,ต้นทุนขวดละ 182 บาท ราคารวม VAT แล้ว,คิดลูกค้าลิตรละ 280 บาท,น้ำมัน,,3947
น้ำมันเบรค  SHELL 1ลิตร DOT3 Fluid,ศรีสยาม,12,183.3333,2199.9996,,2568-08-28,,ต้นทุนขวดละ 183.33 บาท ราคารวม VAT แล้ว,คิดลูกค้าลิตรละ 280 บาท,น้ำมัน,,3948
น้ำมันเบรค  SHELL 1ลิตร DOT3 Fluid,ศรีสยาม,12,183.3333,2199.9996,,2568-10-15,,ต้นทุนขวดละ 183.33 บาท ราคารวม VAT แล้ว,คิดลูกค้าลิตรละ 280 บาท,น้ำมัน,,3949
น้ำมันเบรค  SHELL 1ลิตร DOT3 Fluid,ศรีสยาม,12,183.3333,2199.9996,,2569-02-10,,ต้นทุนขวดละ 183.33 บาท ราคารวม VAT แล้ว,คิดลูกค้าลิตรละ 280 บาท,น้ำมัน,,3950
จารบี  MOLYLAND 1 ปอนด์,ศรีสยาม,3,125.0,375.0,,2561-06-08,,,จารบี,น้ำมัน,,3951
จารบี เบอร์3 จระเข้  5กิโล,ศรีสยาม,1,350.0,350.0,,2564-05-25,,,จารบี,น้ำมัน,,3952
จารบี Besco grease L-3 (แท้ห้าง) 2กิโล,ศรีสยาม,1,390.0,390.0,,2564-10-04,,,จารบี,น้ำมัน,,3953
จารบี Besco grease L-3 (แท้ห้าง) 2กิโล,ศรีสยาม,1,468.0,468.0,,2565-12-24,,,จารบี,น้ำมัน,,3954
จารบี Besco grease L-3 (แท้ห้าง) 2กิโล,ศรีสยาม,1,510.0,510.0,,2566-11-06,,,จารบี,น้ำมัน,,3955
จารบี Besco grease L-3 (แท้ห้าง) 2กิโล,ศรีสยาม,1,500.76,500.76,,2567-12-26,,ราคารวม VAT แล้ว,จารบี,น้ำมัน,,3956
น้ำมันเครื่อง DYNAMIC Premier 15W40 PTT 6L+1L (ดีเซล),ศรีสยาม,1,1730.0,1730.0,,2561-05-24,,มี 3กล./ กล. @577 บาท,น้ำมันเครื่อง,น้ำมัน,,3957
น้ำมันเครื่อง DYNAMIC Premier 15W40 PTT 6L+1L (ดีเซล),ศรีสยาม,1,1730.0,1730.0,,2561-07-04,,มี 3กล./ กล. @577 บาท,คิดลูกค้าลิตรละ 200 บาท,น้ำมัน,,3958
น้ำมันเครื่อง DYNAMIC Premier 15W40 PTT 6L+1L (ดีเซล),ศรีสยาม,1,1780.0,1780.0,,2561-08-02,,มี 3กล./ กล. @594 บาท,คิดลูกค้าลิตรละ 200 บาท,น้ำมัน,,3959
น้ำมันเครื่อง DYNAMIC Premier 15W40 PTT 6L+1L (ดีเซล),ศรีสยาม,1,1760.0,1760.0,,2563-06-27,,มี 3กล./ กล. @587 บาท,คิดลูกค้าลิตรละ 200 บาท,น้ำมัน,,3960
น้ำมันเครื่อง DYNAMIC Premier 15W40 PTT 6L+1L (ดีเซล),ศรีสยาม,1,1760.0,1760.0,,2563-07-24,,มี 3กล./ กล. @587 บาท,คิดลูกค้าลิตรละ 200 บาท,น้ำมัน,,3961
น้ำมันเครื่อง DYNAMIC Premier 15W40 PTT 6L+1L (ดีเซล),ศรีสยาม,1,1760.0,1760.0,,2563-09-08,,มี 3กล./ กล. @587 บาท,คิดลูกค้าลิตรละ 200 บาท,น้ำมัน,,3962
น้ำมันเครื่อง DYNAMIC Premier 15W40 PTT 6L+1L (ดีเซล),ศรีสยาม,1,1760.0,1760.0,,2563-09-30,,มี 3กล./ กล. @590 บาท,คิดลูกค้าลิตรละ 200 บาท,น้ำมัน,,3963
น้ำมันเครื่อง DYNAMIC Premier 15W40 PTT 6L+1L (ดีเซล),ศรีสยาม,1,1760.0,1760.0,,2563-10-19,,มี 3กล./ กล. @590 บาท,คิดลูกค้าลิตรละ 200 บาท,น้ำมัน,,3964
น้ำมันเครื่อง DYNAMIC Premier 15W40 PTT 6L+1L (ดีเซล),ศรีสยาม,1,1760.0,1760.0,,2563-11-24,,มี 3กล./ กล. @590 บาท,คิดลูกค้าลิตรละ 200 บาท,น้ำมัน,,3965
น้ำมันเครื่อง DYNAMIC Premier 15W40 PTT 6L+1L (ดีเซล),ศรีสยาม,1,1760.0,1760.0,,2564-01-28,,มี 3กล./ กล. @590 บาท,คิดลูกค้าลิตรละ 200 บาท,น้ำมัน,,3966
น้ำมันเครื่อง DYNAMIC Premier 15W40 PTT 6L+1L (ดีเซล),ศรีสยาม,1,1760.0,1760.0,,2564-03-06,,มี 3กล./ กล. @590 บาท,คิดลูกค้าลิตรละ 200 บาท,น้ำมัน,,3967
"น้ำมันเครื่อง DYNAMIC Premier 15W40 PTT 6L+1L (ดีเซล) -- ศรีสยามปรับราคา คราวหน้าซื้อร้านจิตต์ เช็ค 9/4 ราคา 1,760 บาท",ศรีสยาม,1,1810.0,1810.0,,2564-04-09,,มี 3กล./ กล. @604 บาท,คิดลูกค้าลิตรละ 200 บาท,น้ำมัน,,3968
น้ำมันเครื่อง DYNAMIC Plus 15W40 PTT 6L+1L (ดีเซล),ศรีสยาม,1,1685.0,1685.0,,2564-09-28,,มี 3กล./ กล. @561.67 บาท,คิดลูกค้าลิตรละ 200 บาท,น้ำมัน,,3969
น้ำมันเครื่อง DYNAMIC Plus 15W40 PTT 6L+1L (ดีเซล),ศรีสยาม,1,1780.0,1780.0,,2564-12-04,,มี 3กล./ กล. @593.33 บาท,คิดลูกค้าลิตรละ 200 บาท,น้ำมัน,,3970
น้ำมันเครื่อง DYNAMIC Plus 15W40 PTT 6L+1L (ดีเซล),ศรีสยาม,1,1720.0,1720.0,,2565-05-04,,มี 3กล./ กล. @593.33 บาท,คิดลูกค้าลิตรละ 200 บาท,น้ำมัน,,3971
น้ำมันเครื่อง DYNAMIC Plus 15W40 PTT 6L+1L (ดีเซล),ศรีสยาม,1,1765.0,1765.0,,2565-08-09,,มี 3กล./ กล. @588.33 บาท,คิดลูกค้าลิตรละ 200 บาท,น้ำมัน,,3972
น้ำมันเครื่อง DYNAMIC Plus 15W40 PTT 6L+1L (ดีเซล),ศรีสยาม,1,1765.0,1765.0,,2565-10-17,,มี 3กล./ กล. @588.33 บาท,คิดลูกค้าลิตรละ 200 บาท,น้ำมัน,,3973
น้ำมันเครื่อง DYNAMIC Plus 15W40 PTT 6L+1L (ดีเซล),ศรีสยาม,1,1820.0,1820.0,,2566-01-03,,มี 3กล./ กล. @606.67 บาท,คิดลูกค้าลิตรละ 200 บาท,น้ำมัน,,3974
น้ำมันเครื่อง DYNAMIC Plus 15W40 PTT 6L+1L (ดีเซล),ศรีสยาม,1,1850.0,1850.0,,2566-03-23,,มี 3กล./ กล. @616.67 บาท,คิดลูกค้าลิตรละ 200 บาท,น้ำมัน,,3975
น้ำมันเครื่อง DYNAMIC Plus 15W40 PTT 6L+1L (ดีเซล),ศรีสยาม,1,1900.0,1900.0,,2566-08-03,,มี 3กล./ กล. @633.33 บาท,คิดลูกค้าลิตรละ 200 บาท,น้ำมัน,,3976
น้ำมันเครื่อง DYNAMIC Plus 15W40 PTT 6L+1L (ดีเซล),ศรีสยาม,1,1870.0,1870.0,,2566-12-06,,มี 3กล./ กล. @623.33 บาท,คิดลูกค้าลิตรละ 200 บาท,น้ำมัน,,3977
น้ำมันเครื่อง DYNAMIC Plus 15W40 PTT 6L+1L (ดีเซล),ศรีสยาม,1,1870.0,1870.0,,2567-05-11,,มี 3กล./ กล. @623.33 บาท,คิดลูกค้าลิตรละ 200 บาท,น้ำมัน,,3978
น้ำมันเครื่อง DYNAMIC Plus 15W40 PTT 6L+1L (ดีเซล),ศรีสยาม,1,1910.0,1910.0,,2567-09-06,,มี 3กล./ กล. @636.67 บาท,คิดลูกค้าลิตรละ 200 บาท,น้ำมัน,,3979
น้ำมันเครื่อง DYNAMIC Plus 15W40 PTT 6L+1L (ดีเซล),ศรีสยาม,1,1870.0,1870.0,,2567-11-12,,มี 3กล./ กล. @623.33 บาท,คิดลูกค้าลิตรละ 200 บาท,น้ำมัน,,3980
น้ำมันเครื่อง ENEOS Plus 15W40 6L+1L (ดีเซล),ศรีสยาม,4,2150.0,2150.0,,2568-04-07,,มี 3กล./ กล. @716.67 บาท,คิดลูกค้าลิตรละ 200 บาท,น้ำมัน,,3981
น้ำมันเครื่อง ENEOS Plus 15W40 6L+1L (ดีเซล),ศรีสยาม,4,2150.0,2150.0,,2568-09-25,,มี 3กล./ กล. @716.67 บาท,คิดลูกค้าลิตรละ 200 บาท,น้ำมัน,,3982
น้ำมันเครื่อง PERFORMA SEMI-SYN 10W40 PTT 4L+1L (เบนซิล),ศรีสยาม,1,1875.0,1875.0,,2561-07-04,,มี 4กล./ กล. @469 บาท,คิดลูกค้าลิตรละ 200 บาท,น้ำมัน,,3983
น้ำมันเครื่อง PERFORMA SEMI-SYN 10W40 PTT 4L+1L (เบนซิล),ศรีสยาม,1,1960.0,1960.0,,2561-08-02,,มี 4กล./ กล. @490 บาท,คิดลูกค้าลิตรละ 200 บาท,น้ำมัน,,3984
น้ำมันเครื่อง PERFORMA SEMI-SYN 10W40 PTT 4L+1L (เบนซิล),ศรีสยาม,1,1950.0,1950.0,,2563-03-09,,มี 4กล./ กล. @487.50 บาท,คิดลูกค้าลิตรละ 200 บาท,น้ำมัน,,3985
น้ำมันเครื่อง PERFORMA SEMI-SYN 10W40 PTT 4L+1L (เบนซิล),ศรีสยาม,1,1950.0,1950.0,,2563-06-27,,มี 4กล./ กล. @487.50 บาท,คิดลูกค้าลิตรละ 200 บาท,น้ำมัน,,3986
น้ำมันเครื่อง PERFORMA SEMI-SYN 10W40 PTT 4L+1L (เบนซิล),ศรีสยาม,1,1950.0,1950.0,,2564-05-31,,มี 4กล./ กล. @487.50 บาท,คิดลูกค้าลิตรละ 200 บาท,น้ำมัน,,3987
น้ำมันเครื่อง PERFORMA SEMI-SYN 10W40 PTT 4L+1L (เบนซิล),ศรีสยาม,1,2150.0,2150.0,,2565-11-04,,มี 4กล./ กล. @537.50 บาท,คิดลูกค้าลิตรละ 200 บาท,น้ำมัน,,3988
น้ำมันเครื่อง PERFORMA SEMI-SYN 10W40 PTT 4L+1L (เบนซิล),ศรีสยาม,1,2210.0,2210.0,,2566-03-15,,มี 4กล./ กล. @552.50 บาท,คิดลูกค้าลิตรละ 200 บาท,น้ำมัน,,3989
น้ำมันเครื่อง PERFORMA Syntec Plus 10W40 PTT 4L+1L (เบนซิล),ศรีสยาม,1,2270.0,2270.0,,2566-10-31,,มี 4กล./ กล. @567.50 บาท,คิดลูกค้าลิตรละ 200 บาท,น้ำมัน,,3990
น้ำมันเครื่อง Valvoline Full synthetic premium 5W30SQ 4L+1L (เบนซิล),ศรีสยาม,1,4205.0,4205.0,,2569-01-31,,มี 4กล./ กล. @1051.25 บาท,คิดลูกค้าแกลลอนละ 1370 บาท,น้ำมัน,,3991
น้ำมันเครื่อง LIQ SPECIAL TEC AA10W30 LIQUI MOLY 5+2L,ศรีสยาม,1,1820.0,1820.0,,2561-07-10,,,คิดลูกค้าแกลลอนละ 1370 บาท,น้ำมัน,,3992
น้ำมันเครื่อง Diesel SYN 5W30 CK-4 Valvoline 6 ลิตรแถม1ลิตร,ศรีสยาม,1,1900.0,1900.0,,2565-06-16,,,คิดลูกค้าแกลลอนละ 1370 บาท,น้ำมัน,,3993
น้ำมันไฮโดรลิค HLP 68PTT 18L. -- เติมโฟล์คลิฟ,ศรีสยาม,1,880.0,880.0,,2569-02-24,,ราคารวม VAT แล้ว,น้ำมันไฮโดรลิค,น้ำมัน,,3994
น้ำยาล้างเครื่องภายใน Flushing Oil PTT 4L,ศรีสยาม,2,280.0,560.0,,2561-05-24,,,น้ำยาล้างเครื่อง,น้ำมัน,,3995
น้ำยาล้างเครื่องภายนอก RAZZO 5L. (สีแดง),ศรีสยาม,2,385.0,770.0,,2561-08-02,,,น้ำยาล้างเครื่อง,น้ำมัน,,3996
น้ำยาล้างเครื่องภายนอก RAZZO 5L. (สีแดง),ศรีสยาม,4,385.0,1540.0,,2563-09-14,,,น้ำยาล้างเครื่อง,น้ำมัน,,3997
น้ำยาล้างเครื่องภายนอก RAZZO 5L. (สีแดง),ศรีสยาม,2,390.0,780.0,,2564-03-16,,,น้ำยาล้างเครื่อง,น้ำมัน,,3998
น้ำยาล้างเครื่องภายนอก RAZZO 5L. (สีแดง),ศรีสยาม,2,385.0,770.0,,2564-03-17,,,น้ำยาล้างเครื่อง,น้ำมัน,,3999
น้ำยาล้างเครื่องภายนอก RAZZO 5L. (สีแดง),ศรีสยาม,1,390.0,390.0,,2565-05-04,,,น้ำยาล้างเครื่อง,น้ำมัน,,4000
น้ำยาล้างเครื่องภายนอก RAZZO 5L. (สีแดง),ศรีสยาม,1,420.0,420.0,,2565-07-05,,,น้ำยาล้างเครื่อง,น้ำมัน,,4001
น้ำยาล้างเครื่องภายนอก RAZZO 5L. (สีแดง),ศรีสยาม,1,415.0,415.0,,2568-10-27,,ราคารวม VAT แล้ว,น้ำยาล้างเครื่อง,น้ำมัน,,4002
น้ำยาล้างเครื่องภายนอก KAR 5L. (สีขาว),จิตต์อะไหล่,1,225.0,225.0,,2563-10-03,,,น้ำยาล้างเครื่อง,น้ำมัน,,4003
น้ำยาล้างเครื่องภายนอก KAR 5L. (สีขาว),ศรีสยาม,1,230.0,230.0,,2564-08-09,,,น้ำยาล้างเครื่อง,น้ำมัน,,4004
น้ำยาล้างเครื่องภายนอก KAR 5L. (สีขาว),ศรีสยาม,1,230.0,230.0,,2564-11-05,,,น้ำยาล้างเครื่อง,น้ำมัน,,4005
น้ำยาล้างเครื่องภายนอก KAR 5L. (สีขาว),ศรีสยาม,1,240.0,240.0,,2565-07-15,,,น้ำยาล้างเครื่อง,น้ำมัน,,4006
น้ำยาล้างเครื่องภายนอก KAR 5L. (สีขาว),ศรีสยาม,1,240.0,240.0,,2565-11-30,,,น้ำยาล้างเครื่อง,น้ำมัน,,4007
น้ำยาล้างเครื่องภายนอก KAR 5L. (สีขาว),ศรีสยาม,1,240.0,240.0,,2566-10-03,,,น้ำยาล้างเครื่อง,น้ำมัน,,4008
น้ำยาล้างเครื่องภายนอก KAR 5L. (สีขาว),ศรีสยาม,1,240.0,240.0,,2568-03-31,,,น้ำยาล้างเครื่อง,น้ำมัน,,4009
น้ำยาล้างตู้แอร์ F11 500 ml. (สำหรับล้างภายใน),ศรีสยาม,2,70.0,140.0,,2564-12-16,,,น้ำยาล้างตู้แอร์,น้ำมัน,,4010
น้ำยาล้างระบบแอร์ F11 (สำหรับล้างภายใน),จิตต์อะไหล่,2,80.0,160.0,,2565-01-10,,,เก็บลูกค้าขวดละ 200บาท,น้ำมัน,,4011
น้ำยาล้างระบบแอร์ F11 (สำหรับล้างภายใน) FUJI,จิตต์อะไหล่,12,75.0,900.0,,2565-06-16,,1ลัง = 12ขวด,เก็บลูกค้าขวดละ 200บาท,น้ำมัน,,4012
น้ำยาล้างระบบแอร์ F11 (สำหรับล้างภายใน) FUJI,จิตต์อะไหล่,12,75.0,900.0,,2565-09-09,,1ลัง = 12ขวด,เก็บลูกค้าขวดละ 200บาท,น้ำมัน,,4013
น้ำยาล้างระบบแอร์ F11 (สำหรับล้างภายใน) Hi-clear -- 1ลัง/12ขวด,จิตต์อะไหล่,12,41.67,500.04,,2567-06-25,,1ลัง = 12ขวด,เก็บลูกค้าขวดละ 200บาท,น้ำมัน,,4014
น้ำกลั่น MAX CAR 1000 ซีซี.,ศรีสยาม,1,75.0,75.0,,2561-07-18,,,น้ำกลั่น,น้ำมัน,,4015
น้ำกลั่น  ,ศรีสยาม,12,5.25,63.0,,2563-03-09,,,น้ำกลั่น,น้ำมัน,,4016
น้ำกลั่น  ,ศรีสยาม,12,5.25,63.0,,2563-09-07,,,น้ำกลั่น,น้ำมัน,,4017
น้ำกลั่น  ,ศรีสยาม,12,6.25,75.0,,2564-07-03,,,น้ำกลั่น,น้ำมัน,,4018
น้ำกลั่น แม็กไซเคิล 1200cc. ,ศรีสยาม,12,6.25,75.0,,2565-04-28,,,น้ำกลั่น,น้ำมัน,,4019
น้ำมันคอมพ์แอร์ R134A AIR-PRO ขนาด 200CC.,ศรีสยาม,2,90.0,180.0,,2563-05-21,,,น้ำมันคอมพ์แอร์,น้ำมัน,,4020
น้ำมันคอมพ์แอร์ R134A AIR-PRO ขนาด 200CC.,ศรีสยาม,1,90.0,90.0,,2563-06-01,,,น้ำมันคอมพ์แอร์,น้ำมัน,,4021
น้ำมันคอมพ์แอร์ R134A AIR-PRO ขนาด 500CC.,ศรีสยาม,6,165.0,990.0,,2563-06-20,,,น้ำมันคอมพ์แอร์,น้ำมัน,,4022
น้ำมันคอมพ์แอร์ R134A AIR-PRO ขนาด 500CC.,ศรีสยาม,1,155.0,155.0,,2563-10-05,,,น้ำมันคอมพ์แอร์,น้ำมัน,,4023
น้ำมันคอมพ์แอร์ R134A AIR-PRO ขนาด 500CC.,ศรีสยาม,1,155.0,155.0,,2563-11-24,,,น้ำมันคอมพ์แอร์,น้ำมัน,,4024
น้ำมันคอมพ์แอร์ R134A AIR-PRO ขนาด 500CC.,ศรีสยาม,1,155.0,155.0,,2563-12-19,,,น้ำมันคอมพ์แอร์,น้ำมัน,,4025
น้ำมันคอมพ์แอร์ R134A AIR-PRO ขนาด 500CC.,ศรีสยาม,1,155.0,155.0,,2564-01-25,,,น้ำมันคอมพ์แอร์,น้ำมัน,,4026
น้ำมันคอมพ์แอร์ R134A AIR-PRO ขนาด 500CC.,ศรีสยาม,1,155.0,155.0,,2564-03-11,,,น้ำมันคอมพ์แอร์,น้ำมัน,,4027
น้ำมันคอมพ์แอร์ R134A AIR-PRO ขนาด 500CC.,ศรีสยาม,1,155.0,155.0,,2564-04-30,,,น้ำมันคอมพ์แอร์,น้ำมัน,,4028
น้ำมันคอมพ์แอร์ R134A AIR-PRO ขนาด 500CC.,ศรีสยาม,1,155.0,155.0,,2564-05-21,,,น้ำมันคอมพ์แอร์,น้ำมัน,,4029
น้ำมันคอมพ์แอร์ R134A AIR-PRO ขนาด 500CC.,ศรีสยาม,1,155.0,155.0,,2564-06-25,,,น้ำมันคอมพ์แอร์,น้ำมัน,,4030
น้ำมันคอมพ์แอร์ R134A AIR-PRO ขนาด 500CC.,ศรีสยาม,1,155.0,155.0,,2564-07-14,,,น้ำมันคอมพ์แอร์,น้ำมัน,,4031
น้ำมันคอมพ์แอร์ R134A AIR-PRO ขนาด 500CC.,ศรีสยาม,1,155.0,155.0,,2564-07-28,,,น้ำมันคอมพ์แอร์,น้ำมัน,,4032
น้ำมันคอมพ์แอร์ R134A AIR-PRO ขนาด 500CC.,ศรีสยาม,1,155.0,155.0,,2564-08-13,,,น้ำมันคอมพ์แอร์,น้ำมัน,,4033
น้ำมันคอมพ์แอร์ R134A AIR-PRO ขนาด 500CC.,ศรีสยาม,1,155.0,155.0,,2564-08-27,,,น้ำมันคอมพ์แอร์,น้ำมัน,,4034
น้ำมันคอมพ์แอร์ R134A AIR-PRO ขนาด 500CC.,ศรีสยาม,1,155.0,155.0,,2564-09-11,,,น้ำมันคอมพ์แอร์,น้ำมัน,,4035
น้ำมันคอมพ์แอร์ R134A AIR-PRO ขนาด 500CC.,ศรีสยาม,1,155.0,155.0,,2564-11-01,,,น้ำมันคอมพ์แอร์,น้ำมัน,,4036
น้ำมันคอมพ์แอร์ R134A AIR-PRO ขนาด 500CC.,ศรีสยาม,1,155.0,155.0,,2564-11-05,,,น้ำมันคอมพ์แอร์,น้ำมัน,,4037
น้ำมันคอมพ์แอร์ R134A AIR-PRO ขนาด 500CC.,ศรีสยาม,1,155.0,155.0,,2564-11-25,,,น้ำมันคอมพ์แอร์,น้ำมัน,,4038
น้ำมันคอมพ์แอร์ R134A AIR-PRO ขนาด 500CC.,ศรีสยาม,2,155.0,310.0,,2564-12-20,,,น้ำมันคอมพ์แอร์,น้ำมัน,,4039
น้ำมันคอมพ์แอร์ R134A AIR-PRO ขนาด 500CC.,ศรีสยาม,1,155.0,155.0,,2565-02-02,,,น้ำมันคอมพ์แอร์,น้ำมัน,,4040
น้ำมันคอมพ์แอร์ R134A AIR-PRO ขนาด 500CC.,ศรีสยาม,1,155.0,155.0,,2565-02-10,,,น้ำมันคอมพ์แอร์,น้ำมัน,,4041
น้ำมันคอมพ์แอร์ R134A AIR-PRO ขนาด 500CC.,ศรีสยาม,1,155.0,155.0,,2565-03-09,,,น้ำมันคอมพ์แอร์,น้ำมัน,,4042
น้ำมันคอมพ์แอร์ R134A AIR-PRO ขนาด 500CC.,ศรีสยาม,1,155.0,155.0,,2565-03-19,,,น้ำมันคอมพ์แอร์,น้ำมัน,,4043
น้ำมันคอมพ์แอร์ R134A AIR-PRO ขนาด 500CC.,ศรีสยาม,2,155.0,310.0,,2565-05-10,,,น้ำมันคอมพ์แอร์,น้ำมัน,,4044
น้ำมันคอมพ์แอร์ R134A AIR-PRO ขนาด 500CC.,ศรีสยาม,1,155.0,155.0,,2565-06-01,,,น้ำมันคอมพ์แอร์,น้ำมัน,,4045
น้ำมันคอมพ์แอร์ R134A AIR-PRO ขนาด 500CC.,ศรีสยาม,1,155.0,155.0,,2565-06-20,,,น้ำมันคอมพ์แอร์,น้ำมัน,,4046
น้ำมันคอมพ์แอร์ R134A AIR-PRO ขนาด 500CC.,ศรีสยาม,1,155.0,155.0,,2565-06-25,,,น้ำมันคอมพ์แอร์,น้ำมัน,,4047
น้ำมันคอมพ์แอร์ R134A AIR-PRO ขนาด 500CC.,ศรีสยาม,1,155.0,155.0,,2565-07-20,,,น้ำมันคอมพ์แอร์,น้ำมัน,,4048
น้ำมันคอมพ์แอร์ R134A AIR-PRO ขนาด 500CC.,ศรีสยาม,1,155.0,155.0,,2565-08-08,,,น้ำมันคอมพ์แอร์,น้ำมัน,,4049
น้ำมันคอมพ์แอร์ R134A AIR-PRO ขนาด 500CC.,ศรีสยาม,1,155.0,155.0,,2565-09-02,,,น้ำมันคอมพ์แอร์,น้ำมัน,,4050
น้ำมันคอมพ์แอร์ R134A AIR-PRO ขนาด 500CC.,ศรีสยาม,1,155.0,155.0,,2565-09-21,,,น้ำมันคอมพ์แอร์,น้ำมัน,,4051
น้ำมันคอมพ์แอร์ R134A AIR-PRO ขนาด 500CC.,ศรีสยาม,1,155.0,155.0,,2565-10-04,,,น้ำมันคอมพ์แอร์,น้ำมัน,,4052
น้ำมันคอมพ์แอร์ R134A AIR-PRO ขนาด 500CC.,ศรีสยาม,1,155.0,155.0,,2565-11-08,,,น้ำมันคอมพ์แอร์,น้ำมัน,,4053
น้ำมันคอมพ์แอร์ R134A AIR-PRO ขนาด 500CC.,ศรีสยาม,1,155.0,155.0,,2565-11-15,,,น้ำมันคอมพ์แอร์,น้ำมัน,,4054
น้ำมันคอมพ์แอร์ R134A AIR-PRO ขนาด 500CC.,ศรีสยาม,1,155.0,155.0,,2565-11-30,,,น้ำมันคอมพ์แอร์,น้ำมัน,,4055
น้ำมันคอมพ์แอร์ R134A AIR-PRO ขนาด 500CC.,ศรีสยาม,1,155.0,155.0,,2565-12-16,,,น้ำมันคอมพ์แอร์,น้ำมัน,,4056
น้ำมันคอมพ์แอร์ R134A AIR-PRO ขนาด 500CC.,ศรีสยาม,1,155.0,155.0,,2565-12-23,,,น้ำมันคอมพ์แอร์,น้ำมัน,,4057
น้ำมันคอมพ์แอร์ R134A AIR-PRO ขนาด 500CC.,ศรีสยาม,1,155.0,155.0,,2566-01-17,,,น้ำมันคอมพ์แอร์,น้ำมัน,,4058
น้ำมันคอมพ์แอร์ R134A AIR-PRO ขนาด 500CC.,ศรีสยาม,1,155.0,155.0,,2566-02-10,,,น้ำมันคอมพ์แอร์,น้ำมัน,,4059
น้ำมันคอมพ์แอร์ R134A AIR-PRO ขนาด 500CC.,ศรีสยาม,1,155.0,155.0,,2566-03-10,,,น้ำมันคอมพ์แอร์,น้ำมัน,,4060
น้ำมันคอมพ์แอร์ R134A AIR-PRO ขนาด 500CC.,ศรีสยาม,1,155.0,155.0,,2566-03-17,,,น้ำมันคอมพ์แอร์,น้ำมัน,,4061
น้ำมันคอมพ์แอร์ R134A AIR-PRO ขนาด 500CC.,ศรีสยาม,1,155.0,155.0,,2566-03-29,,,น้ำมันคอมพ์แอร์,น้ำมัน,,4062
น้ำมันคอมพ์แอร์ R134A AIR-PRO ขนาด 500CC.,ศรีสยาม,1,155.0,155.0,,2566-05-18,,,น้ำมันคอมพ์แอร์,น้ำมัน,,4063
น้ำมันคอมพ์แอร์ R134A AIR-PRO ขนาด 500CC.,ศรีสยาม,2,155.0,310.0,,2566-06-19,,,น้ำมันคอมพ์แอร์,น้ำมัน,,4064
น้ำมันคอมพ์แอร์ R134A AIR-PRO ขนาด 500CC.,ศรีสยาม,1,155.0,155.0,,2566-07-14,,,น้ำมันคอมพ์แอร์,น้ำมัน,,4065
น้ำมันคอมพ์แอร์ R134A AIR-PRO ขนาด 500CC.,ศรีสยาม,1,155.0,155.0,,2566-08-08,,,น้ำมันคอมพ์แอร์,น้ำมัน,,4066
น้ำมันคอมพ์แอร์ R134A AIR-PRO ขนาด 500CC.,ศรีสยาม,1,155.0,155.0,,2566-08-11,,,น้ำมันคอมพ์แอร์,น้ำมัน,,4067
น้ำมันคอมพ์แอร์ R134A AIR-PRO ขนาด 500CC.,ศรีสยาม,1,155.0,155.0,,2566-08-29,,,น้ำมันคอมพ์แอร์,น้ำมัน,,4068
น้ำมันคอมพ์แอร์ R134A AIR-PRO ขนาด 500CC.,ศรีสยาม,1,155.0,155.0,,2566-09-12,,,น้ำมันคอมพ์แอร์,น้ำมัน,,4069
น้ำมันคอมพ์แอร์ R134A AIR-PRO ขนาด 500CC.,ศรีสยาม,1,155.0,155.0,,2566-09-26,,,น้ำมันคอมพ์แอร์,น้ำมัน,,4070
น้ำมันคอมพ์แอร์ R134A AIR-PRO ขนาด 500CC.,ศรีสยาม,1,155.0,155.0,,2566-10-31,,,น้ำมันคอมพ์แอร์,น้ำมัน,,4071
น้ำมันคอมพ์แอร์ R134A AIR-PRO ขนาด 500CC.,ศรีสยาม,1,155.0,155.0,,2566-11-07,,,น้ำมันคอมพ์แอร์,น้ำมัน,,4072
น้ำมันคอมพ์แอร์ R134A AIR-PRO ขนาด 500CC.,ศรีสยาม,1,155.0,155.0,,2566-11-24,,,น้ำมันคอมพ์แอร์,น้ำมัน,,4073
น้ำมันคอมพ์แอร์ R134A AIR-PRO ขนาด 500CC.,ศรีสยาม,1,155.0,155.0,,2566-12-22,,,น้ำมันคอมพ์แอร์,น้ำมัน,,4074
น้ำมันคอมพ์แอร์ R134A AIR-PRO ขนาด 500CC.,ศรีสยาม,2,155.0,310.0,,2567-01-30,,,น้ำมันคอมพ์แอร์,น้ำมัน,,4075
น้ำมันคอมพ์แอร์ R134A AIR-PRO ขนาด 500CC.,ศรีสยาม,2,160.0,320.0,,2567-03-08,,,น้ำมันคอมพ์แอร์,น้ำมัน,,4076
น้ำมันคอมพ์แอร์ R134A AIR-PRO ขนาด 500CC.,ศรีสยาม,1,160.0,160.0,,2567-05-03,,,น้ำมันคอมพ์แอร์,น้ำมัน,,4077
น้ำมันคอมพ์แอร์ R134A AIR-PRO ขนาด 500CC.,ศรีสยาม,2,160.0,320.0,,2567-05-25,,,น้ำมันคอมพ์แอร์,น้ำมัน,,4078
น้ำมันคอมพ์แอร์ R134A AIR-PRO ขนาด 500CC.,ศรีสยาม,2,160.0,320.0,,2567-07-03,,,น้ำมันคอมพ์แอร์,น้ำมัน,,4079
น้ำมันคอมพ์แอร์ R134A AIR-PRO ขนาด 500CC.,ศรีสยาม,2,160.0,320.0,,2567-08-14,,,น้ำมันคอมพ์แอร์,น้ำมัน,,4080
น้ำมันคอมพ์แอร์ R134A AIR-PRO ขนาด 500CC.,ศรีสยาม,2,160.0,320.0,,2567-10-19,,,น้ำมันคอมพ์แอร์,น้ำมัน,,4081
น้ำมันคอมพ์แอร์ R134A AIR-PRO ขนาด 500CC.,ศรีสยาม,2,160.0,320.0,,2567-11-19,,,น้ำมันคอมพ์แอร์,น้ำมัน,,4082
น้ำมันคอมพ์แอร์ R134A AIR-PRO ขนาด 500CC.,ศรีสยาม,2,160.0,320.0,,2567-12-25,,,น้ำมันคอมพ์แอร์,น้ำมัน,,4083
น้ำมันคอมพ์แอร์ R134A AIR-PRO ขนาด 500CC.,ศรีสยาม,2,160.0,320.0,,2568-02-28,,,น้ำมันคอมพ์แอร์,น้ำมัน,,4084
น้ำมันคอมพ์แอร์ R134A AIR-PRO ขนาด 500CC.,ศรีสยาม,2,160.0,320.0,,2568-04-18,,,น้ำมันคอมพ์แอร์,น้ำมัน,,4085
น้ำมันคอมพ์แอร์ R134A AIR-PRO ขนาด 500CC.,ศรีสยาม,2,160.0,320.0,,2568-06-18,,,น้ำมันคอมพ์แอร์,น้ำมัน,,4086
น้ำมันคอมพ์แอร์ R134A AIR-PRO ขนาด 500CC.,ศรีสยาม,2,160.0,320.0,,2568-08-25,,,น้ำมันคอมพ์แอร์,น้ำมัน,,4087
น้ำมันคอมพ์แอร์ R134A AIR-PRO ขนาด 500CC.,ศรีสยาม,2,160.0,320.0,,2568-09-29,,,น้ำมันคอมพ์แอร์,น้ำมัน,,4088
น้ำมันคอมพ์แอร์ R134A AIR-PRO ขนาด 500CC.,ศรีสยาม,2,160.0,320.0,,2568-11-27,,,น้ำมันคอมพ์แอร์,น้ำมัน,,4089
น้ำยาโซเน็กซ์ SONEX 400cc,ศรีสยาม,12,92.5,1110.0,,2563-03-04,,,น้ำยาโซเน็กซ์ SONEX,น้ำมัน,,4090
น้ำยาป้องกันสนิม SONAX  400ML 1 ลัง,ศรีสยาม,12,94.17,1130.0,,2563-07-03,,,คิด กป.ละ 200 บาท,น้ำมัน,,4091
น้ำยาป้องกันสนิม SONAX  400ML 1 ลัง,จิตต์อะไหล่,12,91.67,1100.0,,2563-09-25,,,คิด กป.ละ 200 บาท,น้ำมัน,,4092
น้ำยาป้องกันสนิม SONAX  400ML 1 ลัง,จิตต์อะไหล่,12,95.83,1150.0,,2564-01-05,,,คิด กป.ละ 200 บาท,น้ำมัน,,4093
น้ำยาป้องกันสนิม SONAX  400ML 1 ลัง,ศรีสยาม,12,93.33,1120.0,,2564-06-02,,,คิด กป.ละ 200 บาท,น้ำมัน,,4094
น้ำยาป้องกันสนิม SONAX  400ML 1 ลัง,ศรีสยาม,12,93.33,1120.0,,2564-10-08,,,คิด กป.ละ 200 บาท,น้ำมัน,,4095
น้ำยาป้องกันสนิม SONAX  400ML 1 ลัง,ศรีสยาม,12,102.08,1225.0,,2565-06-21,,,คิด กป.ละ 200 บาท,น้ำมัน,,4096
น้ำยาป้องกันสนิม SONAX  400ML 1 ลัง,ศรีสยาม,12,102.08,1225.0,,2565-11-16,,,คิด กป.ละ 200 บาท,น้ำมัน,,4097
น้ำยาป้องกันสนิม SONAX  400ML 1 ลัง,ศรีสยาม,12,102.08,1225.0,,2566-02-02,,,คิด กป.ละ 200 บาท,น้ำมัน,,4098
น้ำยาป้องกันสนิม SONAX  400ML 1 ลัง,ศรีสยาม,12,102.08,1225.0,,2566-07-12,,,คิด กป.ละ 200 บาท,น้ำมัน,,4099
น้ำยาป้องกันสนิม SONAX  400ML 1 ลัง,ศรีสยาม,12,102.08,1225.0,,2566-09-09,,,คิด กป.ละ 200 บาท,น้ำมัน,,4100
น้ำยาป้องกันสนิม SONAX  400ML 1 ลัง,ศรีสยาม,12,102.08,1225.0,,2566-12-19,,,คิด กป.ละ 200 บาท,น้ำมัน,,4101
น้ำยาป้องกันสนิม SONAX  400ML 1 ลัง,ศรีสยาม,12,102.0958,1225.1496,,2567-04-29,,,คิด กป.ละ 200 บาท,น้ำมัน,,4102
น้ำยาป้องกันสนิม SONAX  400ML 1 ลัง,ศรีสยาม,12,102.92,1235.04,,2567-10-14,,,คิด กป.ละ 200 บาท,น้ำมัน,,4103
น้ำยาป้องกันสนิม SONAX  400ML 1 ลัง,ศรีสยาม,12,102.92,1235.04,,2568-03-15,,,คิด กป.ละ 200 บาท,น้ำมัน,,4104
น้ำยาป้องกันสนิม SONAX  400ML 1 ลัง,ศรีสยาม,12,102.92,1235.04,,2568-08-14,,1ลัง=12กป./กป.ละ 103 บาท,คิด กป.ละ 200 บาท,น้ำมัน,รวมVAT=,4105
น้ำยาป้องกันสนิม SONAX  400ML 1 ลัง,ศรีสยาม,12,102.92,1235.04,,2568-08-14,,1ลัง=12กป./กป.ละ 103 บาท,คิด กป.ละ 200 บาท,น้ำมัน,รวมVAT=,4106
น้ำยากันสนิมหม้อน้ำ TOYOTA แท้ห้าง 3.785 ลิตร (ลด 17%),ศรีสยาม,4,450.0,1598.58,,2563-09-08,,ต้นทุนแกลลอนละ 399.65 บาท,น้ำยากันสนิม,น้ำมัน,0.17,4107
น้ำยากันสนิมหม้อน้ำ TOYOTA แท้ห้าง 3.785 ลิตร (ลด 17%),ศรีสยาม,4,450.0,1598.58,,2563-11-04,,ต้นทุนแกลลอนละ 399.65 บาท,คิดแกลลอนละ 600 บาท,น้ำมัน,0.17,4108
น้ำยากันสนิมหม้อน้ำ TOYOTA แท้ห้าง 3.785 ลิตร (ลด 17%),ศรีสยาม,4,450.0,1598.58,,2564-01-12,,ต้นทุนแกลลอนละ 399.65 บาท,คิดแกลลอนละ 600 บาท,น้ำมัน,0.17,4109
น้ำยากันสนิมหม้อน้ำ TOYOTA แท้ห้าง 3.785 ลิตร (ลด 17%),จิตต์อะไหล่,4,400.0,1600.0,,2564-02-19,,แกลลอนละ 400 บาท,คิดแกลลอนละ 600 บาท,น้ำมัน,ไม่ลด,4110
น้ำยากันสนิมหม้อน้ำ TOYOTA แท้ห้าง 3.785 ลิตร (ลด 17%),ศรีสยาม,4,450.0,1598.58,,2564-03-17,,ต้นทุนแกลลอนละ 399.65 บาท,คิดแกลลอนละ 600 บาท,น้ำมัน,0.17,4111
น้ำยากันสนิมหม้อน้ำ TOYOTA แท้ห้าง 3.785 ลิตร (ลด 17%),ศรีสยาม,4,450.0,1598.58,,2564-06-04,,ต้นทุนแกลลอนละ 399.65 บาท,คิดแกลลอนละ 600 บาท,น้ำมัน,0.17,4112
น้ำยากันสนิมหม้อน้ำ TOYOTA แท้ห้าง 3.785 ลิตร (ลด 17%),ศรีสยาม,4,450.0,1598.58,,2564-08-28,,ต้นทุนแกลลอนละ 399.65 บาท,คิดแกลลอนละ 600 บาท,น้ำมัน,0.17,4113
น้ำยากันสนิมหม้อน้ำ TOYOTA แท้ห้าง 3.785 ลิตร (ลด 17%),ศรีสยาม,4,450.0,1598.58,,2564-12-09,,ต้นทุนแกลลอนละ 399.65 บาท,คิดแกลลอนละ 600 บาท,น้ำมัน,0.17,4114
น้ำยากันสนิมหม้อน้ำ TOYOTA แท้ห้าง 3.785 ลิตร (ลด 17%),ศรีสยาม,4,450.0,1598.58,,2564-12-20,,ต้นทุนแกลลอนละ 399.65 บาท,คิดแกลลอนละ 600 บาท,น้ำมัน,0.17,4115
น้ำยากันสนิมหม้อน้ำ TOYOTA แท้ห้าง 3.785 ลิตร (ลด 17%),ศรีสยาม,4,450.0,1598.58,,2565-03-03,,ต้นทุนแกลลอนละ 399.65 บาท,คิดแกลลอนละ 600 บาท,น้ำมัน,0.17,4116
น้ำยากันสนิมหม้อน้ำ TOYOTA แท้ห้าง 3.785 ลิตร (ลด 17%),ศรีสยาม,4,450.0,1598.58,,2565-04-18,,ต้นทุนแกลลอนละ 399.65 บาท,คิดแกลลอนละ 600 บาท,น้ำมัน,0.17,4117
น้ำยากันสนิมหม้อน้ำ TOYOTA แท้ห้าง 3.785 ลิตร (ลด 17%),ศรีสยาม,4,450.0,1598.58,,2565-04-18,,ต้นทุนแกลลอนละ 399.65 บาท,คิดแกลลอนละ 600 บาท,น้ำมัน,0.17,4118
น้ำยากันสนิมหม้อน้ำ TOYOTA แท้ห้าง 3.785 ลิตร (ลด 17%),ศรีสยาม,4,450.0,1598.58,,2565-05-31,,ต้นทุนแกลลอนละ 399.65 บาท,คิดแกลลอนละ 600 บาท,น้ำมัน,0.17,4119
น้ำยากันสนิมหม้อน้ำ TOYOTA แท้ห้าง 3.785 ลิตร (ลด 17%),ศรีสยาม,4,450.0,1598.58,,2565-07-11,,ต้นทุนแกลลอนละ 399.65 บาท,คิดแกลลอนละ 600 บาท,น้ำมัน,0.17,4120
น้ำยากันสนิมหม้อน้ำ TOYOTA แท้ห้าง 3.785 ลิตร (ลด 17%),ศรีสยาม,4,450.0,1598.58,,2565-10-28,,ต้นทุนแกลลอนละ 399.65 บาท,คิดแกลลอนละ 600 บาท,น้ำมัน,0.17,4121
น้ำยากันสนิมหม้อน้ำ TOYOTA แท้ห้าง 3.785 ลิตร (ลด 17%),ศรีสยาม,4,450.0,1598.58,,2565-12-24,,ต้นทุนแกลลอนละ 399.65 บาท,คิดแกลลอนละ 600 บาท,น้ำมัน,0.17,4122
น้ำยากันสนิมหม้อน้ำ TOYOTA แท้ห้าง 3.785 ลิตร (ลด 17%),ศรีสยาม,4,450.0,1598.58,,2566-03-10,,ต้นทุนแกลลอนละ 399.65 บาท,คิดแกลลอนละ 600 บาท,น้ำมัน,0.17,4123
น้ำยากันสนิมหม้อน้ำ TOYOTA แท้ห้าง 3.785 ลิตร (ลด 17%),ศรีสยาม,4,450.0,1598.58,,2566-05-03,,ต้นทุนแกลลอนละ 399.65 บาท,คิดแกลลอนละ 600 บาท,น้ำมัน,0.17,4124
น้ำยากันสนิมหม้อน้ำ TOYOTA แท้ห้าง 3.785 ลิตร (ลด 17%),ศรีสยาม,4,450.0,1598.58,,2566-06-29,,ต้นทุนแกลลอนละ 399.65 บาท,คิดแกลลอนละ 600 บาท,น้ำมัน,0.17,4125
น้ำยากันสนิมหม้อน้ำ TOYOTA แท้ห้าง 3.785 ลิตร (ลด 17%),ศรีสยาม,4,450.0,1598.58,,2566-08-04,,ต้นทุนแกลลอนละ 399.65 บาท,คิดแกลลอนละ 600 บาท,น้ำมัน,0.17,4126
น้ำยากันสนิมหม้อน้ำ TOYOTA แท้ห้าง 3.785 ลิตร (ลด 17%),ศรีสยาม,4,450.0,1598.58,,2566-10-10,,ต้นทุนแกลลอนละ 399.65 บาท,คิดแกลลอนละ 600 บาท,น้ำมัน,0.17,4127
น้ำยากันสนิมหม้อน้ำ TOYOTA แท้ห้าง 3.785 ลิตร (ลด 17%),ศรีสยาม,4,469.0,1666.08,,2567-01-06,,ต้นทุนแกลลอนละ 416.52 บาท,คิดแกลลอนละ 600 บาท,น้ำมัน,0.17,4128
น้ำยากันสนิมหม้อน้ำ TOYOTA แท้ห้าง 3.785 ลิตร (ลด 17%),ศรีสยาม,4,469.0,1666.08,,2567-03-26,,ต้นทุนแกลลอนละ 416.52 บาท,คิดแกลลอนละ 600 บาท,น้ำมัน,0.17,4129
น้ำยากันสนิมหม้อน้ำ TOYOTA แท้ห้าง 3.785 ลิตร (ลด 17%) ลังละ4กล.,ศรีสยาม,4,480.0,1705.1519999999998,,2567-07-03,,ลังละ4กล./ต้นทุนแกลลอนละ 513.60 บาท,คิดแกลลอนละ 600 บาท,น้ำมัน,0.17,4130
น้ำยากันสนิมหม้อน้ำ TOYOTA แท้ห้าง 3.785 ลิตร (ลด 17%) ลังละ4กล.,ศรีสยาม,4,480.0,1705.1519999999998,,2567-09-14,,ลังละ4กล./ต้นทุนแกลลอนละ 513.60 บาท,คิดแกลลอนละ 600 บาท,น้ำมัน,0.17,4131
น้ำยากันสนิมหม้อน้ำ TOYOTA แท้ห้าง 3.785 ลิตร (ลด 17%) ลังละ4กล.,ศรีสยาม,4,480.0,1705.1519999999998,,2567-10-19,,ลังละ4กล./ต้นทุนแกลลอนละ 513.60 บาท,คิดแกลลอนละ 600 บาท,น้ำมัน,0.17,4132
น้ำยากันสนิมหม้อน้ำ TOYOTA แท้ห้าง 3.785 ลิตร (ลด 17%) ลังละ4กล.,ศรีสยาม,4,480.0,1705.1519999999998,,2567-11-05,,ลังละ4กล./ต้นทุนแกลลอนละ 513.60 บาท,คิดแกลลอนละ 600 บาท,น้ำมัน,0.17,4133
น้ำยากันสนิมหม้อน้ำ TOYOTA แท้ห้าง 3.785 ลิตร (ลด 17%) ลังละ4กล.,ศรีสยาม,4,480.0,1705.1519999999998,,2567-12-19,,ลังละ4กล./ต้นทุนแกลลอนละ 513.60 บาท,คิดแกลลอนละ 600 บาท,น้ำมัน,0.17,4134
น้ำยากันสนิมหม้อน้ำ TOYOTA แท้ห้าง 3.785 ลิตร (ลด 17%) ลังละ4กล.,ศรีสยาม,4,480.0,1705.1519999999998,,2568-01-09,,ลังละ4กล./ต้นทุนแกลลอนละ 513.60 บาท,คิดแกลลอนละ 600 บาท,น้ำมัน,0.17,4135
น้ำยากันสนิมหม้อน้ำ TOYOTA แท้ห้าง 3.785 ลิตร (ลด 17%) ลังละ4กล.,ศรีสยาม,4,499.0,1772.6475999999998,,2568-02-22,,ลังละ4กล./ต้นทุนแกลลอนละ 534 บาท (ราคาในตารางคือยังไม่รวม VAT ),คิดแกลลอนละ 600 บาท,น้ำมัน,0.17,4136
น้ำยากันสนิมหม้อน้ำ TOYOTA แท้ห้าง 3.785 ลิตร (ลด 17%) ลังละ4กล.,ศรีสยาม,4,499.0,1772.6475999999998,,2568-03-31,,ลังละ4กล./ต้นทุนแกลลอนละ 534 บาท (ราคาในตารางคือยังไม่รวม VAT ),คิดแกลลอนละ 600 บาท,น้ำมัน,0.17,4137
น้ำยากันสนิมหม้อน้ำ TOYOTA แท้ห้าง 3.785 ลิตร (ลด 17%) ลังละ4กล.,ศรีสยาม,4,499.0,1772.6475999999998,,2568-06-14,,ลังละ4กล./ต้นทุนแกลลอนละ 534 บาท (ราคาในตารางคือยังไม่รวม VAT ),คิดแกลลอนละ 600 บาท,น้ำมัน,0.17,4138
น้ำยากันสนิมหม้อน้ำ TOYOTA แท้ห้าง 3.785 ลิตร (ลด 17%) ลังละ4กล.,ศรีสยาม,4,499.0,1772.6475999999998,,2568-08-06,,ลังละ4กล./ต้นทุนแกลลอนละ 534 บาท (ราคาในตารางคือยังไม่รวม VAT ),คิดแกลลอนละ 600 บาท,น้ำมัน,0.17,4139
น้ำยากันสนิมหม้อน้ำ TOYOTA แท้ห้าง 3.785 ลิตร (ลด 17%) ลังละ4กล.,ศรีสยาม,4,499.0,1772.6475999999998,,2568-09-11,,ลังละ4กล./ต้นทุนแกลลอนละ 534 บาท (ราคาในตารางคือยังไม่รวม VAT ),คิดแกลลอนละ 600 บาท,น้ำมัน,0.17,4140
น้ำยากันสนิมหม้อน้ำ TOYOTA แท้ห้าง 3.785 ลิตร (ลด 17%) ลังละ4กล.,ศรีสยาม,4,499.0,1772.6475999999998,,2568-09-30,,ลังละ4กล./ต้นทุนแกลลอนละ 534 บาท (ราคาในตารางคือยังไม่รวม VAT ),คิดแกลลอนละ 600 บาท,น้ำมัน,0.17,4141
น้ำยากันสนิมหม้อน้ำ TOYOTA แท้ห้าง 3.785 ลิตร (ลด 17%) ลังละ4กล.,ศรีสยาม,4,499.0,1772.6475999999998,,2568-10-13,,ลังละ4กล./ต้นทุนแกลลอนละ 534 บาท (ราคาในตารางคือยังไม่รวม VAT ),คิดแกลลอนละ 600 บาท,น้ำมัน,0.17,4142
น้ำยากันสนิมหม้อน้ำ TOYOTA แท้ห้าง 3.785 ลิตร (ลด 17%) ลังละ4กล.,ศรีสยาม,4,499.0,1772.6475999999998,,2568-11-01,,ลังละ4กล./ต้นทุนแกลลอนละ 534 บาท (ราคาในตารางคือยังไม่รวม VAT ),คิดแกลลอนละ 600 บาท,น้ำมัน,0.17,4143
น้ำยากันสนิมหม้อน้ำ HONDA แท้ห้าง 4ลิตร (ไม่มีส่วนลด),ศรีสยาม,4,290.0,1160.0,,2563-09-08,,,คิดแกลลอนละ 450 บาท,น้ำมัน,ไม่ลด,4144
น้ำยากันสนิมหม้อน้ำ HONDA แท้ห้าง 4ลิตร (ไม่มีส่วนลด),จิตต์อะไหล่,6,263.33,1580.0,,2564-02-19,,แกลลอนละ 263.33 บาท,คิดแกลลอนละ 450 บาท,น้ำมัน,ไม่ลด,4145
น้ำยากันสนิมหม้อน้ำ HONDA แท้ห้าง 4ลิตร (ไม่มีส่วนลด),ศรีสยาม,6,273.33,1640.0,,2564-12-15,,แกลลอนละ 273.33 บาท,คิดแกลลอนละ 450 บาท,น้ำมัน,ไม่ลด,4146
น้ำยากันสนิมหม้อน้ำ HONDA แท้ห้าง 4ลิตร (ไม่มีส่วนลด),ศรีสยาม,6,290.0,1740.0,,2565-12-15,,ต้นทุน แกลลอนละ 290 บาท,คิดแกลลอนละ 450 บาท,น้ำมัน,ไม่ลด,4147
น้ำยากันสนิมหม้อน้ำ HONDA แท้ห้าง 4ลิตร (ไม่มีส่วนลด),ศรีสยาม,6,273.33,1640.0,,2566-06-29,,แกลลอนละ 273.33 บาท,คิดแกลลอนละ 450 บาท,น้ำมัน,ไม่ลด,4148
น้ำยากันสนิมหม้อน้ำ HONDA แท้ห้าง 4ลิตร (ไม่มีส่วนลด),ศรีสยาม,6,273.33,1640.0,,2566-12-22,,แกลลอนละ 273.33 บาท,คิดแกลลอนละ 450 บาท,น้ำมัน,ไม่ลด,4149
น้ำยากันสนิมหม้อน้ำ HONDA แท้ห้าง 4ลิตร (ไม่มีส่วนลด),ศรีสยาม,6,263.3333333333333,1580.0,,2567-05-04,,แกลลอนละ 263.33 บาท,คิดแกลลอนละ 450 บาท,น้ำมัน,ไม่ลด,4150
น้ำยากันสนิมหม้อน้ำ HONDA แท้ห้าง 4ลิตร (ไม่มีส่วนลด),ศรีสยาม,6,289.0,1734.0,,2567-08-27,,แกลลอนละ 289 บาท,คิดแกลลอนละ 450 บาท,น้ำมัน,ไม่ลด,4151
น้ำยากันสนิมหม้อน้ำ HONDA แท้ห้าง 4ลิตร (ไม่มีส่วนลด),ศรีสยาม,6,289.0,1734.0,,2568-01-09,,แกลลอนละ 289 บาท (ราคารวม VATแล้ว),คิดแกลลอนละ 450 บาท,น้ำมัน,ไม่ลด,4152
น้ำยากันสนิมหม้อน้ำ HONDA แท้ห้าง 4ลิตร (ไม่มีส่วนลด),ศรีสยาม,6,289.0,1734.0,,2568-08-04,,แกลลอนละ 289 บาท (ราคารวม VATแล้ว),คิดแกลลอนละ 450 บาท,น้ำมัน,ไม่ลด,4153
น้ำยากันสนิมหม้อน้ำ HONDA แท้ห้าง 4ลิตร (ไม่มีส่วนลด),ศรีสยาม,6,289.0,1734.0,,2568-11-15,,แกลลอนละ 289 บาท (ราคารวม VATแล้ว),คิดแกลลอนละ 450 บาท,น้ำมัน,ไม่ลด,4154
น้ำยากันสนิมหม้อน้ำ ISUZU แท้ห้าง 3ลิตร (ไม่มีส่วนลด) SUPER LLC,ศรีสยาม,6,381.67,2290.0,,2564-01-07,,,คิดแกลลอนละ 550 บาท,น้ำมัน,,4155
น้ำยากันสนิมหม้อน้ำ ISUZU แท้ห้าง 3ลิตร (ไม่มีส่วนลด) SUPER LLC,ศรีสยาม,6,381.67,2290.0,,2564-03-04,,,คิดแกลลอนละ 550 บาท,น้ำมัน,,4156
น้ำยากันสนิมหม้อน้ำ ISUZU แท้ห้าง 3ลิตร (ไม่มีส่วนลด) SUPER LLC,ศรีสยาม,6,455.0,2278.46,,2564-04-06,,ลดแล้วเหลือ แกลลอนละ 380 บาท (1ลังมี6กล.),คิดแกลลอนละ 550 บาท,น้ำมัน,0.22,4157
น้ำยากันสนิมหม้อน้ำ ISUZU แท้ห้าง 3ลิตร (ไม่มีส่วนลด) SUPER LLC,ศรีสยาม,6,455.0,2278.46,,2564-06-23,,ลดแล้วเหลือ แกลลอนละ 380 บาท (1ลังมี6กล.),คิดแกลลอนละ 550 บาท,น้ำมัน,0.22,4158
น้ำยากันสนิมหม้อน้ำ ISUZU แท้ห้าง 3ลิตร (ไม่มีส่วนลด) SUPER LLC,ศรีสยาม,6,,2250.0,,2564-06-23,,ลดแล้วเหลือ แกลลอนละ 375 บาท (1ลังมี6กล.),คิดแกลลอนละ 550 บาท,น้ำมัน,,4159
น้ำยากันสนิมหม้อน้ำ ISUZU แท้ห้าง 3ลิตร (ไม่มีส่วนลด) SUPER LLC,ศรีสยาม,6,455.0,2453.72,,2564-08-27,,ลดแล้วเหลือ แกลลอนละ 375 บาท (1ลังมี6กล.),คิดแกลลอนละ 550 บาท,น้ำมัน,0.16,4160
น้ำยากันสนิมหม้อน้ำ ISUZU แท้ห้าง 3ลิตร (ไม่มีส่วนลด) SUPER LLC,ศรีสยาม,6,495.0,2478.76,,2564-11-13,,"ลดแล้วเหลือ แกลลอนละ 414 บาท (1ลังมี6กล.) ราคาเต็ม ลังละ 2,970 บาท",คิดแกลลอนละ 550 บาท,น้ำมัน,0.22,4161
น้ำยากันสนิมหม้อน้ำ ISUZU แท้ห้าง 3ลิตร (ไม่มีส่วนลด) SUPER LLC,ศรีสยาม,6,495.0,2478.76,,2565-02-26,,"ลดแล้วเหลือ แกลลอนละ 414 บาท (1ลังมี6กล.) ราคาเต็ม ลังละ 2,970 บาท",คิดแกลลอนละ 550 บาท,น้ำมัน,0.22,4162
น้ำยากันสนิมหม้อน้ำ ISUZU แท้ห้าง 3ลิตร (ไม่มีส่วนลด) SUPER LLC,ศรีสยาม,6,495.0,2478.76,,2565-03-28,,"ลดแล้วเหลือ แกลลอนละ 414 บาท (1ลังมี6กล.) ราคาเต็ม ลังละ 2,970 บาท",คิดแกลลอนละ 550 บาท,น้ำมัน,0.22,4163
น้ำยากันสนิมหม้อน้ำ ISUZU แท้ห้าง 3ลิตร (ไม่มีส่วนลด) SUPER LLC,ศรีสยาม,6,495.0,2478.76,,2565-07-05,,"ลดแล้วเหลือ แกลลอนละ 414 บาท (1ลังมี6กล.) ราคาเต็ม ลังละ 2,970 บาท",คิดแกลลอนละ 550 บาท,น้ำมัน,0.22,4164
น้ำยากันสนิมหม้อน้ำ ISUZU แท้ห้าง 3ลิตร (ไม่มีส่วนลด) SUPER LLC,ศรีสยาม,6,495.0,2478.76,,2565-09-05,,"ลดแล้วเหลือ แกลลอนละ 414 บาท (1ลังมี6กล.) ราคาเต็ม ลังละ 2,970 บาท",คิดแกลลอนละ 550 บาท,น้ำมัน,0.22,4165
น้ำยากันสนิมหม้อน้ำ ISUZU แท้ห้าง 3ลิตร (ไม่มีส่วนลด) SUPER LLC,ศรีสยาม,6,495.0,2478.76,,2565-10-03,,"ลดแล้วเหลือ แกลลอนละ 414 บาท (1ลังมี6กล.) ราคาเต็ม ลังละ 2,970 บาท",คิดแกลลอนละ 550 บาท,น้ำมัน,0.22,4166
น้ำยากันสนิมหม้อน้ำ ISUZU แท้ห้าง 3ลิตร (ไม่มีส่วนลด) SUPER LLC,ศรีสยาม,6,495.0,2478.76,,2565-12-15,,"ลดแล้วเหลือ แกลลอนละ 414 บาท (1ลังมี6กล.) ราคาเต็ม ลังละ 2,970 บาท",คิดแกลลอนละ 550 บาท,น้ำมัน,0.22,4167
น้ำยากันสนิมหม้อน้ำ ISUZU แท้ห้าง 3ลิตร (ไม่มีส่วนลด) SUPER LLC,ศรีสยาม,6,495.0,2478.76,,2566-02-28,,"ลดแล้วเหลือ แกลลอนละ 414 บาท (1ลังมี6กล.) ราคาเต็ม ลังละ 2,970 บาท",คิดแกลลอนละ 550 บาท,น้ำมัน,0.22,4168
น้ำยากันสนิมหม้อน้ำ ISUZU แท้ห้าง 3ลิตร (ไม่มีส่วนลด) SUPER LLC,ศรีสยาม,6,495.0,2478.76,,2566-03-15,,"ลดแล้วเหลือ แกลลอนละ 414 บาท (1ลังมี6กล.) ราคาเต็ม ลังละ 2,970 บาท",คิดแกลลอนละ 550 บาท,น้ำมัน,0.22,4169
น้ำยากันสนิมหม้อน้ำ ISUZU แท้ห้าง 3ลิตร (ไม่มีส่วนลด) SUPER LLC,ศรีสยาม,6,495.0,2478.76,,2566-05-03,,"ลดแล้วเหลือ แกลลอนละ 414 บาท (1ลังมี6กล.) ราคาเต็ม ลังละ 2,970 บาท",คิดแกลลอนละ 550 บาท,น้ำมัน,0.22,4170
น้ำยากันสนิมหม้อน้ำ ISUZU แท้ห้าง 3ลิตร (ไม่มีส่วนลด) SUPER LLC,ศรีสยาม,6,495.0,2478.76,,2566-05-26,,"ลดแล้วเหลือ แกลลอนละ 414 บาท (1ลังมี6กล.) ราคาเต็ม ลังละ 2,970 บาท",คิดแกลลอนละ 550 บาท,น้ำมัน,0.22,4171
น้ำยากันสนิมหม้อน้ำ ISUZU แท้ห้าง 3ลิตร (ไม่มีส่วนลด) SUPER LLC,ศรีสยาม,6,495.0,2478.76,,2566-07-24,,"ลดแล้วเหลือ แกลลอนละ 414 บาท (1ลังมี6กล.) ราคาเต็ม ลังละ 2,970 บาท",คิดแกลลอนละ 550 บาท,น้ำมัน,0.22,4172
น้ำยากันสนิมหม้อน้ำ ISUZU แท้ห้าง 3ลิตร (ไม่มีส่วนลด) SUPER LLC,ศรีสยาม,6,495.0,2478.76,,2566-10-10,,"ลดแล้วเหลือ แกลลอนละ 414 บาท (1ลังมี6กล.) ราคาเต็ม ลังละ 2,970 บาท",คิดแกลลอนละ 550 บาท,น้ำมัน,0.22,4173
น้ำยากันสนิมหม้อน้ำ ISUZU แท้ห้าง 3ลิตร (ไม่มีส่วนลด) SUPER LLC,ศรีสยาม,6,495.0,2478.76,,2566-11-08,,"ลดแล้วเหลือ แกลลอนละ 414 บาท (1ลังมี6กล.) ราคาเต็ม ลังละ 2,970 บาท",คิดแกลลอนละ 550 บาท,น้ำมัน,0.22,4174
น้ำยากันสนิมหม้อน้ำ ISUZU แท้ห้าง 3ลิตร (ไม่มีส่วนลด) SUPER LLC,ศรีสยาม,6,495.0,2478.76,,2566-12-06,,"ลดแล้วเหลือ แกลลอนละ 414 บาท (1ลังมี6กล.) ราคาเต็ม ลังละ 2,970 บาท",คิดแกลลอนละ 550 บาท,น้ำมัน,0.22,4175
น้ำยากันสนิมหม้อน้ำ ISUZU แท้ห้าง 3ลิตร (ไม่มีส่วนลด) SUPER LLC,ศรีสยาม,6,495.0,2478.76,,2567-01-06,,"ลดแล้วเหลือ แกลลอนละ 414 บาท (1ลังมี6กล.) ราคาเต็ม ลังละ 2,970 บาท",คิดแกลลอนละ 550 บาท,น้ำมัน,0.22,4176
น้ำยากันสนิมหม้อน้ำ ISUZU แท้ห้าง 3ลิตร (ไม่มีส่วนลด) SUPER LLC,ศรีสยาม,6,495.0,2478.76,,2567-01-25,,"ลดแล้วเหลือ แกลลอนละ 414 บาท (1ลังมี6กล.) ราคาเต็ม ลังละ 2,970 บาท",คิดแกลลอนละ 550 บาท,น้ำมัน,0.22,4177
น้ำยากันสนิมหม้อน้ำ ISUZU แท้ห้าง 3ลิตร (ไม่มีส่วนลด) SUPER LLC,ศรีสยาม,6,495.0,2478.76,,2567-06-10,,"ลดแล้วเหลือ แกลลอนละ 414 บาท (1ลังมี6กล.) ราคาเต็ม ลังละ 2,970 บาท",คิดแกลลอนละ 550 บาท,น้ำมัน,0.22,4178
น้ำยากันสนิมหม้อน้ำ ISUZU แท้ห้าง 3ลิตร (ลด22%)SUPER LLC1ลังมี6กล.,ศรีสยาม,6,495.0,2478.7619999999997,,2567-07-03,,ลังละ6กล./ต้นทุนแกลลอนละ 386.10 บาท,คิดแกลลอนละ 550 บาท,น้ำมัน,22,4179
น้ำยากันสนิมหม้อน้ำ ISUZU แท้ห้าง 3ลิตร (ลด22%)SUPER LLC1ลังมี6กล.,ศรีสยาม,6,495.0,2478.7619999999997,,2567-08-28,,ลังละ6กล./ต้นทุนแกลลอนละ 386.10 บาท,คิดแกลลอนละ 550 บาท,น้ำมัน,22,4180
น้ำยากันสนิมหม้อน้ำ ISUZU แท้ห้าง 3ลิตร (ลด22%)SUPER LLC1ลังมี6กล.,ศรีสยาม,6,495.0,2478.7619999999997,,2567-12-14,,ลังละ6กล./ต้นทุนแกลลอนละ 386.10 บาท,คิดแกลลอนละ 550 บาท,น้ำมัน,22,4181
น้ำยากันสนิมหม้อน้ำ ISUZU แท้ห้าง 3ลิตร (ลด22%)SUPER LLC1ลังมี6กล.,ศรีสยาม,6,495.0,2478.7619999999997,,2568-01-09,,ลังละ6กล./ต้นทุนแกลลอนละ 529.65 บาท,คิดแกลลอนละ 550 บาท,น้ำมัน,22,4182
น้ำยากันสนิมหม้อน้ำ ISUZU แท้ห้าง 3ลิตร (ลด22%)SUPER LLC1ลังมี6กล.,ศรีสยาม,6,495.0,2478.7619999999997,,2568-03-19,,ลังละ6กล./ต้นทุนแกลลอนละ 529.65 บาท,คิดแกลลอนละ 550 บาท,น้ำมัน,22,4183
น้ำยากันสนิมหม้อน้ำ ISUZU แท้ห้าง 3ลิตร (ลด22%)SUPER LLC1ลังมี6กล.,ศรีสยาม,6,495.0,2478.7619999999997,,2568-04-07,,ลังละ6กล./ต้นทุนแกลลอนละ 529.65 บาท,คิดแกลลอนละ 550 บาท,น้ำมัน,22,4184
น้ำยากันสนิมหม้อน้ำ ISUZU แท้ห้าง 3ลิตร (ลด22%)SUPER LLC1ลังมี6กล.,ศรีสยาม,6,495.0,2478.7619999999997,,2568-05-20,,ลังละ6กล./ต้นทุนแกลลอนละ 529.65 บาท,คิดแกลลอนละ 550 บาท,น้ำมัน,22,4185
น้ำยากันสนิมหม้อน้ำ ISUZU แท้ห้าง 3ลิตร (ลด22%)SUPER LLC1ลังมี6กล.,ศรีสยาม,6,495.0,2478.7619999999997,,2568-06-24,,ลังละ6กล./ต้นทุนแกลลอนละ 529.65 บาท,คิดแกลลอนละ 550 บาท,น้ำมัน,22,4186
น้ำยากันสนิมหม้อน้ำ ISUZU แท้ห้าง 3ลิตร (ลด22%)SUPER LLC1ลังมี6กล.,ศรีสยาม,6,495.0,2478.7619999999997,,2568-07-21,,ลังละ6กล./ต้นทุนแกลลอนละ 529.65 บาท,คิดแกลลอนละ 550 บาท,น้ำมัน,22,4187
น้ำยากันสนิมหม้อน้ำ ISUZU แท้ห้าง 3ลิตร (ลด22%)SUPER LLC1ลังมี6กล.,ศรีสยาม,6,495.0,2478.7619999999997,,2568-08-14,,ลังละ6กล./ต้นทุนแกลลอนละ 529.65 บาท,คิดแกลลอนละ 550 บาท,น้ำมัน,22,4188
น้ำยากันสนิมหม้อน้ำ ISUZU แท้ห้าง 3ลิตร (ลด22%)SUPER LLC1ลังมี6กล.,ศรีสยาม,6,495.0,2478.7619999999997,,2568-11-07,,ลังละ6กล./ต้นทุนแกลลอนละ 529.65 บาท,คิดแกลลอนละ 550 บาท,น้ำมัน,22,4189
น้ำยากันสนิมหม้อน้ำ ISUZU แท้ห้าง 3ลิตร (ลด22%)SUPER LLC1ลังมี6กล.,ศรีสยาม,6,495.0,2478.7619999999997,,2568-12-18,,ลังละ6กล./ต้นทุนแกลลอนละ 529.65 บาท,คิดแกลลอนละ 550 บาท,น้ำมัน,22,4190
น้ำยากันสนิมหม้อน้ำ ISUZU แท้ห้าง 3ลิตร (ลด22%)SUPER LLC1ลังมี6กล.,ศรีสยาม,6,495.0,2478.7619999999997,,2569-01-14,,ลังละ6กล./ต้นทุนแกลลอนละ 529.65 บาท,คิดแกลลอนละ 550 บาท,น้ำมัน,22,4191
น้ำยาแอร์ Honey Cool R134A  ขนาดถังละ 13.6 โล  ,ร้านบางไผ่,5,1500.0,7500.0,,2564-01-14,,"โปรโมชั่น 5ถัง ในราคาถังละ 1,500 บาท",น้ำยาแอร์,น้ำมัน,,4192
น้ำยาแอร์ Entalpia R134A / ร้านบางไผ่   ขนาดถังละ 13.6 โล    ,ร้านบางไผ่,3,3000.0,9000.0,,2565-02-08,,ต้นทุนประมาณ 231บาท/กิโล,น้ำยาแอร์,น้ำมัน,,4193
น้ำยาแอร์ Entalpia R134A / ร้านบางไผ่   ขนาดถังละ 13.6 โล    ,ร้านบางไผ่,2,2650.0,5300.0,,2565-04-21,,,น้ำยาแอร์,น้ำมัน,,4194
น้ำยาแอร์ Entalpia R134A / ร้านบางไผ่   ขนาดถังละ 13.6 โล    ,ร้านบางไผ่,3,2300.0,6900.0,,2565-08-01,,,น้ำยาแอร์,น้ำมัน,,4195
น้ำยาแอร์ Entalpia R134A / ร้านบางไผ่   ขนาดถังละ 13.6 โล    ,ร้านบางไผ่,3,2150.0,6450.0,,2566-07-08,,,น้ำยาแอร์,น้ำมัน,,4196
น้ำยาแอร์ Entalpia R134A / ร้านบางไผ่   ขนาดถังละ 13.6 โล    ,ร้านบางไผ่,2,1900.0,3800.0,,2566-09-13,,,น้ำยาแอร์,น้ำมัน,,4197
น้ำยาแอร์ Entalpia R134A / ร้านบางไผ่   ขนาดถังละ 13.6 โล    ,ร้านบางไผ่,2,2300.0,4600.0,,2567-03-22,,,น้ำยาแอร์,น้ำมัน,,4198
น้ำยาแอร์ JH R134A / ร้านบางไผ่   ขนาดถังละ 13.6 โล    ,ร้านบางไผ่,2,2500.0,5000.0,,2567-10-10,,,น้ำยาแอร์,น้ำมัน,,4199
น้ำยาแอร์ JH R134A / ร้านบางไผ่   ขนาดถังละ 13.6 โล    ,ร้านบางไผ่,2,2600.0,5200.0,,2567-12-03,,,น้ำยาแอร์,น้ำมัน,,4200
น้ำยาแอร์ Entalpia R134A / ร้านบางไผ่   ขนาดถังละ 13.6 โล    ,ร้านบางไผ่,2,3000.0,6000.0,,2568-03-17,,,น้ำยาแอร์,น้ำมัน,,4201
น้ำยาแอร์ iGAS R134A / ร้านบางไผ่   ขนาดถังละ 13.6 โล    ,ร้านบางไผ่,2,3400.0,6800.0,,2568-08-01,,,น้ำยาแอร์,น้ำมัน,,4202
น้ำยาแอร์ iGAS R134A / ร้านบางไผ่   ขนาดถังละ 13.6 โล    ,ร้านบางไผ่,3,3850.0,11550.0,,2569-02-10,,,น้ำยาแอร์,น้ำมัน,,4203
น้ำยาเช็ดกระจก ยี่ห้อ Kassa Home 5200มล.,ไทวัสดุ,1,158.0,158.0,,2568-04-22,,,น้ำยาเช็ดกระจก,น้ำมัน,,4204
สีขาว 1 ไส้,ต้นคิด,10,30.0,300.0,,2561-11-07,,,หลอดเสียบเล็ก,หลอดไฟ,,4205
สีขาว 1 ไส้,ต้นคิด,100,3.5,350.0,,2566-03-24,,,หลอดเสียบเล็ก,หลอดไฟ,,4206
สีขาว 1 ไส้,ต้นคิด,100,3.5,350.0,,2567-08-23,,,หลอดเสียบเล็ก,หลอดไฟ,,4207
สีขาว 2 ไส้,ต้นคิด,10,30.0,300.0,,2561-11-07,,,หลอดเสียบเล็ก,หลอดไฟ,,4208
สีขาว 2 ไส้ / T20 (12V 21/5W Eagleye),ศรีสยาม,5,32.0,160.0,,2562-08-10,,,หลอดเสียบเล็ก,หลอดไฟ,,4209
สีส้ม 1 ไส้,ต้นคิด,10,30.0,300.0,,2562-08-13,,,หลอดเสียบเล็ก,หลอดไฟ,,4210
สีส้ม 2 ไส้,ต้นคิด,10,35.0,350.0,,2561-11-07,,,หลอดเสียบเล็ก,หลอดไฟ,,4211
สีส้ม 2 ไส้,ต้นคิด,10,30.0,300.0,,2562-08-13,,,หลอดเสียบเล็ก,หลอดไฟ,,4212
สีขาว 2 ไส้ / หลอดใหญ่,ต้นคิด,10,30.0,300.0,,2562-08-13,,,หลอดเสียบใหญ่,หลอดไฟ,,4213
สีขาว 2 ไส้ / หลอดใหญ่,ต้นคิด,10,30.0,300.0,,2565-12-19,,,หลอดเสียบใหญ่,หลอดไฟ,,4214
สีขาว 2 ไส้ / หลอดใหญ่,Shopee,20,23.35,467.0,,2568-09-19,,,หลอดเสียบใหญ่,หลอดไฟ,,4215
สีขาว1ไส้ / หลอดใหญ่,ต้นคิด,20,30.0,600.0,,2566-03-04,,,หลอดเสียบใหญ่,หลอดไฟ,,4216
สีส้ม 1 ไส้ / หลอดใหญ่,ต้นคิด,10,35.0,350.0,,2565-12-19,,,หลอดเสียบใหญ่,หลอดไฟ,,4217
สีส้ม 2 ไส้ / หลอดใหญ่,ต้นคิด,10,35.0,35.0,,2565-12-19,,,หลอดเสียบใหญ่,หลอดไฟ,,4218
H4,ต้นคิด,10,70.0,700.0,,2561-11-07,,,หลอดไฟหน้า,หลอดไฟ,,4219
H4,ต้นคิด,10,70.0,700.0,,2566-03-04,,,เก็บเงิน 300 บาท,หลอดไฟ,,4220
H4,ต้นคิด,20,70.0,1400.0,,2567-05-08,,,เก็บเงิน 300 บาท,หลอดไฟ,,4221
H7,ต้นคิด,10,90.0,900.0,,2561-11-07,,,เก็บเงิน 300 บาท,หลอดไฟ,,4222
H11 -- ใส่ไฟตัดหมอก ฟอร์จูนเนอร์ โฉมแชมป์,ต้นคิด,10,120.0,1200.0,,2561-11-07,,,หลอดไฟตัดหมอก,หลอดไฟ,,4223
H11 -- ใส่ไฟตัดหมอก ฟอร์จูนเนอร์ โฉมแชมป์,ต้นคิด,20,120.0,2400.0,,2566-04-01,,,หลอดไฟตัดหมอก,หลอดไฟ,,4224
H16,ต้นคิด,20,120.0,2400.0,,2566-03-04,,,หลอดไฟตัดหมอก,หลอดไฟ,,4225
H1,ต้นคิด,6,50.0,300.0,,2566-03-04,,,หลอดไฟตัดหมอก,หลอดไฟ,,4226
H3,ต้นคิด,14,40.0,560.0,,2566-03-04,,,หลอดไฟตัดหมอก,หลอดไฟ,,4227
9006,ต้นคิด,20,90.0,1800.0,,2566-03-04,,,หลอดไฟตัดหมอก,หลอดไฟ,,4228
T15,ต้นคิด,20,10.0,200.0,,2566-03-04,,,หลอดไฟตัดหมอก,หลอดไฟ,,4229
กลมสีส้ม 1 ไส้ / เขี้ยวเยื้อง (12V 93*75 Eagleye),ศรีสยาม,10,25.0,250.0,,2562-08-20,,,หลอดไฟเลี้ยว,หลอดไฟ,,4230
กลมสีส้ม 1 ไส้ / เขี้ยวเยื้อง,ต้นคิด,10,15.0,150.0,,2564-02-06,,,หลอดไฟเลี้ยว,หลอดไฟ,,4231
กลมสีส้ม 1 ไส้ / เขี้ยวเยื้อง,ต้นคิด,10,15.0,150.0,,2565-12-19,,,หลอดไฟเลี้ยว,หลอดไฟ,,4232
กลมสีส้ม 2 ไส้ / เขี้ยวเยื้อง,ต้นคิด,10,15.0,150.0,,2562-08-13,,,หลอดไฟเลี้ยว,หลอดไฟ,,4233
กลมสีส้ม 2 ไส้ / เขี้ยวเยื้อง,ต้นคิด,10,15.0,150.0,,2564-02-06,,,หลอดไฟเลี้ยว,หลอดไฟ,,4234
กลมสีส้ม 2 ไส้ / เขี้ยวตรง,ต้นคิด,10,8.0,80.0,,2565-12-19,,,หลอดไฟเลี้ยว,หลอดไฟ,,4235
กลมสีขาว 1 ไส้ / เขี้ยวเยื้อง,ต้นคิด,10,15.0,150.0,,2564-02-06,,,หลอดไฟเลี้ยว,หลอดไฟ,,4236
กลมสีขาว 1 ไส้ / เขี้ยวเยื้อง,ต้นคิด,10,15.0,150.0,,2565-12-19,,,หลอดไฟเลี้ยว,หลอดไฟ,,4237
กลมสีขาว 1 ไส้ / เขี้ยวตรง,ต้นคิด,10,6.0,60.0,,2565-12-19,,,หลอดไฟเลี้ยว,หลอดไฟ,,4238
กลมสีขาว 2 ไส้ / เขี้ยวตรง,ต้นคิด,20,6.0,120.0,,2565-12-19,,,หลอดไฟเลี้ยว,หลอดไฟ,,4239
กลมสีขาว 2 ไส้ / เขี้ยวตรง,ต้นคิด,20,8.0,160.0,,2567-08-23,,,หลอดไฟเลี้ยว,หลอดไฟ,,4240
กลมสีขาว 2 ไส้ / เขี้ยวตรง,Shopee,40,6.4,256.0,,2568-06-21,,,หลอดไฟเลี้ยว,หลอดไฟ,,4241
กลมสีขาว 2 ไส้ / เขี้ยวเยื้อง,ต้นคิด,20,15.0,300.0,,2567-08-23,,,หลอดไฟเลี้ยว,หลอดไฟ,,4242
หลอดตะเกียบ (ทำไฟส่อง ของช่าง) 14W Day light EVE,ไทวัสดุ,3,98.0,294.0,,2565-10-27,,,หลอดตะเกียบ,หลอดไฟ,,4243
หลอดตะเกียบ (ทำไฟส่อง ของช่าง) 14W Day light EVE,ไทวัสดุ,5,98.0,490.0,,2565-12-09,,,หลอดตะเกียบ,หลอดไฟ,,4244
ค่าหลอดไฟส่อง เทียบสี 200W ,โรจน,5,40.0,200.0,,2568-06-18,,,หลอดไฟเทียบสี,หลอดไฟ,,4245
ยางรองเสกิร์ต ,ร้าน ส.สยามยางยนต์,2,600.0,1200.0,,2561-06-17,,,ยางรองเสกิร์ต,อะไหล่อื่นๆ,,4246
ยางรองเสกิร์ตแบบมีกาว (สีดำ/ปีกใหญ่) -- ยาว 100 เมตร/ม้วน (เมตรละ 16 บาท),ร้าน ส.สยามยางยนต์,1,1600.0,1600.0,,2567-03-17,,,ยางรองเสกิร์ต,อะไหล่อื่นๆ,,4247
ยางรองเสกิร์ตแบบมีกาว (สีดำ/ปีกเล็ก) -- ยาว 100 เมตร/ม้วน (เมตรละ 17 บาท),ร้าน ส.สยามยางยนต์,2,1700.0,3400.0,,2568-03-24,,,ยางรองเสกิร์ต,อะไหล่อื่นๆ,,4248
ยางรองเสกิร์ตแบบมีกาว (สีเทา/ปีกเล็ก) -- ยาว 100 เมตร/ม้วน (เมตรละ 17 บาท),ร้าน ส.สยามยางยนต์,2,1700.0,3400.0,,2568-03-24,,,ยางรองเสกิร์ต,อะไหล่อื่นๆ,,4249
ยางรองเสกิร์ตแบบไม่มีกาว (สีเทา) ยาว 100 เมตร/ม้วน (เมตรละ 8 บาท),ร้าน ส.สยามยางยนต์,1,800.0,800.0,,2567-08-30,,,ยางรองเสกิร์ต,อะไหล่อื่นๆ,,4250
ยางรองเสกิร์ตแบบไม่มีกาว (สีเทา/ปีกกลาง) ยาว 100 เมตร/ม้วน (เมตรละ 8 บาท),ร้าน ส.สยามยางยนต์,2,800.0,1600.0,,2568-10-02,,,ยางรองเสกิร์ต,อะไหล่อื่นๆ,,4251
ยางรองเสกิร์ตแบบไม่มีกาว (สีเทา/ปีกเล็ก) ยาว 100 เมตร/ม้วน (เมตรละ 8 บาท),ร้าน ส.สยามยางยนต์,1,800.0,800.0,,2568-10-18,,,ยางรองเสกิร์ต,อะไหล่อื่นๆ,,4252
ยางรองเสกิร์ตแบบไม่มีกาว (สีดำปีกใหญ่) ยาว 100 เมตร/ม้วน (เมตรละ 8 บาท),ร้าน ส.สยามยางยนต์,1,800.0,800.0,,2567-08-30,,,ยางรองเสกิร์ต,อะไหล่อื่นๆ,,4253
ยางรองเสกิร์ตแบบไม่มีกาว (สีดำปีกเล็ก) ยาว 100 เมตร/ม้วน (เมตรละ 8 บาท),ร้าน ส.สยามยางยนต์,1,800.0,800.0,,2567-08-30,,,ยางรองเสกิร์ต,อะไหล่อื่นๆ,,4254
ยางรองเสกิร์ตแบบไม่มีกาว (สีดำปีกเล็ก) ยาว 100 เมตร/ม้วน (เมตรละ 8 บาท),ร้าน ส.สยามยางยนต์,2,800.0,1600.0,,2568-03-24,,,ยางรองเสกิร์ต,อะไหล่อื่นๆ,,4255
น้ำยาเช็ดเฟอร์นิเจอร์,โปรไทยคลีนนิ่ง,6,250.0,1500.0,,2561-06-17,,,น้ำยาลงเบาะ,อะไหล่อื่นๆ,,4256
น้ำยาเช็ดเฟอร์นิเจอร์,โปรไทยคลีนนิ่ง,4,250.0,1000.0,,2563-06-28,,,น้ำยาลงเบาะ,อะไหล่อื่นๆ,,4257
น้ำยาเช็ดเฟอร์นิเจอร์,โปรไทยคลีนนิ่ง,4,250.0,1000.0,,2563-10-28,,,น้ำยาลงเบาะ,อะไหล่อื่นๆ,,4258
น้ำยาเช็ดเฟอร์นิเจอร์,โปรไทยคลีนนิ่ง,12,250.0,3000.0,,2563-11-23,,,น้ำยาลงเบาะ,อะไหล่อื่นๆ,,4259
น้ำยาเช็ดเฟอร์นิเจอร์,โปรไทยคลีนนิ่ง,4,250.0,1000.0,,2564-09-22,,,น้ำยาลงเบาะ,อะไหล่อื่นๆ,,4260
น้ำยาเช็ดเฟอร์นิเจอร์,โปรไทยคลีนนิ่ง,4,250.0,1000.0,,2564-11-17,,,น้ำยาลงเบาะ,อะไหล่อื่นๆ,,4261
น้ำยาเช็ดเฟอร์นิเจอร์,โปรไทยคลีนนิ่ง,4,250.0,1000.0,,2565-01-26,,,น้ำยาลงเบาะ,อะไหล่อื่นๆ,,4262
น้ำยาเช็ดเฟอร์นิเจอร์,โปรไทยคลีนนิ่ง,6,250.0,1500.0,,2565-07-02,,,น้ำยาลงเบาะ,อะไหล่อื่นๆ,,4263
น้ำยาเช็ดเฟอร์นิเจอร์,โปรไทยคลีนนิ่ง,6,250.0,1500.0,,2565-12-10,,,น้ำยาลงเบาะ,อะไหล่อื่นๆ,,4264
น้ำยาเช็ดเฟอร์นิเจอร์,โปรไทยคลีนนิ่ง,4,270.0,1080.0,,2566-08-05,,,น้ำยาลงเบาะ,อะไหล่อื่นๆ,,4265
น้ำยาเช็ดเฟอร์นิเจอร์,โปรไทยคลีนนิ่ง,4,250.0,1000.0,,2566-11-27,,,น้ำยาลงเบาะ,อะไหล่อื่นๆ,,4266
น้ำยาเช็ดเฟอร์นิเจอร์,โปรไทยคลีนนิ่ง,4,260.0,1040.0,,2567-03-31,,,น้ำยาลงเบาะ,อะไหล่อื่นๆ,,4267
น้ำยาเช็ดเฟอร์นิเจอร์,โปรไทยคลีนนิ่ง,4,260.0,1040.0,,2567-04-01,,,น้ำยาลงเบาะ,อะไหล่อื่นๆ,,4268
น้ำยาเช็ดเฟอร์นิเจอร์,โปรไทยคลีนนิ่ง,4,260.0,1040.0,,2567-06-13,,,น้ำยาลงเบาะ,อะไหล่อื่นๆ,,4269
น้ำยาเช็ดเฟอร์นิเจอร์,โปรไทยคลีนนิ่ง,4,280.0,1120.0,,2567-09-21,,,น้ำยาลงเบาะ,อะไหล่อื่นๆ,,4270
น้ำยาเช็ดเฟอร์นิเจอร์,โปรไทยคลีนนิ่ง,2,260.0,520.0,,2567-12-02,,,น้ำยาลงเบาะ,อะไหล่อื่นๆ,,4271
น้ำยาเช็ดเฟอร์นิเจอร์,โปรไทยคลีนนิ่ง,4,260.0,1040.0,,2568-02-18,,ก่อนสั่งเหลือสต๊อค 1กล.(7/4/68),น้ำยาลงเบาะ,อะไหล่อื่นๆ,,4272
น้ำยาเช็ดเฟอร์นิเจอร์,โปรไทยคลีนนิ่ง,4,278.2,1112.8,,2568-04-22,,ราคารวม VAT แล้ว,น้ำยาลงเบาะ,อะไหล่อื่นๆ,,4273
น้ำยาเช็ดเฟอร์นิเจอร์,โปรไทยคลีนนิ่ง,2,278.2,556.4,,2568-05-30,,,น้ำยาลงเบาะ,อะไหล่อื่นๆ,,4274
น้ำยาเช็ดเฟอร์นิเจอร์,โปรไทยคลีนนิ่ง,1,260.0,260.0,,2568-08-13,,ราคาซื้อไม่เอา VAT,น้ำยาลงเบาะ,อะไหล่อื่นๆ,,4275
น้ำยาเช็ดเฟอร์นิเจอร์,โปรไทยคลีนนิ่ง,1,260.0,260.0,,2569-01-30,,ราคาซื้อไม่เอา VAT,น้ำยาลงเบาะ,อะไหล่อื่นๆ,,4276
น้ำยาลงล้อดำ ,โปรไทยคลีนนิ่ง,6,250.0,1500.0,,2561-06-17,,,น้ำยาลงล้อ,อะไหล่อื่นๆ,,4277
น้ำยาลงล้อดำ ,โปรไทยคลีนนิ่ง,4,250.0,1000.0,,2563-06-28,,,น้ำยาลงล้อ,อะไหล่อื่นๆ,,4278
น้ำยาลงล้อดำ ,โปรไทยคลีนนิ่ง,4,250.0,1000.0,,2563-11-23,,,น้ำยาลงล้อ,อะไหล่อื่นๆ,,4279
น้ำยาลงล้อดำ ,โปรไทยคลีนนิ่ง,4,250.0,1000.0,,2564-09-22,,,น้ำยาลงล้อ,อะไหล่อื่นๆ,,4280
น้ำยาลงล้อดำ ,โปรไทยคลีนนิ่ง,2,250.0,500.0,,2565-07-02,,,น้ำยาลงล้อ,อะไหล่อื่นๆ,,4281
น้ำยาลงล้อดำ ,โปรไทยคลีนนิ่ง,2,250.0,500.0,,2565-12-10,,,น้ำยาลงล้อ,อะไหล่อื่นๆ,,4282
น้ำยาลงล้อดำ ,โปรไทยคลีนนิ่ง,4,280.0,1120.0,,2566-11-27,,,น้ำยาลงล้อ,อะไหล่อื่นๆ,,4283
น้ำยาลงล้อดำ ,โปรไทยคลีนนิ่ง,4,280.0,1120.0,,2567-03-31,,,น้ำยาลงล้อ,อะไหล่อื่นๆ,,4284
น้ำยาลงล้อดำ ,โปรไทยคลีนนิ่ง,4,280.0,1120.0,,2567-04-01,,,น้ำยาลงล้อ,อะไหล่อื่นๆ,,4285
น้ำยาลงล้อดำ ,โปรไทยคลีนนิ่ง,2,280.0,560.0,,2567-12-02,,,น้ำยาลงล้อ,อะไหล่อื่นๆ,,4286
น้ำยาลงล้อดำ ,โปรไทยคลีนนิ่ง,2,280.0,560.0,,2568-02-18,,ก่อนสั่งเหลือสต๊อค 2กล.(7/4/68),น้ำยาลงล้อ,อะไหล่อื่นๆ,,4287
น้ำยาลงล้อดำ ,โปรไทยคลีนนิ่ง,2,299.6,599.2,,2568-04-22,,ราคารวม VAT แล้ว,น้ำยาลงล้อ,อะไหล่อื่นๆ,,4288
น้ำยาลงล้อดำ ,โปรไทยคลีนนิ่ง,2,280.0,560.0,,2568-08-13,,ราคาซื้อไม่เอา VAT,น้ำยาลงล้อ,อะไหล่อื่นๆ,,4289
น้ำยาลงล้อดำ ,โปรไทยคลีนนิ่ง,2,280.0,560.0,,2568-09-19,,ราคาซื้อไม่เอา VAT,น้ำยาลงล้อ,อะไหล่อื่นๆ,,4290
น้ำยาลงล้อดำ ,โปรไทยคลีนนิ่ง,2,280.0,599.2,560.0,2569-02-05,,,น้ำยาลงล้อ,อะไหล่อื่นๆ,,4291
ซิลิโคลน สีเทา E104 Sparko,ศรีสยาม,5,75.0,375.0,,2561-06-29,,,ซิลิโคลน,อะไหล่อื่นๆ,,4292
ซิลิโคลน สีเทา E104 Sparko (1ลัง = 25หลอด),ศรีสยาม,25,70.0,1750.0,,2563-07-11,,,เก็บลูกค้าหลอดละ 200 บาท,อะไหล่อื่นๆ,,4293
ซิลิโคลน สีเทา  Sparko ,ศรีสยาม,1,95.0,95.0,,2564-09-14,,,เก็บลูกค้าหลอดละ 200 บาท,อะไหล่อื่นๆ,,4294
ซิลิโคลน สีเทา  Sparko ,ศรีสยาม,1,95.0,95.0,,2564-09-15,,,เก็บลูกค้าหลอดละ 200 บาท,อะไหล่อื่นๆ,,4295
ซิลิโคลน สีเทา  Sparko ,ศรีสยาม,1,95.0,95.0,,2564-11-09,,,เก็บลูกค้าหลอดละ 200 บาท,อะไหล่อื่นๆ,,4296
ซิลิโคลน สีเทา  Sparko ,ศรีสยาม,2,95.0,190.0,,2564-12-06,,,เก็บลูกค้าหลอดละ 200 บาท,อะไหล่อื่นๆ,,4297
ซิลิโคลน สีเทา  Sparko ,ศรีสยาม,2,95.0,190.0,,2564-12-16,,,เก็บลูกค้าหลอดละ 200 บาท,อะไหล่อื่นๆ,,4298
ซิลิโคลน สีเทา  Sparko ,ศรีสยาม,2,95.0,190.0,,2565-04-06,,,เก็บลูกค้าหลอดละ 200 บาท,อะไหล่อื่นๆ,,4299
ซิลิโคลน สีเทา  Sparko ,ศรีสยาม,6,95.0,570.0,,2565-06-11,,,เก็บลูกค้าหลอดละ 200 บาท,อะไหล่อื่นๆ,,4300
ซิลิโคลน สีเทา  GTO 310ml.,ทาเลนท์,6,67.0,402.0,,2565-06-18,IB3002779,,เก็บลูกค้าหลอดละ 200 บาท,อะไหล่อื่นๆ,,4301
ซิลิโคลน สีเทา  Sparko ,ศรีสยาม,1,90.0,90.0,,2566-03-29,,,เก็บลูกค้าหลอดละ 200 บาท,อะไหล่อื่นๆ,,4302
ซิลิโคลน สีเทา  Sparko ,ศรีสยาม,1,90.0,90.0,,2566-06-21,,,เก็บลูกค้าหลอดละ 200 บาท,อะไหล่อื่นๆ,,4303
ซิลิโคลน สีเทา  Sparko ,ศรีสยาม,1,90.0,90.0,,2566-08-01,,,เก็บลูกค้าหลอดละ 200 บาท,อะไหล่อื่นๆ,,4304
ซิลิโคลน สีเทา  Sparko ,ศรีสยาม,1,90.0,90.0,,2567-03-14,,,เก็บลูกค้าหลอดละ 200 บาท,อะไหล่อื่นๆ,,4305
ซิลิโคลน สีเทา  Sparko ,ศรีสยาม,1,90.0,90.0,,2567-05-13,,,เก็บลูกค้าหลอดละ 200 บาท,อะไหล่อื่นๆ,,4306
ซิลิโคลน สีเทา  Sparko ,ศรีสยาม,1,90.0,90.0,,2567-06-20,,,เก็บลูกค้าหลอดละ 200 บาท,อะไหล่อื่นๆ,,4307
ซิลิโคลน สีเทา  Sparko ,ศรีสยาม,1,90.0,90.0,,2567-07-03,,,เก็บลูกค้าหลอดละ 200 บาท,อะไหล่อื่นๆ,,4308
ซิลิโคลน สีเทา  DOWSIL GP,ร้านโรจน,1,80.0,80.0,,2567-07-25,,,เก็บลูกค้าหลอดละ 200 บาท,อะไหล่อื่นๆ,,4309
ซิลิโคลน สีเทา  DOWSIL GP,ร้านโรจน,2,80.0,160.0,,2567-07-26,,,เก็บลูกค้าหลอดละ 200 บาท,อะไหล่อื่นๆ,,4310
ซิลิโคลน สีเทา  DOWSIL GP,ร้านโรจน,1,80.0,80.0,,2567-08-26,,,เก็บลูกค้าหลอดละ 200 บาท,อะไหล่อื่นๆ,,4311
ซิลิโคลน สีเทา  DOWSIL GP,ร้านโรจน,1,80.0,80.0,,2567-09-24,,,เก็บลูกค้าหลอดละ 200 บาท,อะไหล่อื่นๆ,,4312
ซิลิโคลน สีเทา  DOWSIL GP,ร้านโรจน,1,80.0,80.0,,2568-02-01,,,เก็บลูกค้าหลอดละ 200 บาท,อะไหล่อื่นๆ,,4313
ซิลิโคลน สีเทา  DOWSIL GP,ร้านโรจน,2,80.0,160.0,,2568-02-14,,,เก็บลูกค้าหลอดละ 200 บาท,อะไหล่อื่นๆ,,4314
ซิลิโคลน สีเทา  Giant Kingkong 280 มล.,ไทวัสดุ,2,68.0,136.0,,2568-02-28,,,เก็บลูกค้าหลอดละ 200 บาท,อะไหล่อื่นๆ,,4315
ซิลิโคลน สีเทา  Giant Kingkong 280 มล.,ไทวัสดุ,2,68.0,136.0,,2568-03-30,,,เก็บลูกค้าหลอดละ 200 บาท,อะไหล่อื่นๆ,,4316
ซิลิโคลน สีเทา  DOWSIL GP,ร้านโรจน,3,80.0,240.0,,2568-06-14,,,เก็บลูกค้าหลอดละ 200 บาท,อะไหล่อื่นๆ,,4317
ซิลิโคลน สีเทา  DOWSIL GP,ร้านโรจน,6,75.0,450.0,,2568-07-16,,,เก็บลูกค้าหลอดละ 200 บาท,อะไหล่อื่นๆ,,4318
ซิลิโคลน สีดำ Sparko (1ลัง = 25หลอด),ศรีสยาม,25,70.0,1750.0,,2563-09-09,,,เก็บลูกค้าหลอดละ 200 บาท,อะไหล่อื่นๆ,,4319
ซิลิโคลน สีดำ Sparko,ศรีสยาม,2,95.0,190.0,,2564-11-09,,,เก็บลูกค้าหลอดละ 200 บาท,อะไหล่อื่นๆ,,4320
ซิลิโคลน สีดำ Sparko,ศรีสยาม,2,95.0,190.0,,2565-04-30,,,เก็บลูกค้าหลอดละ 200 บาท,อะไหล่อื่นๆ,,4321
ซิลิโคลน สีดำ Sparko,ศรีสยาม,1,95.0,95.0,,2565-06-11,,,เก็บลูกค้าหลอดละ 200 บาท,อะไหล่อื่นๆ,,4322
ซิลิโคลน สีดำ Sparko,ศรีสยาม,2,95.0,190.0,,2565-06-11,,,เก็บลูกค้าหลอดละ 200 บาท,อะไหล่อื่นๆ,,4323
ซิลิโคลน สีดำ GTO 310ml.,ทาเลนท์,7,67.0,469.0,,2565-06-18,IB3002779,,เก็บลูกค้าหลอดละ 200 บาท,อะไหล่อื่นๆ,,4324
ซิลิโคลน สีดำ Sparko,ศรีสยาม,2,90.0,180.0,,2566-03-29,,,เก็บลูกค้าหลอดละ 200 บาท,อะไหล่อื่นๆ,,4325
ซิลิโคลน สีดำ Sparko,ศรีสยาม,1,90.0,90.0,,2566-06-22,,,เก็บลูกค้าหลอดละ 200 บาท,อะไหล่อื่นๆ,,4326
ซิลิโคลน สีดำ Sparko,ศรีสยาม,2,90.0,180.0,,2566-07-24,,,เก็บลูกค้าหลอดละ 200 บาท,อะไหล่อื่นๆ,,4327
ซิลิโคลน สีดำ Sparko,ศรีสยาม,1,90.0,90.0,,2566-08-01,,,เก็บลูกค้าหลอดละ 200 บาท,อะไหล่อื่นๆ,,4328
ซิลิโคลน สีดำ Sparko,ศรีสยาม,2,90.0,180.0,,2566-11-13,,,เก็บลูกค้าหลอดละ 200 บาท,อะไหล่อื่นๆ,,4329
ซิลิโคลน สีดำ Sparko,ศรีสยาม,2,90.0,180.0,,2567-01-12,,,เก็บลูกค้าหลอดละ 200 บาท,อะไหล่อื่นๆ,,4330
ซิลิโคลน สีดำ Sparko,ศรีสยาม,2,90.0,180.0,,2567-03-14,,,เก็บลูกค้าหลอดละ 200 บาท,อะไหล่อื่นๆ,,4331
ซิลิโคลน สีดำ Sparko,ศรีสยาม,2,90.0,180.0,,2567-05-06,,,เก็บลูกค้าหลอดละ 200 บาท,อะไหล่อื่นๆ,,4332
ซิลิโคลน สีดำ Sparko,ศรีสยาม,1,90.0,90.0,,2567-06-20,,,เก็บลูกค้าหลอดละ 200 บาท,อะไหล่อื่นๆ,,4333
ซิลิโคลน สีดำ Sparko,ศรีสยาม,1,90.0,90.0,,2567-07-03,,,เก็บลูกค้าหลอดละ 200 บาท,อะไหล่อื่นๆ,,4334
ซิลิโคลน สีดำ  DOWSIL GP,ร้านโรจน,1,80.0,80.0,,2567-07-25,,,เก็บลูกค้าหลอดละ 200 บาท,อะไหล่อื่นๆ,,4335
ซิลิโคลน สีดำ  DOWSIL GP,ร้านโรจน,2,80.0,160.0,,2567-12-07,,,เก็บลูกค้าหลอดละ 200 บาท,อะไหล่อื่นๆ,,4336
ซิลิโคลน สีดำ  DOWSIL GP,ร้านโรจน,1,80.0,80.0,,2568-02-01,,,เก็บลูกค้าหลอดละ 200 บาท,อะไหล่อื่นๆ,,4337
ซิลิโคลน สีดำ  Giant Kingkong 280 มล.,ไทวัสดุ,3,68.0,204.0,,2568-02-28,,,เก็บลูกค้าหลอดละ 200 บาท,อะไหล่อื่นๆ,,4338
ซิลิโคลน สีดำ  Giant Kingkong 280 มล.,ไทวัสดุ,3,68.0,204.0,,2568-03-30,,,เก็บลูกค้าหลอดละ 200 บาท,อะไหล่อื่นๆ,,4339
ซิลิโคลน สีดำ  DOWSIL GP,ร้านโรจน,2,80.0,160.0,,2568-06-14,,,เก็บลูกค้าหลอดละ 200 บาท,อะไหล่อื่นๆ,,4340
ซิลิโคลน สีดำ  DOWSIL GP,ร้านโรจน,6,75.0,450.0,,2568-07-16,,,เก็บลูกค้าหลอดละ 200 บาท,อะไหล่อื่นๆ,,4341
ซิลิโคลน สีดำ  B-HOME,ร้านโรจน,3,80.0,240.0,,2568-10-21,,,เก็บลูกค้าหลอดละ 200 บาท,อะไหล่อื่นๆ,,4342
ซิลิโคลน สีขาว Sparko 280ml.,ศรีสยาม,6,95.0,570.0,,2564-06-12,,,เก็บลูกค้าหลอดละ 200 บาท,อะไหล่อื่นๆ,,4343
ซิลิโคลน สีขาว Sparko 280ml.,ศรีสยาม,2,95.0,190.0,,2564-11-09,,,เก็บลูกค้าหลอดละ 200 บาท,อะไหล่อื่นๆ,,4344
ซิลิโคลน สีขาว Sparko 280ml.,ศรีสยาม,2,105.0,210.0,,2565-04-06,,,เก็บลูกค้าหลอดละ 200 บาท,อะไหล่อื่นๆ,,4345
ซิลิโคลน สีขาว Sparko 280ml.,ศรีสยาม,2,105.0,210.0,,2565-05-06,,,เก็บลูกค้าหลอดละ 200 บาท,อะไหล่อื่นๆ,,4346
ซิลิโคลน สีขาว GTO 310ml.,ทาเลนท์,6,67.0,402.0,,2565-06-18,IB3002779,,เก็บลูกค้าหลอดละ 200 บาท,อะไหล่อื่นๆ,,4347
ซิลิโคลน สีขาว Sparko 280ml.,ศรีสยาม,2,90.0,180.0,,2566-06-21,,,เก็บลูกค้าหลอดละ 200 บาท,อะไหล่อื่นๆ,,4348
ซิลิโคลน สีขาว Sparko 280ml.,ศรีสยาม,1,90.0,90.0,,2566-08-01,,,เก็บลูกค้าหลอดละ 200 บาท,อะไหล่อื่นๆ,,4349
ซิลิโคลน สีขาว Sparko 280ml.,ศรีสยาม,1,90.0,90.0,,2567-05-06,,,เก็บลูกค้าหลอดละ 200 บาท,อะไหล่อื่นๆ,,4350
ซิลิโคลน สีขาว Sparko 280ml.,ศรีสยาม,1,90.0,90.0,,2567-07-03,,,เก็บลูกค้าหลอดละ 200 บาท,อะไหล่อื่นๆ,,4351
ซิลิโคลน สีขาว  DOWSIL GP,ร้านโรจน,1,80.0,80.0,,2567-08-26,,,เก็บลูกค้าหลอดละ 200 บาท,อะไหล่อื่นๆ,,4352
ซิลิโคลน สีขาว  DOWSIL GP,ร้านโรจน,1,80.0,80.0,,2568-02-01,,,เก็บลูกค้าหลอดละ 200 บาท,อะไหล่อื่นๆ,,4353
ซิลิโคลน สีขาว  DOWSIL GP,ร้านโรจน,2,80.0,160.0,,2568-02-14,,,เก็บลูกค้าหลอดละ 200 บาท,อะไหล่อื่นๆ,,4354
ซิลิโคลน สีขาว  Giant Kingkong 280 มล.,ไทวัสดุ,2,73.0,146.0,,2568-02-28,,,เก็บลูกค้าหลอดละ 200 บาท,อะไหล่อื่นๆ,,4355
ซิลิโคลน สีขาว  Giant Kingkong 280 มล.,ไทวัสดุ,2,88.0,176.0,,2568-03-30,,,เก็บลูกค้าหลอดละ 200 บาท,อะไหล่อื่นๆ,,4356
ซิลิโคลน สีขาว  DOWSIL GP,ร้านโรจน,2,80.0,160.0,,2568-06-14,,,เก็บลูกค้าหลอดละ 200 บาท,อะไหล่อื่นๆ,,4357
ซิลิโคลน สีขาว  DOWSIL GP,ร้านโรจน,6,75.0,450.0,,2568-07-16,,,เก็บลูกค้าหลอดละ 200 บาท,อะไหล่อื่นๆ,,4358
ซิลิโคลน สีใส Sparko 280ml.,ศรีสยาม,3,95.0,285.0,,2564-10-06,,,เก็บลูกค้าหลอดละ 200 บาท,อะไหล่อื่นๆ,,4359
ซิลิโคลน สีใส Sparko 280ml.,ศรีสยาม,1,95.0,95.0,,2565-04-06,,,เก็บลูกค้าหลอดละ 200 บาท,อะไหล่อื่นๆ,,4360
ซิลิโคลน สีใส GTO 310ml.,ทาเลนท์,3,67.0,201.0,,2565-06-18,IB3002779,,เก็บลูกค้าหลอดละ 200 บาท,อะไหล่อื่นๆ,,4361
ซิลิโคลน สีใส Sparko 280ml.,ศรีสยาม,2,90.0,180.0,,2566-06-17,,,เก็บลูกค้าหลอดละ 200 บาท,อะไหล่อื่นๆ,,4362
ซิลิโคลน สีใส Sparko 280ml.,ศรีสยาม,1,90.0,90.0,,2566-06-21,,,เก็บลูกค้าหลอดละ 200 บาท,อะไหล่อื่นๆ,,4363
ซิลิโคลน สีใส Sparko 280ml.,ศรีสยาม,1,90.0,90.0,,2566-08-01,,,เก็บลูกค้าหลอดละ 200 บาท,อะไหล่อื่นๆ,,4364
ซิลิโคลน สีใส Sparko 280ml.,ศรีสยาม,1,90.0,90.0,,2567-05-06,,,เก็บลูกค้าหลอดละ 200 บาท,อะไหล่อื่นๆ,,4365
ซิลิโคลน สีใส Sparko 280ml.,ศรีสยาม,1,90.0,90.0,,2567-05-13,,,เก็บลูกค้าหลอดละ 200 บาท,อะไหล่อื่นๆ,,4366
ซิลิโคลน สีใส Sparko 280ml.,ศรีสยาม,1,90.0,90.0,,2567-06-20,,,เก็บลูกค้าหลอดละ 200 บาท,อะไหล่อื่นๆ,,4367
ซิลิโคลน สีใส  DOWSIL GP,ร้านโรจน,1,80.0,80.0,,2567-09-24,,,เก็บลูกค้าหลอดละ 200 บาท,อะไหล่อื่นๆ,,4368
ซิลิโคลน สีใส  DOWSIL GP,ร้านโรจน,1,80.0,80.0,,2567-12-07,,,เก็บลูกค้าหลอดละ 200 บาท,อะไหล่อื่นๆ,,4369
ซิลิโคลน สีใส  DOWSIL GP,ร้านโรจน,2,80.0,160.0,,2568-02-14,,,เก็บลูกค้าหลอดละ 200 บาท,อะไหล่อื่นๆ,,4370
ซิลิโคลน สีใส  Giant Kingkong 280 มล.,ไทวัสดุ,2,73.0,146.0,,2568-02-28,,,เก็บลูกค้าหลอดละ 200 บาท,อะไหล่อื่นๆ,,4371
ซิลิโคลน สีใส  DOWSIL GP,ร้านโรจน,1,80.0,80.0,,2568-06-14,,,เก็บลูกค้าหลอดละ 200 บาท,อะไหล่อื่นๆ,,4372
ซิลิโคลน สีใส  DOWSIL GP,ร้านโรจน,6,75.0,450.0,,2568-07-16,,,เก็บลูกค้าหลอดละ 200 บาท,อะไหล่อื่นๆ,,4373
"ปืนยิงซิลิโคลน 9"" SOMIC ",ศรีสยาม,1,340.0,340.0,,2567-05-17,,,ปืนยิงซิลิโคลน,อะไหล่อื่นๆ,,4374
ปืนยิงซิลิโคลน  (สำหรับซิลิโคลนกระบอกแข็ง),ร้านโรจน,1,60.0,60.0,,2568-07-14,,,ปืนยิงซิลิโคลน,อะไหล่อื่นๆ,,4375
ปืนยิงบล๊อคลม 1/2นิ้ว คูเก้น 19แรงม้า,จิตต์อะไหล่,1,3900.0,3900.0,,2568-04-21,,,ปืนยิงบล๊อคลม,อะไหล่อื่นๆ,,4376
ลูกบ๊อกสั้น 3/4 kingtony 35(12P),ศรีสยาม,1,260.0,260.0,,2561-07-07,,,เครื่องมือ,อะไหล่อื่นๆ,,4377
ลูกบ๊อกสั้น 1/2 kingtony 32(12P),ศรีสยาม,1,115.0,115.0,,2561-07-07,,,เครื่องมือ,อะไหล่อื่นๆ,,4378
"คีมล็อคปากตัว C  11"" ",ศรีสยาม,1,860.0,860.0,,2561-07-05,,,เครื่องมือ,อะไหล่อื่นๆ,,4379
กุญแจบ๊อค เบอร์ 10-12 kingtony,ศรีสยาม,1,190.0,190.0,,2561-06-22,,,เครื่องมือ,อะไหล่อื่นๆ,,4380
"ไขควงแฉก 4"" Champion ",ศรีสยาม,1,95.0,95.0,,2561-06-22,,,เครื่องมือ,อะไหล่อื่นๆ,,4381
"คีมล็อคปากตรง 10"" VISE",ศรีสยาม,1,325.0,325.0,,2561-06-23,,,เครื่องมือ,อะไหล่อื่นๆ,,4382
กุญแจแหวนผ่า  เบอร์ 10-12 ASAHI,ศรีสยาม,3,180.0,540.0,,2561-06-12,,,เครื่องมือ,อะไหล่อื่นๆ,,4383
กุญแจแหวนข้าง  เบอร์ 15 kingtony,ศรีสยาม,1,120.0,120.0,,2561-06-12,,,เครื่องมือ,อะไหล่อื่นๆ,,4384
"ไขควงแฉก 10"" Champion ",ศรีสยาม,3,190.0,570.0,,2561-06-12,,,เครื่องมือ,อะไหล่อื่นๆ,,4385
"ไขควงแบน 10"" Champion ",ศรีสยาม,3,190.0,570.0,,2561-06-12,,,เครื่องมือ,อะไหล่อื่นๆ,,4386
กุญแจล็อค  38MM สามห่วง  คอสั้น,ศรีสยาม,2,110.0,220.0,,2561-06-13,,,เครื่องมือ,อะไหล่อื่นๆ,,4387
กุญแจบ๊อค เบอร์ 12-14 kingtony,ศรีสยาม,1,220.0,220.0,,2561-06-15,,,เครื่องมือ,อะไหล่อื่นๆ,,4388
กุญแจบ๊อค เบอร์ 8-10 kingtony,ศรีสยาม,1,180.0,180.0,,2561-06-15,,,เครื่องมือ,อะไหล่อื่นๆ,,4389
"ไขควงแฉก 5"" Champion ",ศรีสยาม,1,110.0,110.0,,2561-06-04,,,เครื่องมือ,อะไหล่อื่นๆ,,4390
ลูกบ๊อกสั้น 3/4 koken 36(12P),ศรีสยาม,1,510.0,510.0,,2561-06-06,,,เครื่องมือ,อะไหล่อื่นๆ,,4391
เครื่องเจียหินแกนลม MI805 MITO  แกน 6MM,ศรีสยาม,1,1300.0,1300.0,,2561-07-09,,,เครื่องมือ,อะไหล่อื่นๆ,,4392
บ๊อกขันน๊อตล้อแม็กซ์ 7เหลี่ยม,ศรีสยาม,1,76.0,76.0,,2561-07-21,,,เครื่องมือ,อะไหล่อื่นๆ,,4393
บ๊อกขันน๊อตล้อแม็กซ์ หัวจีบ,ศรีสยาม,1,150.0,150.0,,2561-07-21,,,เครื่องมือ,อะไหล่อื่นๆ,,4394
"เครื่องขัดสนิมลม (1,390%)",ทาเลนท์,1,1487.3,1487.3,,2564-08-17,,,เครื่องขัดสนิมลม,อะไหล่อื่นๆ,,4395
เครื่องเป่าลมร้อน ยี่ห้อ POLO QG-001,ทาเลนท์,1,490.0,490.0,,2567-07-30,IV2237861,,เครื่องเป่าลมร้อน,อะไหล่อื่นๆ,,4396
กาพ่นสี W-71G BEC แบบหงาย,ศรีสยาม,3,830.0,2490.0,,2561-08-02,,,กาพ่นสีพื้น,อะไหล่อื่นๆ,,4397
กาพ่นสี โอกูระ 1.5,ทาเลนท์,5,400.0,2000.0,,2563-02-20,,ราคาไม่รวม VAT,กาพ่นสีพื้น,อะไหล่อื่นๆ,,4398
กาพ่นสี โอกูระ 1.5,ทาเลนท์,5,400.0,2000.0,,2563-03-24,,ราคาไม่รวม VAT,กาพ่นสีพื้น,อะไหล่อื่นๆ,,4399
กาพ่นสี โอกูระ 1.5,ทาเลนท์,6,400.0,2400.0,,2563-06-12,,ราคาไม่รวม VAT,กาพ่นสีพื้น,อะไหล่อื่นๆ,,4400
กาพ่นสี โอกูระ 1.5 -- พร้อมถ้วยกาพ่นสี,ทาเลนท์,4,400.0,1600.0,,2564-09-15,IV6411764,ราคาไม่รวม VAT,กาพ่นสีพื้น,อะไหล่อื่นๆ,,4401
กาพ่นสี โอกูระ 1.5 -- พร้อมถ้วยกาพ่นสี,ทาเลนท์,3,400.0,1200.0,,2565-05-03,IB3000095,ราคาไม่รวม VAT,กาพ่นสีพื้น,อะไหล่อื่นๆ,,4402
กาพ่นสี โอกูระ 1.5 -- พร้อมถ้วยกาพ่นสี,ทาเลนท์,4,400.0,1600.0,,2565-09-10,IV2203682,ราคาไม่รวม VAT,กาพ่นสีพื้น,อะไหล่อื่นๆ,,4403
กาพ่นสี โอกูระ 1.5 -- พร้อมถ้วยกาพ่นสี,ทาเลนท์,4,400.0,1600.0,,2566-05-04,IV2211423,ราคาไม่รวม VAT,กาพ่นสีพื้น,อะไหล่อื่นๆ,,4404
กาพ่นสีพื้น Hi-Top หัวพ่น 1.8 กาบน 400CC. ,Shoopee,4,480.0,1920.0,,2566-05-20,,ราคาไม่รวมค่าขนส่ง,กาพ่นสีพื้น,อะไหล่อื่นๆ,,4405
กาพ่นสีพื้น Hi-Top หัวพ่น 1.8 กาบน 400CC. ,Shoopee,3,540.0,1620.0,,2566-08-19,,ราคาไม่รวมค่าขนส่ง,กาพ่นสีพื้น,อะไหล่อื่นๆ,,4406
กาพ่นสีพื้น Hi-Top หัวพ่น 1.8 กาบน 400CC. ,Shoopee,4,540.0,2160.0,,2567-05-14,,ราคาไม่รวมค่าขนส่ง (ค่าขนส่ง 41บาท),กาพ่นสีพื้น,อะไหล่อื่นๆ,,4407
กาพ่นสีพื้น Hi-Top หัวพ่น 1.8 กาบน 400CC. ,Shoopee,1,488.0,488.0,,2568-07-09,,,กาพ่นสีพื้น,อะไหล่อื่นๆ,,4408
กาพ่นสีพื้น Hi-Top หัวพ่น 1.8 กาบน 400CC. ,Shoopee,2,456.0,912.0,,2568-09-11,,,กาพ่นสีพื้น,อะไหล่อื่นๆ,,4409
กาพ่นสีพื้น Hi-Top หัวพ่น 1.8 กาบน 400CC. ,Shoopee,2,432.0,864.0,,2569-02-25,,,กาพ่นสีพื้น,อะไหล่อื่นๆ,,4410
กาพ่นสีจริง ยี่ห้อ สตาร์ S4C-131G หัว 1.3 -- แถมถ้วยกาพ่นสี,ทาเลนท์,2,3400.0,6800.0,,2566-05-18,IV2212326,,กาพ่นสีจริง,อะไหล่อื่นๆ,,4411
กาพ่นสีจริง ยี่ห้อ สตาร์ S4C-141G หัว 1.4 -- แถมถ้วยกาพ่นสี,ทาเลนท์,1,3400.0,3400.0,,2566-05-18,IV2214486,,กาพ่นสีจริง,อะไหล่อื่นๆ,,4412
กาพ่นสีจริง ยี่ห้อ สตาร์ S4C-141G หัว 1.4 -- แถมถ้วยกาพ่นสีพลาสติก,ทาเลนท์,2,3400.0,6800.0,,2567-07-04,IV2236562,,กาพ่นสีจริง,อะไหล่อื่นๆ,,4413
ค่าพลาสติกม้วนใส 60หลา         (159*10ม้วน) + VAT 7%   ,หจก. พีอาร์โอ ซัพพลาย,10,159.0,1701.3,,2563-01-22,, คุณเอ๋ 098-2599091,พลาสติกม้วนใส,อะไหล่อื่นๆ,0,4414
ค่าพลาสติกม้วนใส 60หลา         (159*10ม้วน) + VAT 7%   ,หจก. พีอาร์โอ ซัพพลาย,20,159.0,3403.0,,2563-04-08,, คุณเอ๋ 098-2599091,พลาสติกม้วนใส,อะไหล่อื่นๆ,0,4415
ค่าพลาสติกม้วนใส 60หลา         (159*10ม้วน) + VAT 7%   ,หจก. พีอาร์โอ ซัพพลาย,20,159.0,3403.0,,2563-11-18,, คุณเอ๋ 098-2599091,พลาสติกม้วนใส,อะไหล่อื่นๆ,0,4416
ค่าพลาสติกม้วนใส 60หลา         (159*10ม้วน) + VAT 7%   ,หจก. พีอาร์โอ ซัพพลาย,20,175.0,3745.0,,2565-09-21,, คุณเอ๋ 098-2599091,พลาสติกม้วนใส,อะไหล่อื่นๆ,0,4417
ค่าพลาสติกม้วนใส 60หลา         (165*20ม้วน) + VAT 7%   ,หจก. พีอาร์โอ ซัพพลาย,20,165.0,3531.0,,2566-06-15,, คุณเอ๋ 098-2599091,พลาสติกม้วนใส,อะไหล่อื่นๆ,0,4418
ค่าพลาสติกม้วนใส 60หลา         (165*20ม้วน) + VAT 7%   ,หจก. พีอาร์โอ ซัพพลาย,20,165.0,3531.0,,2567-08-07,, คุณเอ๋ 098-2599091,พลาสติกม้วนใส,อะไหล่อื่นๆ,0,4419
เทปพันสายไฟ 3M สีดำ,หจก. พีอาร์โอ ซัพพลาย,1,150.0,150.0,,2563-02-17,,ศรีสยาม,เทปพันสายไฟ,อะไหล่อื่นๆ,,4420
เทปพันสายไฟ 3M สีดำ,หจก. พีอาร์โอ ซัพพลาย,2,150.0,300.0,,2563-05-04,,ศรีสยาม,เทปพันสายไฟ,อะไหล่อื่นๆ,,4421
เทปพันสายไฟ 3M สีดำ,หจก. พีอาร์โอ ซัพพลาย,1,150.0,150.0,,2563-08-01,,ศรีสยาม,เทปพันสายไฟ,อะไหล่อื่นๆ,,4422
เทปพันสายไฟ 3M สีดำ,หจก. พีอาร์โอ ซัพพลาย,1,150.0,150.0,,2563-10-05,,ศรีสยาม,เทปพันสายไฟ,อะไหล่อื่นๆ,,4423
เทปพันสายไฟ 3M สีดำ,หจก. พีอาร์โอ ซัพพลาย,1,150.0,150.0,,2564-05-24,,ศรีสยาม,เทปพันสายไฟ,อะไหล่อื่นๆ,,4424
เทปพันสายไฟ 3M สีดำ,หจก. พีอาร์โอ ซัพพลาย,1,150.0,150.0,,2564-08-02,,ศรีสยาม,เทปพันสายไฟ,อะไหล่อื่นๆ,,4425
เทปพันสายไฟ 3M สีดำ,หจก. พีอาร์โอ ซัพพลาย,1,150.0,150.0,,2565-02-02,,ศรีสยาม,เทปพันสายไฟ,อะไหล่อื่นๆ,,4426
เทปพันสายไฟ 3M สีดำ,หจก. พีอาร์โอ ซัพพลาย,1,150.0,150.0,,2565-06-02,,ศรีสยาม,เทปพันสายไฟ,อะไหล่อื่นๆ,,4427
เทปพันสายไฟ 3M สีดำ,หจก. พีอาร์โอ ซัพพลาย,1,150.0,150.0,,2565-08-25,,ศรีสยาม,เทปพันสายไฟ,อะไหล่อื่นๆ,,4428
เทปพันสายไฟ 3M สีดำ,หจก. พีอาร์โอ ซัพพลาย,1,170.0,170.0,,2565-11-11,,ศรีสยาม,เทปพันสายไฟ,อะไหล่อื่นๆ,,4429
เทปพันสายไฟ 3M สีดำ,หจก. พีอาร์โอ ซัพพลาย,1,180.0,180.0,,2566-02-25,,ศรีสยาม,เทปพันสายไฟ,อะไหล่อื่นๆ,,4430
เทปพันสายไฟ 3M สีดำ,หจก. พีอาร์โอ ซัพพลาย,1,170.0,170.0,,2566-06-12,,ศรีสยาม,เทปพันสายไฟ,อะไหล่อื่นๆ,,4431
เทปพันสายไฟ 3M สีดำ,หจก. พีอาร์โอ ซัพพลาย,1,170.0,170.0,,2566-08-25,,ศรีสยาม,เทปพันสายไฟ,อะไหล่อื่นๆ,,4432
เทปพันสายไฟ 3M สีดำ,หจก. พีอาร์โอ ซัพพลาย,1,170.0,170.0,,2566-11-09,,ศรีสยาม,เทปพันสายไฟ,อะไหล่อื่นๆ,,4433
เทปพันสายไฟ 3M สีดำ (แพ็คละ10ม้วน),สั่งซื้อจาก Shopee,3,100.67,302.0,,2567-03-20,,ราคารวมค่าส่งแล้ว,เทปพันสายไฟ,อะไหล่อื่นๆ,,4434
เทปพันสายไฟ 3M สีดำ (แพ็คละ10ม้วน),สั่งซื้อจาก Shopee,1,180.0,180.0,,2568-01-13,,ศรีสยาม,เทปพันสายไฟ,อะไหล่อื่นๆ,,4435
เทปพันสายไฟ 3M สีดำ (แพ็คละ10ม้วน),สั่งซื้อจาก Shopee,1,180.0,180.0,,2568-04-02,,ศรีสยาม,เทปพันสายไฟ,อะไหล่อื่นๆ,,4436
เทปพันสายไฟ 3M สีดำ (แพ็คละ10ม้วน),สั่งซื้อจาก Shopee,3,105.0,315.0,,2568-06-25,,ราคารวมค่าส่งแล้ว,เทปพันสายไฟ,อะไหล่อื่นๆ,,4437
เทปพันเกลียว Eagle 12M  (20ม้วน),สั่งซื้อจาก Shopee,1,250.0,250.0,,2563-10-05,,ศรีสยาม,เทปพันเกลียว,อะไหล่อื่นๆ,,4438
เทปพันเกลียว Eagle 12M  ,สั่งซื้อจาก Shopee,10,15.0,150.0,,2565-06-02,,ศรีสยาม,เทปพันเกลียว,อะไหล่อื่นๆ,,4439
"สก๊อตเทปใส UNITAPE 3/4""*36Y (แพ็คละ4ม้วน)",Makro,1,109.0,109.0,,2567-05-10,,,สก๊อตเทปใส,อะไหล่อื่นๆ,,4440
"สก๊อตเทปใส Louis Tpae 3/4""*36Y (แพ็คละ8ม้วน)",Shoppee,2,137.5,275.0,,2569-02-15,,,สก๊อตเทปใส,อะไหล่อื่นๆ,,4441
สก๊อตไบร์ท 4*6นิ้วแผงละ20แผ่น,Makro,2,229.0,458.0,,2567-08-20,,,สก๊อตไบร์ท,อะไหล่อื่นๆ,,4442
เทปใสม้วนใหญ่ 2นิ้ว*45หลา (แพ็คละ 12ม้วน),ไทวัสดุ,2,183.0,366.0,,2567-07-04,,,เทปใสม้วนใหญ่,อะไหล่อื่นๆ,,4443
เทปใสม้วนใหญ่ 2นิ้ว*45หลา (แพ็คละ 12ม้วน),Makro,1,139.0,139.0,,2567-10-22,,,เทปใสม้วนใหญ่,อะไหล่อื่นๆ,,4444
เทปใสม้วนใหญ่ 45มม.*100หลา ,Shoppee,12,16.17,194.04000000000002,,2568-07-09,,,เทปใสม้วนใหญ่,อะไหล่อื่นๆ,,4445
เทปผ้าสี 36มม.*10หลา (แพ็คละ3ม้วน) ยี่ห้อ ARO,Makro,3,122.0,366.0,,2567-05-10,,,เทปผ้าสี,อะไหล่อื่นๆ,,4446
เทปผ้าสี 36มม.*10หลา (แพ็คละ3ม้วน) ยี่ห้อ คิวบิซ,Makro,2,122.0,244.0,,2567-08-20,,,เทปผ้าสี,อะไหล่อื่นๆ,,4447
เทปผ้าสี 48มม.*8หลา ,Shoppee,12,24.0,288.0,,2568-07-09,,,เทปผ้าสี,อะไหล่อื่นๆ,,4448
ดอกสว่านเจาะเหล็ก 3/8 นิ้ว FUSUN สีขาว,ศรีสยาม,6,74.0,444.0,,2563-02-20,,,ดอกสว่าน,อะไหล่อื่นๆ,,4449
ดอกสว่านเจาะเหล็ก 3/8 นิ้ว FUSUN สีขาว,ศรีสยาม,6,74.0,444.0,,2565-06-21,,,ดอกสว่าน,อะไหล่อื่นๆ,,4450
ดอกสว่านเจาะเหล็ก 3/8 นิ้ว FUSUN สีขาว,ศรีสยาม,6,74.0,444.0,,2565-12-17,,,ดอกสว่าน,อะไหล่อื่นๆ,,4451
ดอกสว่านเจาะเหล็ก 3/8 นิ้ว FUSUN สีขาว,ศรีสยาม,6,75.0,450.0,,2567-04-24,,,ดอกสว่าน,อะไหล่อื่นๆ,,4452
ดอกสว่านเจาะเหล็ก 1/4 นิ้ว FUSUN สีขาว,ศรีสยาม,12,33.0,396.0,,2563-07-10,,,ดอกสว่าน,อะไหล่อื่นๆ,,4453
ดอกสว่านเจาะเหล็ก 1/4 นิ้ว FUSUN สีขาว,ศรีสยาม,12,33.0,396.0,,2564-03-19,,,ดอกสว่าน,อะไหล่อื่นๆ,,4454
ดอกสว่านเจาะเหล็ก 1/4 นิ้ว FUSUN สีขาว,ศรีสยาม,12,37.0,444.0,,2565-12-20,,,ดอกสว่าน,อะไหล่อื่นๆ,,4455
ดอกสว่านเจาะเหล็ก 1/4 นิ้ว FUSUN สีขาว,ศรีสยาม,12,36.0,432.0,,2567-04-24,,,ดอกสว่าน,อะไหล่อื่นๆ,,4456
ดอกสว่านเจาะเหล็ก 1/4 นิ้ว FUSUN สีขาว,ศรีสยาม,12,36.0,432.0,,2568-05-10,,,ดอกสว่าน,อะไหล่อื่นๆ,,4457
ดอกสว่านเจาะเหล็ก 1/8 นิ้ว FUSUN สีขาว,ศรีสยาม,24,12.0,288.0,,2563-04-10,,,ดอกสว่าน,อะไหล่อื่นๆ,,4458
ดอกสว่านเจาะเหล็ก 1/8 นิ้ว FUSUN สีขาว,ศรีสยาม,12,12.0,144.0,,2563-07-10,,,ดอกสว่าน,อะไหล่อื่นๆ,,4459
ดอกสว่านเจาะเหล็ก 1/8 นิ้ว FUSUN สีขาว,ศรีสยาม,12,12.0,144.0,,2563-08-08,,,ดอกสว่าน,อะไหล่อื่นๆ,,4460
ดอกสว่านเจาะเหล็ก 1/8 นิ้ว FUSUN สีขาว,ศรีสยาม,12,12.0,144.0,,2564-03-19,,,ดอกสว่าน,อะไหล่อื่นๆ,,4461
ดอกสว่านเจาะเหล็ก 1/8 นิ้ว FUSUN สีขาว,ศรีสยาม,12,12.0,144.0,,2564-07-26,,,ดอกสว่าน,อะไหล่อื่นๆ,,4462
ดอกสว่านเจาะเหล็ก 1/8 นิ้ว FUSUN สีขาว,ศรีสยาม,12,12.0,144.0,,2565-03-05,,,ดอกสว่าน,อะไหล่อื่นๆ,,4463
ดอกสว่านเจาะเหล็ก 1/8 นิ้ว FUSUN สีขาว,ศรีสยาม,12,12.0,144.0,,2565-10-03,,,ดอกสว่าน,อะไหล่อื่นๆ,,4464
ดอกสว่านเจาะเหล็ก 1/8 นิ้ว FUSUN สีขาว,ศรีสยาม,12,14.0,168.0,,2565-12-20,,,ดอกสว่าน,อะไหล่อื่นๆ,,4465
ดอกสว่านเจาะเหล็ก 1/8 นิ้ว FUSUN สีขาว,ศรีสยาม,24,14.0,336.0,,2566-06-07,,,ดอกสว่าน,อะไหล่อื่นๆ,,4466
ดอกสว่านเจาะเหล็ก 1/8 นิ้ว FUSUN สีขาว,ศรีสยาม,24,12.84,308.15999999999997,,2567-02-23,,,ดอกสว่าน,อะไหล่อื่นๆ,,4467
ดอกสว่านเจาะเหล็ก 1/8 นิ้ว FUSUN สีขาว,ศรีสยาม,12,15.0,180.0,,2568-01-30,,,ดอกสว่าน,อะไหล่อื่นๆ,,4468
ดอกสว่านเจาะเหล็ก 1/8 นิ้ว FUSUN สีขาว,ศรีสยาม,12,15.0,180.0,,2568-07-10,,,ดอกสว่าน,อะไหล่อื่นๆ,,4469
ดอกสว่านเจาะเหล็ก 3/16 นิ้ว Keiba สีขาว,ศรีสยาม,12,27.0,324.0,,2563-07-10,,,ดอกสว่าน,อะไหล่อื่นๆ,,4470
ดอกสว่านเจาะเหล็ก 3/16 นิ้ว Keiba สีขาว,ศรีสยาม,12,23.0,276.0,,2564-03-19,,,ดอกสว่าน,อะไหล่อื่นๆ,,4471
ดอกสว่านเจาะเหล็ก 3/16 นิ้ว FUSUNสีขาว,ศรีสยาม,12,25.0,300.0,,2565-06-10,,,ดอกสว่าน,อะไหล่อื่นๆ,,4472
ดอกสว่านเจาะเหล็ก 3/16 นิ้ว FUSUNสีขาว,ศรีสยาม,10,25.0,250.0,,2566-02-25,,,ดอกสว่าน,อะไหล่อื่นๆ,,4473
ดอกสว่านเจาะเหล็ก 3/16 นิ้ว FUSUNสีขาว,ศรีสยาม,12,25.0,300.0,,2566-09-25,,,ดอกสว่าน,อะไหล่อื่นๆ,,4474
ดอกสว่านเจาะเหล็ก 3/16 นิ้ว FUSUNสีขาว,ศรีสยาม,12,23.0,276.0,,2568-02-14,,,ดอกสว่าน,อะไหล่อื่นๆ,,4475
ดอกสว่านเจาะเหล็ก 3/16 นิ้ว FUSUNสีขาว,ศรีสยาม,12,23.0,276.0,,2568-08-08,,,ดอกสว่าน,อะไหล่อื่นๆ,,4476
ดอกสว่านเจาะเหล็ก 5/16 นิ้ว FUSUN สีขาว,ศรีสยาม,6,58.0,348.0,,2563-07-10,,,ดอกสว่าน,อะไหล่อื่นๆ,,4477
ดอกสว่านเจาะเหล็ก 5/16 นิ้ว FUSUN สีขาว,ศรีสยาม,6,58.0,348.0,,2563-12-11,,,ดอกสว่าน,อะไหล่อื่นๆ,,4478
ดอกสว่านเจาะเหล็ก 5/16 นิ้ว FUSUN สีขาว,ศรีสยาม,6,58.0,348.0,,2564-03-19,,,ดอกสว่าน,อะไหล่อื่นๆ,,4479
ดอกสว่านเจาะเหล็ก 5/16 นิ้ว FUSUN สีขาว,ศรีสยาม,6,58.0,348.0,,2564-05-24,,,ดอกสว่าน,อะไหล่อื่นๆ,,4480
ดอกสว่านเจาะเหล็ก 5/16 นิ้ว FUSUN สีขาว,ศรีสยาม,6,58.0,348.0,,2564-10-09,,,ดอกสว่าน,อะไหล่อื่นๆ,,4481
ดอกสว่านเจาะเหล็ก 5/16 นิ้ว FUSUN สีขาว,ศรีสยาม,6,60.0,360.0,,2565-02-09,,,ดอกสว่าน,อะไหล่อื่นๆ,,4482
ดอกสว่านเจาะเหล็ก 5/16 นิ้ว FUSUN สีขาว,ศรีสยาม,6,60.0,360.0,,2565-04-18,,,ดอกสว่าน,อะไหล่อื่นๆ,,4483
ดอกสว่านเจาะเหล็ก 5/16 นิ้ว FUSUN สีขาว,ศรีสยาม,6,60.0,360.0,,2565-05-27,,,ดอกสว่าน,อะไหล่อื่นๆ,,4484
ดอกสว่านเจาะเหล็ก 5/16 นิ้ว FUSUN สีขาว,ศรีสยาม,6,60.0,360.0,,2565-06-21,,,ดอกสว่าน,อะไหล่อื่นๆ,,4485
ดอกสว่านเจาะเหล็ก 5/16 นิ้ว FUSUN สีขาว,ศรีสยาม,6,65.0,390.0,,2565-08-08,,,ดอกสว่าน,อะไหล่อื่นๆ,,4486
ดอกสว่านเจาะเหล็ก 5/16 นิ้ว FUSUN สีขาว,ศรีสยาม,6,65.0,390.0,,2565-10-03,,,ดอกสว่าน,อะไหล่อื่นๆ,,4487
ดอกสว่านเจาะเหล็ก 5/16 นิ้ว FUSUN สีขาว,ศรีสยาม,6,65.0,390.0,,2565-10-26,,,ดอกสว่าน,อะไหล่อื่นๆ,,4488
ดอกสว่านเจาะเหล็ก 5/16 นิ้ว FUSUN สีขาว,ศรีสยาม,6,65.0,390.0,,2565-12-17,,,ดอกสว่าน,อะไหล่อื่นๆ,,4489
ดอกสว่านเจาะเหล็ก 5/16 นิ้ว FUSUN สีขาว,ศรีสยาม,12,65.0,780.0,,2566-02-25,,,ดอกสว่าน,อะไหล่อื่นๆ,,4490
ดอกสว่านเจาะเหล็ก 5/16 นิ้ว FUSUN สีขาว,ศรีสยาม,12,65.0,780.0,,2566-04-26,,,ดอกสว่าน,อะไหล่อื่นๆ,,4491
ดอกสว่านเจาะเหล็ก 5/16 นิ้ว FUSUN สีขาว,ศรีสยาม,12,65.0,780.0,,2567-01-06,,,ดอกสว่าน,อะไหล่อื่นๆ,,4492
ดอกสว่านเจาะเหล็ก 5/16 นิ้ว FUSUN สีขาว,ศรีสยาม,6,70.0,420.0,,2567-04-24,,,ดอกสว่าน,อะไหล่อื่นๆ,,4493
ดอกสว่านเจาะเหล็ก 5/16 นิ้ว FUSUN สีขาว,ศรีสยาม,6,70.0,420.0,,2567-06-20,,,ดอกสว่าน,อะไหล่อื่นๆ,,4494
ดอกสว่านเจาะเหล็ก 5/16 นิ้ว FUSUN สีขาว,ศรีสยาม,6,70.0,420.0,,2567-08-20,,,ดอกสว่าน,อะไหล่อื่นๆ,,4495
ดอกสว่านเจาะเหล็ก 5/16 นิ้ว FUSUN สีขาว,ศรีสยาม,6,70.0,420.0,,2567-10-18,,,ดอกสว่าน,อะไหล่อื่นๆ,,4496
ดอกสว่านเจาะเหล็ก 5/16 นิ้ว FUSUN สีขาว,ศรีสยาม,12,63.0,756.0,,2568-02-14,,ราคารวม VAT แล้ว,ดอกสว่าน,อะไหล่อื่นๆ,,4497
ดอกสว่านเจาะเหล็ก 5/16 นิ้ว FUSUN สีขาว,ศรีสยาม,6,63.0,378.0,,2568-08-08,,,ดอกสว่าน,อะไหล่อื่นๆ,,4498
ดอกสว่านเจาะเหล็ก 5/16 นิ้ว FUSUN สีขาว,ศรีสยาม,12,65.42,839.9928,785.04,2568-09-30,,,ดอกสว่าน,อะไหล่อื่นๆ,,4499
ดอกสว่านเจาะเหล็ก 5/32 นิ้ว Keiba สีขาว,ศรีสยาม,12,20.0,240.0,,2563-07-10,,,ดอกสว่าน,อะไหล่อื่นๆ,,4500
ดอกสว่านเจาะเหล็ก 5/32 นิ้ว Keiba สีขาว,ศรีสยาม,12,23.0,276.0,,2565-08-08,,,ดอกสว่าน,อะไหล่อื่นๆ,,4501
ลวดเชื่อมทองแดง 2.0,ศรีสยาม,5,60.0,300.0,,2563-02-24,,,ลวดเชื่อม,อะไหล่อื่นๆ,,4502
ลวดเชื่อมทองแดง 2.0,ศรีสยาม,1,550.0,550.0,,2563-08-07,,,ลวดเชื่อม,อะไหล่อื่นๆ,,4503
ลวดเชื่อมทองแดง 2.0,ศรีสยาม,1,550.0,550.0,,2564-06-01,,,ลวดเชื่อม,อะไหล่อื่นๆ,,4504
ลวดเชื่อมทองแดง 2.0,ศรีสยาม,1,550.0,550.0,,2565-05-09,,,ลวดเชื่อม,อะไหล่อื่นๆ,,4505
ลวดเชื่อมทองแดง 2.0,ศรีสยาม,1,620.0,620.0,,2566-03-23,,,ลวดเชื่อม,อะไหล่อื่นๆ,,4506
ลวดเชื่อมทองเหลือง 2.4 mm. Kovet น้ำยาในตัว,ศรีสยาม,2,35.0,70.0,,2564-08-10,,,ลวดเชื่อม,อะไหล่อื่นๆ,,4507
ลวดเชื่อมทองเหลือง 2.4 mm. Kovet น้ำยาในตัว,ศรีสยาม,2,35.0,70.0,,2569-01-27,,ศรีสยาม,ลวดเชื่อม,อะไหล่อื่นๆ,,4508
ลวดเชื่อม KOBE-30 2.6M,ศรีสยาม,1,1130.0,1130.0,,2563-12-25,,,ลวดเชื่อม,อะไหล่อื่นๆ,,4509
ลวดเชื่อม KOBE-30 2.6M  (กล่องละ 112บาท*10อัน),ไทวัสดุ,1,1120.0,1120.0,,2564-02-12,,,ลวดเชื่อม,อะไหล่อื่นๆ,,4510
ลวดเชื่อม KOBE-30 2.6M  (กล่องละ 112บาท*10อัน),ไทวัสดุ,1,1120.0,1120.0,,2564-02-12,,,ลวดเชื่อม,อะไหล่อื่นๆ,,4511
ลวดเชื่อม KOBE-30 3.2M,ศรีสยาม,1,1080.0,1080.0,,2563-12-25,,,ลวดเชื่อม,อะไหล่อื่นๆ,,4512
ลวดเชื่อม CO2 0.8mm  KOVET,ศรีสยาม,1,850.0,850.0,,2563-11-25,,,ลวดเชื่อม,อะไหล่อื่นๆ,,4513
ลวดเชื่อม CO2 0.8mm  KOVET,ศรีสยาม,1,950.0,950.0,,2564-09-27,,,ลวดเชื่อม,อะไหล่อื่นๆ,,4514
ลวดเชื่อม CO2 0.8mm  KOVET,ศรีสยาม,1,950.0,950.0,,2564-12-02,,,ลวดเชื่อม,อะไหล่อื่นๆ,,4515
ลวดเชื่อม CO2 0.8mm  KOVET,ศรีสยาม,1,1030.0,1030.0,,2565-08-29,,,ลวดเชื่อม,อะไหล่อื่นๆ,,4516
ลวดเชื่อม CO2 0.8mm  KOVET,ศรีสยาม,1,1030.0,1030.0,,2566-01-27,,,ลวดเชื่อม,อะไหล่อื่นๆ,,4517
ลวดเชื่อม CO2 0.8mm  KOVET,ศรีสยาม,2,1030.0,2060.0,,2566-03-08,,,ลวดเชื่อม,อะไหล่อื่นๆ,,4518
ลวดเชื่อม CO2 0.8mm  KOVET,ศรีสยาม,1,1030.0,1030.0,,2566-12-14,,,ลวดเชื่อม,อะไหล่อื่นๆ,,4519
ลวดเชื่อม CO2 0.8mm  KOVET,ศรีสยาม,1,1030.0,1030.0,,2567-02-15,,,ลวดเชื่อม,อะไหล่อื่นๆ,,4520
ลวดเชื่อม CO2 0.8mm  KOVET,ศรีสยาม,1,1030.0,1030.0,,2567-06-25,,,ลวดเชื่อม,อะไหล่อื่นๆ,,4521
ลวดเชื่อม CO2 0.8mm  KOVET,ศรีสยาม,1,1030.0,1030.0,,2568-02-17,,ราคารวม VAT แล้ว,ลวดเชื่อม,อะไหล่อื่นๆ,,4522
ลวดเชื่อม CO2 0.8mm  KOVET,ศรีสยาม,1,1030.0,1030.0,,2568-05-05,,ราคารวม VAT แล้ว,ลวดเชื่อม,อะไหล่อื่นๆ,,4523
ลวดเชื่อม CO2 0.8mm  KOVET,Shopee,1,690.0,690.0,,2568-06-07,,ราคารวมค่าส่งแล้ว,ลวดเชื่อม,อะไหล่อื่นๆ,,4524
ลวดขาว เบอร์16 (ใช้แขวนอะไหล่แผนกสี) -- ม้วนละ1กิโล,ศรีสยาม,2,46.0,92.0,,2567-05-24,,,ลวดเชื่อม,อะไหล่อื่นๆ,,4525
ลวดขาว เบอร์16 (ใช้แขวนอะไหล่แผนกสี) -- ม้วนละ1กิโล,ร้านวัสดุก่อสร้าง,2,55.0,110.0,,2567-08-20,,,ลวดเชื่อม,อะไหล่อื่นๆ,,4526
ลวดเชื่อมเหล็กหล่อ G55 Yawata 2.6MM,ศรีสยาม,3,50.0,150.0,,2565-11-23,,,ลวดเชื่อม,อะไหล่อื่นๆ,,4527
ลวดเชื่อมแสตนเลส (ขายเป็นกล่อง),ร้านวัสดุก่อสร้าง,2,350.0,700.0,,2566-09-21,,พี่ราญไปซื้อ,ลวดเชื่อม,อะไหล่อื่นๆ,,4528
ปืนเชื่อมแก๊ส AC KOVET (WT02-SAC),ศรีสยาม,1,579.44,620.0008000000001,579.44,2569-01-09,,,ปืนเชื่อมแก๊ส AC,อะไหล่อื่นๆ,รวม VAT=,4529
ปืนเชื่อมแก๊ส AC KOVET (WT02-SAC),ศรีสยาม,1,579.44,620.0008000000001,579.44,2569-01-07,,,ปืนเชื่อมแก๊ส AC,อะไหล่อื่นๆ,รวม VAT=,4530
หัวเครื่องเชื่อม CO2 15AK Shield cup (หัวใหญ่) -- ทองแดง,ทาเลนท์,4,220.0,880.0,,2564-08-16,,ราคายังไม่รวม VAT 7%,หัวเครื่องเชื่อม,อะไหล่อื่นๆ,,4531
หัวเครื่องเชื่อม CO2 15AK Shield cup (หัวใหญ่) -- ทองแดง,ทาเลนท์,5,220.0,1100.0,,2565-07-07,IB3003750,,หัวเครื่องเชื่อม,อะไหล่อื่นๆ,,4532
หัวเครื่องเชื่อม CO2 15AK Shield cup (หัวใหญ่) -- ทองแดง,ทาเลนท์,5,220.0,1100.0,,2567-03-18,IV2230655,ราคายังไม่รวม VAT 7%,หัวเครื่องเชื่อม,อะไหล่อื่นๆ,,4533
หัวเครื่องเชื่อม CO2 15AK Shield cup (หัวใหญ่) -- ทองแดง,ทาเลนท์,5,220.0,1100.0,,2567-10-24,IV2242852,ราคายังไม่รวม VAT 7%,หัวเครื่องเชื่อม,อะไหล่อื่นๆ,,4534
หัวเครื่องเชื่อม CO2 Front adaptor,ทาเลนท์,5,275.0,1375.0,,2565-07-07,IB3003750,,หัวเครื่องเชื่อม,อะไหล่อื่นๆ,,4535
หัวเครื่องเชื่อม CO2 Front adaptor,ทาเลนท์,5,275.0,1375.0,,2567-03-18,IV2230655,ราคายังไม่รวม VAT 7%,หัวเครื่องเชื่อม,อะไหล่อื่นๆ,,4536
หัวเครื่องเชื่อม CO2 หัว Tip 0.8,ทาเลนท์,5,65.0,325.0,,2565-07-07,IB3003750,,หัวเครื่องเชื่อม,อะไหล่อื่นๆ,,4537
หัวเครื่องเชื่อม CO2 หัว Tip 0.8,ทาเลนท์,5,65.0,325.0,,2566-10-17,IV2222057,,หัวเครื่องเชื่อม,อะไหล่อื่นๆ,,4538
หัวเครื่องเชื่อม CO2 หัว Tip 0.8,ทาเลนท์,1,65.0,65.0,,2567-03-18,IV2230655,ราคายังไม่รวม VAT 7%,หัวเครื่องเชื่อม,อะไหล่อื่นๆ,,4539
หัวเครื่องเชื่อม CO2 หัว Tip 0.8,ทาเลนท์,4,65.0,260.0,,2567-03-20,IV2230759,ราคายังไม่รวม VAT 7%,หัวเครื่องเชื่อม,อะไหล่อื่นๆ,,4540
หัวเครื่องเชื่อม CO2 หัว Tip 0.8,ทาเลนท์,5,65.0,347.75,325.0,2568-06-07,IV6809132,,หัวเครื่องเชื่อม,อะไหล่อื่นๆ,0.07,4541
แท่งคาร์บอน ไล่บวม เครื่องเชื่อม CO2 Carbon rod,ทาเลนท์,2,36.0,72.0,,2565-11-23,IV2207094,ราคายังไม่รวม VAT 7%,หัวเครื่องเชื่อม,อะไหล่อื่นๆ,,4542
แท่งคาร์บอน ไล่บวม เครื่องเชื่อม CO2 Carbon rod,ทาเลนท์,2,39.0,78.0,,2568-02-04,IV6801996,ราคายังไม่รวม VAT 7%,หัวเครื่องเชื่อม,อะไหล่อื่นๆ,,4543
หัวกระตุกเครื่องเชื่อม CO2,บจก. 8อินไฟนน์ คอร์ปอเรชั่น,3,481.5,1444.5,,2568-05-02,,ราคารวม VAT แล้ว/คุณไพศาล,หัวเครื่องเชื่อม,อะไหล่อื่นๆ,,4544
หัวเชื่อมแก๊ส NO.25 Magna AC,ศรีสยาม,1,46.73,50.001099999999994,46.73,2569-01-09,,,หัวเครื่องเชื่อม,อะไหล่อื่นๆ,0.07,4545
หัวเชื่อมแก๊ส NO.75 Magna AC,ศรีสยาม,1,46.73,50.001099999999994,46.73,2569-01-09,,,หัวเครื่องเชื่อม,อะไหล่อื่นๆ,0.07,4546
หัวเชื่อมแก๊ส NO.100 Magna AC,ศรีสยาม,1,46.73,50.001099999999994,46.73,2569-01-09,,,หัวเครื่องเชื่อม,อะไหล่อื่นๆ,0.07,4547
สายไฟเครื่องเชื่อม CO2 ขนาด 70QM/2000 สีส้ม (ราคาต่อเมตร),ศรีสยาม,13,158.88,2210.0208000000002,2065.44,2569-02-17,,,สายไฟเครื่องเชื่อม CO2,อะไหล่อื่นๆ,1.07,4548
สายไฟเครื่องเชื่อม CO2 ขนาด 70QM/2000 สีส้ม (ราคาต่อเมตร),ศรีสยาม,2,158.88,340.0032,317.76,2569-02-17,,,สายไฟเครื่องเชื่อม CO2,อะไหล่อื่นๆ,1.07,4549
หางปลาทองแดง ประกอบสายไฟเครื่องเชื่อม 5/16,ศรีสยาม,8,13.08,111.96480000000001,104.64,2569-02-17,,,สายไฟเครื่องเชื่อม CO2,อะไหล่อื่นๆ,1.07,4550
หางปลาทองแดง ประกอบสายไฟเครื่องเชื่อม 5/16,ศรีสยาม,1,13.08,13.995600000000001,13.08,2569-02-17,,,สายไฟเครื่องเชื่อม CO2,อะไหล่อื่นๆ,1.07,4551
น้ำยาเชื่อมCO2,Shoppee,1,165.0,165.0,,2568-06-07,,พี่เอกสั่งซื้อ,น้ำยาเชื่อมCO2,อะไหล่อื่นๆ,,4552
ถุงมือยาง หนา 14 ยาว 12 นิ้ว,ไทวัสดุ,12,22.92,275.0,,2562-09-26,,,ถุงมือยาง,อะไหล่อื่นๆ,,4553
ถุงมือยาง หนา 14 ยาว 12 นิ้ว,ไทวัสดุ,24,22.92,550.0,,2563-03-10,,,ถุงมือยาง,อะไหล่อื่นๆ,,4554
ถุงมือยาง หนา 14 ยาว 12 นิ้ว,ไทวัสดุ,12,22.92,275.0,,2563-04-28,,,ถุงมือยาง,อะไหล่อื่นๆ,,4555
ถุงมือยาง หนา 14 ยาว 12 นิ้ว,ไทวัสดุ,6,27.0,162.0,,2564-02-12,,,ถุงมือยาง,อะไหล่อื่นๆ,,4556
ถุงมือยาง หนา 14 ยาว 12 นิ้ว,ไทวัสดุ,24,27.0,648.0,,2564-03-23,,,ถุงมือยาง,อะไหล่อื่นๆ,,4557
ถุงมือยาง หนา 14 ยาว 12 นิ้ว,ไทวัสดุ,12,22.75,273.0,,2565-11-13,,,ถุงมือยาง,อะไหล่อื่นๆ,,4558
ถุงมือยางลาเท็กซ์ ไซด์ M สีส้ม,ไทวัสดุ,12,23.0,276.0,,2568-03-30,,,ถุงมือยาง,อะไหล่อื่นๆ,,4559
ถุงมือยางลาเท็กซ์ ไซด์ L สีส้ม,ไทวัสดุ,12,23.0,276.0,,2568-03-30,,,ถุงมือยาง,อะไหล่อื่นๆ,,4560
ถุงมือยาง ไซด์ M สีส้ม,Shopee,24,11.46,275.04,,2569-02-10,,,ถุงมือยาง,อะไหล่อื่นๆ,,4561
ถุงมือผ้า แบบ 400 กรัม,โรงงานจำเนียร,10,36.0,360.0,,2564-02-08,,,ถุงมือผ้า,อะไหล่อื่นๆ,,4562
ถุงมือผ้า แบบ 400 กรัม (แบบมีตำหนิ),โรงงานจำเนียร,10,20.0,200.0,,2564-05-04,,,ถุงมือผ้า,อะไหล่อื่นๆ,,4563
ถุงมือผ้า แบบ 400 กรัม ,โรงงานจำเนียร,10,40.0,400.0,,2565-08-17,,,ถุงมือผ้า,อะไหล่อื่นๆ,,4564
ถุงมือผ้า แบบ 400 กรัม (แบบมีตำหนิ),โรงงานจำเนียร,10,20.0,200.0,,2567-07-19,,,ถุงมือผ้า,อะไหล่อื่นๆ,,4565
ผ้าปิดจมูก สีขาว,โรงงานจำเนียร,10,35.0,350.0,,2564-02-08,,,ผ้าปิดจมูก,อะไหล่อื่นๆ,,4566
ใบเลื่อย แบบ 24 ฟัน  Handi,ไทวัสดุ,72,5.75,414.0,,2563-03-10,,ราคายังไม่หักส่วนลด/ยังไม่รวม VAT,ใบเลื่อย,อะไหล่อื่นๆ,,4567
ใบเลื่อย แบบ 24 ฟัน  Handi,ไทวัสดุ,60,5.75,345.0,,2563-03-24,,ราคายังไม่หักส่วนลด/ยังไม่รวม VAT,ใบเลื่อย,อะไหล่อื่นๆ,,4568
ใบเลื่อยตัดเหล็ก แบบ 18 ฟัน  Lobster 12นิ้ว (แพ็คละ3อัน) @11 บาท,ไทวัสดุ,4,33.0,132.0,,2566-03-02,,ราคายังไม่หักส่วนลด/ยังไม่รวม VAT,ใบเลื่อย,อะไหล่อื่นๆ,,4569
ใบเลื่อย แบบ 24 ฟัน ตัดเหล็กคาร์บอน Workpro (แพ็คละ10อัน) 2แพ็ค,ไทวัสดุ,20,9.3,186.0,,2567-04-09,,ราคายังไม่หักส่วนลด/ยังไม่รวม VAT,ใบเลื่อย,อะไหล่อื่นๆ,,4570
"ใบเลื่อยตัดเหล็ก 4"" (4*1.2)",ไทวัสดุ,4,20.0,80.0,,2562-09-09,,,ใบเลื่อย,อะไหล่อื่นๆ,,4571
ใบเลื่อยตัดเหล็ก 18 ฟัน,ไทวัสดุ,3,32.0,96.0,,2562-09-09,,,ใบเลื่อย,อะไหล่อื่นๆ,,4572
ใบเลื่อยไฟฟ้า Bosch  S1122BF/2ชิ้น -- ต่อ 1 ซอง,ไทวัสดุ,3,420.0,1260.0,,2563-05-28,,,ใบเลื่อย,อะไหล่อื่นๆ,,4573
ใบเลื่อยไฟฟ้า Bosch  S1122BF/2ชิ้น -- ต่อ 1 ซอง,ไทวัสดุ,1,420.0,420.0,,2563-05-28,,,ใบเลื่อย,อะไหล่อื่นๆ,,4574
ใบเลื่อยไฟฟ้า Bosch  S1122BF/2ชิ้น -- ต่อ 1 ซอง,ไทวัสดุ,2,350.0,700.0,,2564-02-12,,,ใบเลื่อย,อะไหล่อื่นๆ,,4575
ใบเลื่อยไฟฟ้า Bosch  S1122BF/2ชิ้น -- ต่อ 1 ซอง,ไทวัสดุ,1,350.0,350.0,,2564-06-11,,,ใบเลื่อย,อะไหล่อื่นๆ,,4576
ใบเลื่อยไฟฟ้า Bosch  S1122BF/2ชิ้น -- ต่อ 1 ซอง,ไทวัสดุ,2,350.0,700.0,,2565-05-13,,,ใบเลื่อย,อะไหล่อื่นๆ,,4577
ใบเลื่อยไฟฟ้า Bosch  S1122BF/2ชิ้น -- ต่อ 1 ซอง,ไทวัสดุ,1,380.0,380.0,,2565-09-06,,,ใบเลื่อย,อะไหล่อื่นๆ,,4578
ใบเลื่อยไฟฟ้า Bosch  S1122BF/2ชิ้น -- ต่อ 1 ซอง,ไทวัสดุ,3,410.0,1230.0,,2567-02-05,,,ใบเลื่อย,อะไหล่อื่นๆ,,4579
ใบเลื่อยไฟฟ้า Bosch  S1122BF/2ชิ้น -- ต่อ 1 ซอง,ไทวัสดุ,3,410.0,1230.0,,2567-03-14,,,ใบเลื่อย,อะไหล่อื่นๆ,,4580
ใบเลื่อยไฟฟ้า Bosch  S1122BF/2ชิ้น -- ต่อ 1 ซอง,ไทวัสดุ,3,410.0,1230.0,,2567-04-09,,,ใบเลื่อย,อะไหล่อื่นๆ,,4581
ใบเลื่อยไฟฟ้า Bosch S1122BF9นิ้ว (แพ็คละ5อัน)+ค่าขนส่ง 29 บาท,Shopee,5,125.8,629.0,,2567-08-19,,,ใบเลื่อย,อะไหล่อื่นๆ,,4582
ใบเลื่อยไฟฟ้า Bosch S1122BF9นิ้ว (แพ็คละ5อัน)+ค่าขนส่ง 29 บาท,Shopee,5,125.8,629.0,,2567-09-27,,,ใบเลื่อย,อะไหล่อื่นๆ,,4583
ใบเลื่อยไฟฟ้า BOSCH S1122BF9นิ้ว ,Sopee,5,120.0,600.0,,2569-03-05,,แพ็คละ 5อัน,ใบเลื่อย,อะไหล่อื่นๆ,,4584
แผ่นเจียเหล็ก Pumpkin No.80 ขนาด 4 นิ้ว,ไทวัสดุ,30,15.0,450.0,,2562-09-09,,ราคายังไม่หักส่วนลด/ยังไม่รวม VAT,แผ่นเจียสแตนเลสบาง,อะไหล่อื่นๆ,,4585
แผ่นเจียเหล็ก Pumpkin No.80 ขนาด 4 นิ้ว,ไทวัสดุ,48,15.0,720.0,,2562-09-26,,ราคายังไม่หักส่วนลด/ยังไม่รวม VAT,แผ่นเจียสแตนเลสบาง,อะไหล่อื่นๆ,,4586
แผ่นเจียเหล็ก Pumpkin No.80 ขนาด 4 นิ้ว,ไทวัสดุ,36,15.0,540.0,,2563-03-10,,ราคายังไม่หักส่วนลด/ยังไม่รวม VAT,แผ่นเจียสแตนเลสบาง,อะไหล่อื่นๆ,,4587
แผ่นเจียเหล็ก Pumpkin No.80 ขนาด 4 นิ้ว,ไทวัสดุ,72,15.0,1080.0,,2563-03-24,,ราคายังไม่หักส่วนลด/ยังไม่รวม VAT,แผ่นเจียสแตนเลสบาง,อะไหล่อื่นๆ,,4588
แผ่นเจียเหล็ก Pumpkin No.80 ขนาด 4 นิ้ว,ไทวัสดุ,52,15.0,780.0,,2563-07-07,,ราคายังไม่หักส่วนลด/ยังไม่รวม VAT,แผ่นเจียสแตนเลสบาง,อะไหล่อื่นๆ,,4589
แผ่นเจียเหล็ก Pumpkin No.80 ขนาด 4 นิ้ว,ไทวัสดุ,50,15.0,750.0,,2563-11-07,,ราคายังไม่หักส่วนลด/ยังไม่รวม VAT,แผ่นเจียสแตนเลสบาง,อะไหล่อื่นๆ,,4590
แผ่นเจียเหล็ก Pumpkin No.80 ขนาด 4 นิ้ว,ไทวัสดุ,46,15.0,690.0,,2563-11-26,,ราคายังไม่หักส่วนลด/ยังไม่รวม VAT,แผ่นเจียสแตนเลสบาง,อะไหล่อื่นๆ,,4591
แผ่นเจียเหล็ก Pumpkin No.80 ขนาด 4 นิ้ว,ไทวัสดุ,50,15.0,750.0,,2563-12-25,,ราคายังไม่หักส่วนลด/ยังไม่รวม VAT,แผ่นเจียสแตนเลสบาง,อะไหล่อื่นๆ,,4592
แผ่นเจียเหล็ก Pumpkin No.80 ขนาด 4 นิ้ว,ไทวัสดุ,33,15.0,495.0,,2564-02-12,,ราคายังไม่หักส่วนลด/ยังไม่รวม VAT,แผ่นเจียสแตนเลสบาง,อะไหล่อื่นๆ,,4593
แผ่นเจียเหล็ก Pumpkin No.80 ขนาด 4 นิ้ว,ไทวัสดุ,68,15.0,1020.0,,2564-05-04,,ราคายังไม่หักส่วนลด/ยังไม่รวม VAT,แผ่นเจียสแตนเลสบาง,อะไหล่อื่นๆ,,4594
แผ่นเจียเหล็ก Pumpkin No.80 ขนาด 4 นิ้ว,ไทวัสดุ,49,15.0,735.0,,2564-06-11,,ราคายังไม่หักส่วนลด/ยังไม่รวม VAT,แผ่นเจียสแตนเลสบาง,อะไหล่อื่นๆ,,4595
แผ่นเจียเหล็ก Pumpkin No.80 ขนาด 4 นิ้ว,ไทวัสดุ,25,15.0,375.0,,2564-08-19,,ราคายังไม่หักส่วนลด/ยังไม่รวม VAT,แผ่นเจียสแตนเลสบาง,อะไหล่อื่นๆ,,4596
แผ่นเจียเหล็ก Pumpkin No.80 ขนาด 4 นิ้ว,ไทวัสดุ,73,15.0,1095.0,,2564-10-04,,ราคายังไม่หักส่วนลด/ยังไม่รวม VAT,แผ่นเจียสแตนเลสบาง,อะไหล่อื่นๆ,,4597
แผ่นเจียเหล็ก Pumpkin No.80 ขนาด 4 นิ้ว,ไทวัสดุ,49,15.0,686.0,,2564-11-01,,ราคายังไม่หักส่วนลด/ยังไม่รวม VAT,แผ่นเจียสแตนเลสบาง,อะไหล่อื่นๆ,,4598
แผ่นเจียเหล็ก Pumpkin No.80 ขนาด 4 นิ้ว,ไทวัสดุ,42,15.0,630.0,,2565-05-13,,ราคายังไม่หักส่วนลด/ยังไม่รวม VAT,แผ่นเจียสแตนเลสบาง,อะไหล่อื่นๆ,,4599
แผ่นเจียเหล็ก Pumpkin No.80 ขนาด 4 นิ้ว,ไทวัสดุ,60,15.0,900.0,,2565-09-06,,ราคายังไม่หักส่วนลด/ยังไม่รวม VAT,แผ่นเจียสแตนเลสบาง,อะไหล่อื่นๆ,,4600
แผ่นเจียเหล็ก Pumpkin No.80 ขนาด 4 นิ้ว,ไทวัสดุ,61,15.0,915.0,,2565-11-13,,ราคายังไม่หักส่วนลด/ยังไม่รวม VAT,แผ่นเจียสแตนเลสบาง,อะไหล่อื่นๆ,,4601
แผ่นเจียเหล็ก Alibaba PT KOVET ขนาด 4*1.0 นิ้ว,MEGA HOME,10,11.0,110.0,,2566-01-08,,ราคายังไม่หักส่วนลด/ยังไม่รวม VAT,แผ่นเจียสแตนเลสบาง,อะไหล่อื่นๆ,,4602
แผ่นเจียเหล็ก Pumpkin No.80 ขนาด 4 นิ้ว,ไทวัสดุ,54,15.0,810.0,,2566-02-20,,ราคายังไม่หักส่วนลด/ยังไม่รวม VAT,แผ่นเจียสแตนเลสบาง,อะไหล่อื่นๆ,,4603
แผ่นเจียเหล็ก Pumpkin No.80 ขนาด 4 นิ้ว,ไทวัสดุ,36,15.0,540.0,,2566-06-09,,ราคายังไม่หักส่วนลด/ยังไม่รวม VAT,แผ่นเจียสแตนเลสบาง,อะไหล่อื่นๆ,,4604
แผ่นเจียเหล็ก Pumpkin No.80 ขนาด 4 นิ้ว,ไทวัสดุ,49,15.0,735.0,,2566-08-27,,ราคายังไม่หักส่วนลด/ยังไม่รวม VAT,แผ่นเจียสแตนเลสบาง,อะไหล่อื่นๆ,,4605
แผ่นเจียเหล็ก Pumpkin No.80 ขนาด 4 นิ้ว,ไทวัสดุ,41,15.0,615.0,,2566-10-18,,ราคายังไม่หักส่วนลด/ยังไม่รวม VAT,แผ่นเจียสแตนเลสบาง,อะไหล่อื่นๆ,,4606
แผ่นเจียเหล็ก Pumpkin No.80 ขนาด 4 นิ้ว,ไทวัสดุ,20,15.0,300.0,,2566-12-11,,ราคายังไม่หักส่วนลด/ยังไม่รวม VAT,แผ่นเจียสแตนเลสบาง,อะไหล่อื่นๆ,,4607
แผ่นเจียเหล็ก Pumpkin No.80 ขนาด 4 นิ้ว,ไทวัสดุ,38,15.0,570.0,,2567-01-16,,ราคายังไม่หักส่วนลด/ยังไม่รวม VAT,แผ่นเจียสแตนเลสบาง,อะไหล่อื่นๆ,,4608
แผ่นเจียเหล็ก Pumpkin No.80 ขนาด 4 นิ้ว,ไทวัสดุ,55,15.0,825.0,,2567-06-29,,ราคายังไม่หักส่วนลด/ยังไม่รวม VAT,แผ่นเจียสแตนเลสบาง,อะไหล่อื่นๆ,,4609
แผ่นเจียสแตนเลส Pumpkin WA80 ขนาด 4 นิ้ว*5มม.,ไทวัสดุ,40,15.0,600.0,,2567-10-14,,ราคายังไม่หักส่วนลด/ยังไม่รวม VAT,แผ่นเจียสแตนเลสบาง,อะไหล่อื่นๆ,,4610
แผ่นเจียสแตนเลส Pumpkin WA80 ขนาด 4 นิ้ว*5มม.,ไทวัสดุ,33,15.0,495.0,,2568-02-28,,ราคายังไม่หักส่วนลด/ยังไม่รวม VAT,แผ่นเจียสแตนเลสบาง,อะไหล่อื่นๆ,,4611
แผ่นเจียสแตนเลส Pumpkin WA80 ขนาด 4 นิ้ว*5มม.,ไทวัสดุ,35,15.0,525.0,,2568-04-22,,ราคายังไม่หักส่วนลด,แผ่นเจียสแตนเลสบาง,อะไหล่อื่นๆ,,4612
แผ่นเจียสแตนเลส Pumpkin WA80 ขนาด 4 นิ้ว*5มม.,ไทวัสดุ,15,15.0,225.0,,2568-06-13,,ราคายังไม่หักส่วนลด,แผ่นเจียสแตนเลสบาง,อะไหล่อื่นๆ,,4613
แผ่นเจียสแตนเลส Pumpkin WA80 ขนาด 4 นิ้ว*5มม.,Shopee,30,13.5,405.0,,2568-06-13,,,แผ่นเจียสแตนเลสบาง,อะไหล่อื่นๆ,,4614
แผ่นเจียสแตนเลส Pumpkin WA80 ขนาด 4 นิ้ว*5มม.,ไทวัสดุ,26,15.0,390.0,,2568-09-26,,ราคายังไม่หักส่วนลด,แผ่นเจียสแตนเลสบาง,อะไหล่อื่นๆ,,4615
แผ่นเจียสแตนเลส Pumpkin WA80 ขนาด 4 นิ้ว*5มม.,Shopee,50,13.88,694.0,,2569-01-20,,,แผ่นเจียสแตนเลสบาง,อะไหล่อื่นๆ,,4616
แผ่นตัดเหล็ก Gianttech 4นิ้ว สีดำ,ไทวัสดุ,15,18.0,270.0,,2564-05-04,,ราคายังไม่หักส่วนลด/ยังไม่รวม VAT,แผ่นเจียสแตนเลสบาง,อะไหล่อื่นๆ,,4617
แผ่นตัดเหล็ก Gianttech 4นิ้ว สีดำ,ไทวัสดุ,37,18.0,666.0,,2564-08-19,,ราคายังไม่หักส่วนลด/ยังไม่รวม VAT,แผ่นเจียสแตนเลสบาง,อะไหล่อื่นๆ,,4618
แผ่นตัดเหล็ก Gianttech 4นิ้ว สีดำ,ไทวัสดุ,25,18.0,450.0,,2565-05-13,,ราคายังไม่หักส่วนลด/ยังไม่รวม VAT,แผ่นเจียสแตนเลสบาง,อะไหล่อื่นๆ,,4619
แผ่นตัดเหล็ก Gianttech 4นิ้ว สีดำ,ไทวัสดุ,28,18.0,504.0,,2565-09-06,,ราคายังไม่หักส่วนลด/ยังไม่รวม VAT,แผ่นเจียสแตนเลสบาง,อะไหล่อื่นๆ,,4620
แผ่นตัดเหล็ก Gianttech 4นิ้ว สีแดง,ไทวัสดุ,26,18.0,468.0,,2565-09-06,,ราคายังไม่หักส่วนลด/ยังไม่รวม VAT,แผ่นเจียสแตนเลสบาง,อะไหล่อื่นๆ,,4621
แผ่นตัดเหล็ก Gianttech 4นิ้ว สีแดง,ไทวัสดุ,25,18.0,450.0,,2565-11-13,,ราคายังไม่หักส่วนลด/ยังไม่รวม VAT,แผ่นเจียสแตนเลสบาง,อะไหล่อื่นๆ,,4622
แผ่นตัดเหล็ก Gianttech 4นิ้ว สีแดง,ไทวัสดุ,35,18.0,630.0,,2566-02-20,,ราคายังไม่หักส่วนลด/ยังไม่รวม VAT,แผ่นเจียสแตนเลสบาง,อะไหล่อื่นๆ,,4623
แผ่นตัดเหล็ก Gianttech 4นิ้ว A60TBF2,ไทวัสดุ,25,8.0,200.0,,2566-06-09,,ราคายังไม่หักส่วนลด/ยังไม่รวม VAT,แผ่นเจียสแตนเลสบาง,อะไหล่อื่นๆ,,4624
แผ่นตัดเหล็ก SUMO 4นิ้ว 1.0*16มม. สีดำ Fast cut,ไทวัสดุ,11,15.0,165.0,,2566-06-09,,ราคายังไม่หักส่วนลด/ยังไม่รวม VAT,แผ่นเจียสแตนเลสบาง,อะไหล่อื่นๆ,,4625
แผ่นตัดเหล็กแบบบาง Gianttech 4นิ้ว A60TBF2 100*1.0*16มม.,ไทวัสดุ,19,9.0,171.0,,2566-08-27,,ราคายังไม่หักส่วนลด/ยังไม่รวม VAT,แผ่นเจียสแตนเลสบาง,อะไหล่อื่นๆ,,4626
แผ่นตัดเหล็กแบบบาง Gianttech 4นิ้ว A60TBF2 100*1.0*16มม.,ไทวัสดุ,34,9.0,306.0,,2566-10-18,,ราคายังไม่หักส่วนลด/ยังไม่รวม VAT,แผ่นเจียสแตนเลสบาง,อะไหล่อื่นๆ,,4627
แผ่นตัดเหล็กแบบบาง Gianttech 4นิ้ว A60TBF2 100*1.0*16มม.,ไทวัสดุ,25,9.0,225.0,,2566-12-11,,ราคายังไม่หักส่วนลด/ยังไม่รวม VAT,แผ่นเจียสแตนเลสบาง,อะไหล่อื่นๆ,,4628
แผ่นตัดเหล็กแบบบาง Gianttech 4นิ้ว A60TBF2 100*1.0*16มม.,ไทวัสดุ,106,9.0,954.0,,2567-01-16,,ราคายังไม่หักส่วนลด/ยังไม่รวม VAT,แผ่นเจียสแตนเลสบาง,อะไหล่อื่นๆ,,4629
แผ่นตัดเหล็กแบบบาง Gianttech 4นิ้ว A60TBF2 100*1.0*16มม.,ไทวัสดุ,30,9.0,270.0,,2567-06-29,,ราคายังไม่หักส่วนลด/ยังไม่รวม VAT,แผ่นเจียสแตนเลสบาง,อะไหล่อื่นๆ,,4630
แผ่นตัดเหล็กแบบบาง Gianttech 4นิ้ว A60TBF2 100*1.0*16มม.,ไทวัสดุ,60,9.0,540.0,,2567-10-14,,ราคายังไม่หักส่วนลด/ยังไม่รวม VAT,แผ่นเจียสแตนเลสบาง,อะไหล่อื่นๆ,,4631
แผ่นตัดเหล็กแบบบาง Gianttech 4นิ้ว A60TBF2 100*1.0*16มม.,ไทวัสดุ,61,9.0,549.0,,2568-02-28,,ราคายังไม่หักส่วนลด/ยังไม่รวม VAT,แผ่นเจียสแตนเลสบาง,อะไหล่อื่นๆ,,4632
แผ่นตัดเหล็กแบบบาง Gianttech 4นิ้ว A60TBF2 100*1.0*16มม.,ไทวัสดุ,56,9.0,504.0,,2568-04-22,,ราคายังไม่หักส่วนลด,แผ่นเจียสแตนเลสบาง,อะไหล่อื่นๆ,,4633
แผ่นตัดเหล็กแบบบาง Gianttech 4นิ้ว A60TBF2 100*1.0*16มม.,ไทวัสดุ,80,9.0,720.0,,2568-09-26,,ราคายังไม่หักส่วนลด,แผ่นเจียสแตนเลสบาง,อะไหล่อื่นๆ,,4634
แผ่นตัด BOSCH 4นิ้ว สีดำ,ไทวัสดุ,10,38.0,380.0,,2563-07-07,,ราคายังไม่หักส่วนลด/ยังไม่รวม VAT,แผ่นเจียสแตนเลสบาง,อะไหล่อื่นๆ,,4635
แผ่นตัด BOSCH 4นิ้ว สีดำ,ไทวัสดุ,8,38.0,304.0,,2563-08-13,,ราคายังไม่หักส่วนลด/ยังไม่รวม VAT,แผ่นเจียสแตนเลสบาง,อะไหล่อื่นๆ,,4636
แผ่นตัดเหล็ก 14 นิ้ว SUMO (ลังละ 25 แผ่น),ศรีสยาม,1,69.6,1740.0,,2564-01-29,,,แผ่นตัดเหล็ก,อะไหล่อื่นๆ,,4637
ไพเมอร์กันสนิม  Glass Primer hamatite 150g. -- ขวดแก้ว ,ศรีสยาม,2,310.0,620.0,,2563-03-31,,,ไพเมอร์กันสนิม,อะไหล่อื่นๆ,,4638
ไพเมอร์กันสนิม  Glass Primer hamatite 150g. -- ขวดแก้ว ,ศรีสยาม,1,310.0,310.0,,2563-06-01,,,ทาขอบกระจกหน้า,อะไหล่อื่นๆ,,4639
ไพเมอร์กันสนิม  Glass Primer hamatite 150g. -- ขวดแก้ว ,ศรีสยาม,1,310.0,310.0,,2563-07-02,,,ทาขอบกระจกหน้า,อะไหล่อื่นๆ,,4640
ไพเมอร์กันสนิม  Glass Primer hamatite 150g. -- ขวดแก้ว ,ศรีสยาม,1,310.0,310.0,,2563-08-21,,,ทาขอบกระจกหน้า,อะไหล่อื่นๆ,,4641
ไพเมอร์กันสนิม  Glass Primer hamatite 150g. -- ขวดแก้ว ,ศรีสยาม,1,300.0,300.0,,2563-10-05,,,ทาขอบกระจกหน้า,อะไหล่อื่นๆ,,4642
ไพเมอร์กันสนิม  Glass Primer hamatite 150g. -- ขวดแก้ว ,ศรีสยาม,1,300.0,300.0,,2563-11-16,,,ทาขอบกระจกหน้า,อะไหล่อื่นๆ,,4643
ไพเมอร์กันสนิม  Glass Primer hamatite 150g. -- ขวดแก้ว ,ศรีสยาม,1,300.0,300.0,,2564-04-08,,,ทาขอบกระจกหน้า,อะไหล่อื่นๆ,,4644
ไพเมอร์กันสนิม  Glass Primer hamatite 150g. -- ขวดแก้ว ,ศรีสยาม,1,300.0,300.0,,2564-06-08,,,ทาขอบกระจกหน้า,อะไหล่อื่นๆ,,4645
ไพเมอร์กันสนิม  Glass Primer hamatite 150g. -- ขวดแก้ว ,ศรีสยาม,1,300.0,300.0,,2564-07-01,,,ทาขอบกระจกหน้า,อะไหล่อื่นๆ,,4646
ไพเมอร์กันสนิม  Glass Primer hamatite 150g. -- ขวดแก้ว ,ศรีสยาม,1,300.0,300.0,,2564-07-23,,,ทาขอบกระจกหน้า,อะไหล่อื่นๆ,,4647
ไพเมอร์กันสนิม  Glass Primer hamatite 150g. -- ขวดแก้ว ,ศรีสยาม,1,460.0,460.0,,2565-06-14,,,ทาขอบกระจกหน้า,อะไหล่อื่นๆ,,4648
ไพเมอร์กันสนิม  Glass Primer G-200 hamatite 150g. -- ขวดแก้ว ,ศรีสยาม,1,180.0,480.0,,2567-11-26,,ราคารวม VAT แล้ว,ทาขอบกระจกหน้า,อะไหล่อื่นๆ,,4649
ไพเมอร์กันสนิม PROTITE Glass primer 250g. -- ขวดสีเงิน,ศรีสยาม,1,460.0,460.0,,2564-09-25,,,ทาขอบกระจกหน้า,อะไหล่อื่นๆ,,4650
ไพเมอร์กันสนิม PROTITE Glass primer 250g. -- ขวดสีเงิน,ศรีสยาม,2,460.0,920.0,,2564-12-21,,,ทาขอบกระจกหน้า,อะไหล่อื่นๆ,,4651
ไพเมอร์กันสนิม PROTITE Glass primer 250g. -- ขวดสีเงิน,ศรีสยาม,1,460.0,460.0,,2565-01-19,,,ทาขอบกระจกหน้า,อะไหล่อื่นๆ,,4652
ไพเมอร์กันสนิม SIKA Glass primer 250g. -- ขวดสีเงิน (คืน),ศรีสยาม,1,990.0,990.0,,2564-12-21,,,ทาขอบกระจกหน้า,อะไหล่อื่นๆ,,4653
ไพเมอร์กันสนิม Glass primer BOYOU 250 ml. -- ขวดสีเงิน,ศรีสยาม,1,420.0,420.0,,2565-08-01,,,ทาขอบกระจกหน้า,อะไหล่อื่นๆ,,4654
ไพเมอร์กันสนิม Glass primer BOYOU 250 ml. -- ขวดสีเงิน,ศรีสยาม,1,420.0,420.0,,2565-09-08,,,ทาขอบกระจกหน้า,อะไหล่อื่นๆ,,4655
ไพเมอร์กันสนิม Glass primer BOYOU 250 ml. -- ขวดสีเงิน,ศรีสยาม,1,420.0,420.0,,2565-12-08,,,ทาขอบกระจกหน้า,อะไหล่อื่นๆ,,4656
ไพเมอร์กันสนิม Glass primer BOYOU 250 ml. -- ขวดสีเงิน,ศรีสยาม,1,420.0,420.0,,2566-02-21,,,ทาขอบกระจกหน้า,อะไหล่อื่นๆ,,4657
ไพเมอร์กันสนิม Glass primer BOYOU 250 ml. -- ขวดสีเงิน,ศรีสยาม,1,420.0,420.0,,2566-07-12,,,ทาขอบกระจกหน้า,อะไหล่อื่นๆ,,4658
ไพเมอร์กันสนิม Glass primer BOYOU 250 ml. -- ขวดสีเงิน,ศรีสยาม,1,420.0,420.0,,2566-07-27,,,ทาขอบกระจกหน้า,อะไหล่อื่นๆ,,4659
ไพเมอร์กันสนิม Glass primer Protite SUNSTAR 250 ml. -- ขวดสีเงิน ,ศรีสยาม,1,550.0,550.0,,2567-02-26,,,ทาขอบกระจกหน้า,อะไหล่อื่นๆ,,4660
ไพเมอร์กันสนิม Glass primer Protite SUNSTAR 250 ml. -- ขวดสีเงิน ,ศรีสยาม,1,550.0,550.0,,,,,ทาขอบกระจกหน้า,อะไหล่อื่นๆ,,4661
ไพเมอร์กันสนิม YOKO -- ขวดแก้ว,ศรีสยาม,1,480.0,480.0,,2568-02-03,,ราคารวม VAT แล้ว,ทาขอบกระจกหน้า,อะไหล่อื่นๆ,,4662
ไพเมอร์กันสนิม YOKO -- ขวดแก้ว,ศรีสยาม,1,480.0,480.0,,2568-04-24,,ราคารวม VAT แล้ว,ทาขอบกระจกหน้า,อะไหล่อื่นๆ,,4663
ไพเมอร์กันสนิม YOKO -- ขวดแก้ว,ศรีสยาม,1,480.0,480.0,,2568-07-08,,ราคารวม VAT แล้ว,ทาขอบกระจกหน้า,อะไหล่อื่นๆ,,4664
ไพเมอร์กันสนิม YOKO -- ขวดแก้ว,ศรีสยาม,1,448.6,480.00200000000007,448.6,2568-09-30,,,ทาขอบกระจกหน้า,อะไหล่อื่นๆ,,4665
ไพเมอร์กันสนิม YOKO -- ขวดแก้ว,ศรีสยาม,1,448.6,480.00200000000007,448.6,2568-11-26,,,ทาขอบกระจกหน้า,อะไหล่อื่นๆ,,4666
ไพเมอร์กันสนิม YOKO -- ขวดแก้ว,ศรีสยาม,1,448.6,480.00200000000007,448.6,2569-03-02,,,ทาขอบกระจกหน้า,อะไหล่อื่นๆ,,4667
กาววางกระจก SIKA 255  (210*40อัน),ดา แฟนพี่นกวิริยะ,40,210.0,8400.0,,2563-01-25,,,กาววางกระจก,อะไหล่อื่นๆ,,4668
กาววางกระจก SIKA 255  (210*40อัน),ดา แฟนพี่นกวิริยะ,40,210.0,8400.0,,2563-04-08,,,กาววางกระจก,อะไหล่อื่นๆ,,4669
กาววางกระจกพร้อมน้ำยาไพเมอร์ โตโยต้า -- (1ชุดมี2หลอด+น้ำยาไพเมอร์2ขวด),เบียร์ลูกพี่หนุ่ม,1,80.0,80.0,,2567-03-30,,ไม่มี VAT,กาววางกระจก,อะไหล่อื่นๆ,,4670
กาววางกระจกพร้อมน้ำยาไพเมอร์ โตโยต้า -- (1ชุดมี2หลอด+น้ำยาไพเมอร์2ขวด),เบียร์ลูกพี่หนุ่ม,20,80.0,1600.0,,2567-05-08,,ไม่มี VAT, ** แถม1กล่อง,อะไหล่อื่นๆ,,4671
กาววางกระจกพร้อมน้ำยาไพเมอร์ โตโยต้า -- (1ชุดมี2หลอด+น้ำยาไพเมอร์2ขวด),เบียร์ลูกพี่หนุ่ม,21,80.0,1680.0,,2567-06-07,,ไม่มี VAT, ** แถม1กล่อง,อะไหล่อื่นๆ,,4672
กาววางกระจกพร้อมน้ำยาไพเมอร์ โตโยต้า -- (1ชุดมี2หลอด+น้ำยาไพเมอร์2ขวด),เบียร์ลูกพี่หนุ่ม,20,90.0,1800.0,,2567-08-13,,ไม่มี VAT, ** แถม1กล่อง,อะไหล่อื่นๆ,,4673
กาววางกระจก Protite (120*20หลอด) -- 1ลัง,ศรีสยาม,20,120.0,2400.0,,2564-02-15,,, ** แถม1กล่อง,อะไหล่อื่นๆ,,4674
กาววางกระจก Protite (120*20หลอด) -- 1ลัง,ศรีสยาม,20,120.0,2400.0,,2564-03-12,,, ** แถม1กล่อง,อะไหล่อื่นๆ,,4675
กาววางกระจก Protite (120*20หลอด) -- 1ลัง,ศรีสยาม,20,120.0,2400.0,,2564-05-31,,, ** แถม1กล่อง,อะไหล่อื่นๆ,,4676
กาววางกระจก Protite (120*20หลอด) -- 1ลัง,ศรีสยาม,20,120.0,2400.0,,2564-06-15,,, ** แถม1กล่อง,อะไหล่อื่นๆ,,4677
กาววางกระจก Protite (120*20หลอด) -- 1ลัง,ศรีสยาม,20,120.0,2400.0,,2564-07-07,,, ** แถม1กล่อง,อะไหล่อื่นๆ,,4678
กาววางกระจก Protite (120*20หลอด) -- 1ลัง,ศรีสยาม,20,120.0,2400.0,,2564-07-26,,, ** แถม1กล่อง,อะไหล่อื่นๆ,,4679
กาววางกระจก Protite (120*20หลอด) -- 1ลัง,ศรีสยาม,20,120.0,2400.0,,2564-08-30,,, ** แถม1กล่อง,อะไหล่อื่นๆ,,4680
กาววางกระจก Protite (120*20หลอด) -- 1ลัง,ศรีสยาม,20,120.0,2400.0,,2564-09-21,,, ** แถม1กล่อง,อะไหล่อื่นๆ,,4681
กาววางกระจก Protite (120*20หลอด) -- 1ลัง,ศรีสยาม,20,120.0,2400.0,,2564-11-11,,, ** แถม1กล่อง,อะไหล่อื่นๆ,,4682
กาววางกระจก Protite (120*20หลอด) -- 1ลัง,ศรีสยาม,20,120.0,2400.0,,2565-01-13,,, ** แถม1กล่อง,อะไหล่อื่นๆ,,4683
กาววางกระจก Protite (120*20หลอด) -- 1ลัง,ศรีสยาม,20,120.0,2400.0,,2565-03-11,,, ** แถม1กล่อง,อะไหล่อื่นๆ,,4684
กาววางกระจก Protite (120*20หลอด) -- 1ลัง,ศรีสยาม,20,120.0,2400.0,,2565-04-30,,, ** แถม1กล่อง,อะไหล่อื่นๆ,,4685
กาววางกระจก Protite (120*20หลอด) -- 1ลัง,ศรีสยาม,20,120.0,2400.0,,2565-06-24,,, ** แถม1กล่อง,อะไหล่อื่นๆ,,4686
กาววางกระจก Protite (120*20หลอด) -- 1ลัง,ศรีสยาม,20,120.0,2400.0,,2565-08-10,,, ** แถม1กล่อง,อะไหล่อื่นๆ,,4687
กาววางกระจก Protite (120*20หลอด) -- 1ลัง,ศรีสยาม,20,120.0,2400.0,,2565-09-08,,, ** แถม1กล่อง,อะไหล่อื่นๆ,,4688
กาววางกระจก Protite (120*20หลอด) -- 1ลัง,ศรีสยาม,20,120.0,2400.0,,2565-10-10,,, ** แถม1กล่อง,อะไหล่อื่นๆ,,4689
กาววางกระจก Protite (120*20หลอด) -- 1ลัง,ศรีสยาม,20,120.0,2400.0,,2565-11-16,,, ** แถม1กล่อง,อะไหล่อื่นๆ,,4690
กาววางกระจก Protite (120*20หลอด) -- 1ลัง,ศรีสยาม,20,120.0,2400.0,,2565-12-21,,, ** แถม1กล่อง,อะไหล่อื่นๆ,,4691
กาววางกระจก Protite (120*20หลอด) -- 1ลัง,ศรีสยาม,20,120.0,2400.0,,2566-01-25,,, ** แถม1กล่อง,อะไหล่อื่นๆ,,4692
กาววางกระจก Protite (120*20หลอด) -- 1ลัง,ศรีสยาม,20,120.0,2400.0,,2566-03-14,,, ** แถม1กล่อง,อะไหล่อื่นๆ,,4693
กาววางกระจก Protite (120*20หลอด) -- 1ลัง,ศรีสยาม,20,120.0,2400.0,,2566-05-17,,, ** แถม1กล่อง,อะไหล่อื่นๆ,,4694
กาววางกระจก Protite -- คืน,ศรีสยาม,9,150.0,1350.0,,2566-06-06,,, ** แถม1กล่อง,อะไหล่อื่นๆ,,4695
กาววางกระจก Protite (120*20หลอด) -- 1ลัง (ราคาต่อลัง),จิตต์อะไหล่,20,122.5,2450.0,,2566-06-08,,, ** แถม1กล่อง,อะไหล่อื่นๆ,,4696
กาววางกระจก Protite (120*20หลอด) -- 1ลัง (ราคาต่อลัง),จิตต์อะไหล่,20,122.5,2450.0,,2566-07-10,,, ** แถม1กล่อง,อะไหล่อื่นๆ,,4697
กาววางกระจก Protite (120*20หลอด) -- 1ลัง (ราคาต่อลัง),จิตต์อะไหล่,20,122.5,2450.0,,2566-07-27,,, ** แถม1กล่อง,อะไหล่อื่นๆ,,4698
กาววางกระจก Protite (120*20หลอด) -- 1ลัง (ราคาต่อลัง),ศรีสยาม,20,120.0,2400.0,,2566-08-23,,, ** แถม1กล่อง,อะไหล่อื่นๆ,,4699
กาววางกระจก Protite (120*20หลอด) -- 1ลัง (ราคาต่อลัง),ศรีสยาม,20,120.0,2400.0,,2566-10-05,,, ** แถม1กล่อง,อะไหล่อื่นๆ,,4700
กาววางกระจก Protite (120*20หลอด) -- 1ลัง (ราคาต่อลัง),ศรีสยาม,20,120.0,2400.0,,2566-11-07,,, ** แถม1กล่อง,อะไหล่อื่นๆ,,4701
กาววางกระจก Protite (120*20หลอด) -- 1ลัง (ราคาต่อลัง),ศรีสยาม,20,120.0,2400.0,,2566-12-11,,, ** แถม1กล่อง,อะไหล่อื่นๆ,,4702
กาววางกระจก Protite (120*20หลอด) -- 1ลัง (ราคาต่อลัง),ศรีสยาม,20,120.0,2400.0,,2567-01-25,,, ** แถม1กล่อง,อะไหล่อื่นๆ,,4703
กาววางกระจก Protite (120*20หลอด) -- 1ลัง (ราคาต่อลัง)--คืน,ศรีสยาม,20,120.0,2400.0,,2567-02-27,,ราคายังไม่รวม VAT, ** แถม1กล่อง,อะไหล่อื่นๆ,,4704
กาววางกระจก Protite (120*20หลอด) -- 1ลัง (ราคาต่อลัง),จิตต์อะไหล่,20,125.0,2500.0,,2567-02-28,,ไม่มี VAT, ** แถม1กล่อง,อะไหล่อื่นๆ,,4705
กาววางกระจก Protite (120*20หลอด) -- 1ลัง (ราคาต่อลัง),ศรีสยาม,12,120.0,1440.0,,2567-08-13,,ราคารวม VAT แล้ว, ** แถม1กล่อง,อะไหล่อื่นๆ,,4706
กาววางกระจก Protite (120*20หลอด) -- 1ลัง (ราคาต่อลัง),ศรีสยาม,20,120.0,2400.0,,2567-11-04,,ราคารวม VAT แล้ว, ** แถม1กล่อง,อะไหล่อื่นๆ,,4707
กาววางกระจก Protite (120*20หลอด) -- 1ลัง (ราคาต่อลัง),ศรีสยาม,20,120.0,2400.0,,2567-11-26,,ราคารวม VAT แล้ว, ** แถม1กล่อง,อะไหล่อื่นๆ,,4708
กาววางกระจก Protite (120*20หลอด) -- 1ลัง (ราคาต่อลัง),ศรีสยาม,20,120.0,2400.0,,2567-12-21,,ราคารวม VAT แล้ว, ** แถม1กล่อง,อะไหล่อื่นๆ,,4709
กาววางกระจก Protite (120*20หลอด) -- 1ลัง (ราคาต่อลัง),ศรีสยาม,20,120.0,2400.0,,2568-02-05,,ราคารวม VAT แล้ว, ** แถม1กล่อง,อะไหล่อื่นๆ,,4710
กาววางกระจก Protite (120*20หลอด) -- 1ลัง (ราคาต่อลัง),ศรีสยาม,20,120.0,2400.0,,2568-03-17,,ราคารวม VAT แล้ว, ** แถม1กล่อง,อะไหล่อื่นๆ,,4711
กาววางกระจก Protite (120*20หลอด) -- 1ลัง (ราคาต่อลัง),ศรีสยาม,20,120.0,2400.0,,2568-04-26,,ราคารวม VAT แล้ว, ** แถม1กล่อง,อะไหล่อื่นๆ,,4712
กาววางกระจก Protite (120*20หลอด) -- 1ลัง (ราคาต่อลัง),ศรีสยาม,20,120.0,2400.0,,2568-05-27,,ราคารวม VAT แล้ว, ** แถม1กล่อง,อะไหล่อื่นๆ,,4713
กาววางกระจก Protite (120*20หลอด) -- 1ลัง (ราคาต่อลัง),ศรีสยาม,20,120.0,2400.0,,2568-07-10,,ราคารวม VAT แล้ว, ** แถม1กล่อง,อะไหล่อื่นๆ,,4714
กาววางกระจก Protite (120*20หลอด) -- 1ลัง (ราคาต่อลัง),ศรีสยาม,20,120.0,2400.0,,2568-08-13,,ราคารวม VAT แล้ว, ** แถม1กล่อง,อะไหล่อื่นๆ,,4715
กาววางกระจก Protite (120*20หลอด) -- 1ลัง (ราคาต่อลัง),ศรีสยาม,20,120.0,2400.0,,2568-09-19,,ราคารวม VAT แล้ว, ** แถม1กล่อง,อะไหล่อื่นๆ,,4716
กาววางกระจก Protite (120*20หลอด) -- 1ลัง (ราคาต่อลัง),ศรีสยาม,20,120.0,2400.0,,2568-10-28,,ราคารวม VAT แล้ว, ** แถม1กล่อง,อะไหล่อื่นๆ,,4717
กาววางกระจก Protite (120*20หลอด) -- 1ลัง (ราคาต่อลัง),ศรีสยาม,20,120.0,2400.0,,2568-11-26,,ราคารวม VAT แล้ว, ** แถม1กล่อง,อะไหล่อื่นๆ,,4718
กาววางกระจก Protite (120*20หลอด) -- 1ลัง (ราคาต่อลัง),ศรีสยาม,20,120.0,2400.0,,2569-02-03,,ราคารวม VAT แล้ว, ** แถม1กล่อง,อะไหล่อื่นๆ,,4719
กาววางกระจก Protite (120*20หลอด) -- 1ลัง (ราคาต่อลัง),ศรีสยาม,20,120.0,2400.0,,2569-03-02,,ราคารวม VAT แล้ว, ** แถม1กล่อง,อะไหล่อื่นๆ,,4720
กาวทาประเก็น Loctite สีดำ,ศรีสยาม,1,100.0,100.0,,2564-01-09,,,กาวทาประเก็น,อะไหล่อื่นๆ,,4721
กาวทาประเก็น Loctite สีดำ,ศรีสยาม,1,100.0,100.0,,2564-09-18,,,** เก็บลูกค้า 400 บาท,อะไหล่อื่นๆ,,4722
กาวทาประเก็น Loctite สีดำ,ศรีสยาม,1,145.0,145.0,,2567-01-18,,,** เก็บลูกค้า 400 บาท,อะไหล่อื่นๆ,,4723
กาวทาประเก็น Loctite สีดำ,ศรีสยาม,1,170.0,170.0,,2568-06-25,,ราคารวม VAT แล้ว,** เก็บลูกค้า 400 บาท,อะไหล่อื่นๆ,,4724
กาวทาประเก็น Loctite สีเทา,ศรีสยาม,1,120.0,120.0,,2564-01-09,,,** เน้นใช้สีนี้,อะไหล่อื่นๆ,,4725
กาวทาประเก็น Loctite สีเทา,ศรีสยาม,1,120.0,120.0,,2564-03-20,,,** เก็บลูกค้า 400 บาท,อะไหล่อื่นๆ,,4726
กาวทาประเก็น Loctite สีเทา,ศรีสยาม,1,120.0,120.0,,2564-07-03,,,** เก็บลูกค้า 400 บาท,อะไหล่อื่นๆ,,4727
กาวทาประเก็น Loctite สีเทา,ศรีสยาม,1,120.0,120.0,,2565-06-21,,,** เก็บลูกค้า 400 บาท,อะไหล่อื่นๆ,,4728
กาวทาประเก็น Loctite สีเทา,ศรีสยาม,1,120.0,120.0,,2565-11-19,,,** เก็บลูกค้า 400 บาท,อะไหล่อื่นๆ,,4729
กาวทาประเก็น Loctite สีเทา,ศรีสยาม,1,120.0,120.0,,2565-12-21,,,** เก็บลูกค้า 400 บาท,อะไหล่อื่นๆ,,4730
กาวทาประเก็น Loctite สีเทา,ศรีสยาม,1,120.0,120.0,,2566-05-03,,,** เก็บลูกค้า 400 บาท,อะไหล่อื่นๆ,,4731
กาวทาประเก็น Loctite สีเทา,ศรีสยาม,1,210.0,210.0,,2566-07-27,,,** เก็บลูกค้า 400 บาท,อะไหล่อื่นๆ,,4732
กาวทาประเก็น Loctite สีเทา,ศรีสยาม,1,175.0,175.0,,2566-10-10,,,** เก็บลูกค้า 400 บาท,อะไหล่อื่นๆ,,4733
กาวทาประเก็น Loctite สีเทา,ศรีสยาม,1,175.0,175.0,,2567-01-18,,,** เก็บลูกค้า 400 บาท,อะไหล่อื่นๆ,,4734
กาวทาประเก็น Loctite สีเทา,ศรีสยาม,1,180.0,180.0,,2567-06-12,,,** เก็บลูกค้า 400 บาท,อะไหล่อื่นๆ,,4735
กาวทาประเก็น Loctite สีเทา,ศรีสยาม,1,180.0,180.0,,2567-08-02,,,** เก็บลูกค้า 400 บาท,อะไหล่อื่นๆ,,4736
กาวทาประเก็น Loctite สีเทา,ศรีสยาม,1,180.0,180.0,,2567-12-07,,,** เก็บลูกค้า 400 บาท,อะไหล่อื่นๆ,,4737
กาวทาประเก็น Loctite สีเทา,ศรีสยาม,1,180.0,180.0,,2568-10-27,,ราคารวม VAT แล้ว,** เก็บลูกค้า 400 บาท,อะไหล่อื่นๆ,,4738
กาวทาประเก็น Loctite สีแดง,ศรีสยาม,1,105.0,105.0,,2564-09-18,,,** เก็บลูกค้า 300 บาท,อะไหล่อื่นๆ,,4739
กาวทาประเก็น Loctite สีแดง,ศรีสยาม,1,110.0,110.0,,2565-05-17,,,** เก็บลูกค้า 300 บาท,อะไหล่อื่นๆ,,4740
กาวทาประเก็น Loctite สีแดง,ศรีสยาม,1,115.0,115.0,,2566-05-03,,,** เก็บลูกค้า 300 บาท,อะไหล่อื่นๆ,,4741
กาวทาประเก็น Loctite สีแดง,ศรีสยาม,1,160.0,160.0,,2566-07-27,,,** เก็บลูกค้า 300 บาท,อะไหล่อื่นๆ,,4742
กาวทาประเก็น Loctite สีแดง,ศรีสยาม,1,130.0,130.0,,2567-08-01,,,** เก็บลูกค้า 300 บาท,อะไหล่อื่นๆ,,4743
กาวทาประเก็น Loctite สีแดง,ศรีสยาม,1,130.01,130.01,,2568-04-22,,,** เก็บลูกค้า 300 บาท,อะไหล่อื่นๆ,,4744
กาวทาประเก็น Loctite สีแดง,ศรีสยาม,1,150.0,150.0,,2568-10-27,,ราคารวม VAT แล้ว,** เก็บลูกค้า 300 บาท,อะไหล่อื่นๆ,,4745
แปรงทาสี 1.5 นิ้ว,ไทวัสดุ,1,13.0,13.0,,2563-04-08,,,แปรงทาสี,อะไหล่อื่นๆ,,4746
แปรงทาสี 1.5 นิ้ว,ไทวัสดุ,10,13.0,130.0,,2564-08-19,,,แปรงทาสี,อะไหล่อื่นๆ,,4747
แปรงทาสี 1.5 นิ้ว,ไทวัสดุ,12,17.0,204.0,,2565-05-13,,,แปรงทาสี,อะไหล่อื่นๆ,,4748
แปรงทาสี 1.5 นิ้ว,ไทวัสดุ,9,17.0,153.0,,2566-03-02,,,แปรงทาสี,อะไหล่อื่นๆ,,4749
แปรงทาสี 1.5 นิ้ว,ไทวัสดุ,10,17.0,170.0,,2566-08-27,,,แปรงทาสี,อะไหล่อื่นๆ,,4750
แปรงทาสี 1.5 นิ้ว,ไทวัสดุ,10,17.0,170.0,,2567-06-29,,,แปรงทาสี,อะไหล่อื่นๆ,,4751
แปรงทาสี 1.5 นิ้ว,Shoppee,12,6.1667,74.0004,,2568-06-16,,,แปรงทาสี,อะไหล่อื่นๆ,,4752
แปรงทาสี 1.5 นิ้ว,Shoppee,12,6.1667,74.0004,,2569-02-10,,,แปรงทาสี,อะไหล่อื่นๆ,,4753
แปรงทาสี 2 นิ้ว,ไทวัสดุ,15,15.0,225.0,,2563-04-08,,,แปรงทาสี,อะไหล่อื่นๆ,,4754
แปรงทาสี 2 นิ้ว,ไทวัสดุ,12,17.0,204.0,,2563-07-23,,,แปรงทาสี,อะไหล่อื่นๆ,,4755
แปรงทาสี 2 นิ้ว,ไทวัสดุ,12,17.0,204.0,,2564-03-23,,,แปรงทาสี,อะไหล่อื่นๆ,,4756
แปรงทาสี 2 นิ้ว,ไทวัสดุ,14,18.0,252.0,,2564-07-01,,,แปรงทาสี,อะไหล่อื่นๆ,,4757
แปรงทาสี 2 นิ้ว,ไทวัสดุ,12,23.0,276.0,,2565-05-13,,,แปรงทาสี,อะไหล่อื่นๆ,,4758
แปรงทาสี 2 นิ้ว,ไทวัสดุ,17,23.0,391.0,,2565-09-17,,,แปรงทาสี,อะไหล่อื่นๆ,,4759
แปรงทาสี 2 นิ้ว,ไทวัสดุ,5,23.0,115.0,,2566-03-02,,,แปรงทาสี,อะไหล่อื่นๆ,,4760
แปรงทาสี 2 นิ้ว,ไทวัสดุ,10,23.0,230.0,,2566-08-27,,,แปรงทาสี,อะไหล่อื่นๆ,,4761
แปรงทาสี 2 นิ้ว,ไทวัสดุ,10,23.0,230.0,,2567-06-29,,,แปรงทาสี,อะไหล่อื่นๆ,,4762
แปรงทาสี 2 นิ้ว,ไทวัสดุ,10,23.0,230.0,,2567-12-29,,,แปรงทาสี,อะไหล่อื่นๆ,,4763
แปรงทาสี 2 นิ้ว,Shoppee,12,7.8333,93.9996,,2568-06-16,,,แปรงทาสี,อะไหล่อื่นๆ,,4764
แปรงทาสี 2 นิ้ว,Shoppee,12,7.59,91.08,,2569-02-10,,,แปรงทาสี,อะไหล่อื่นๆ,,4765
แปรงลวดทองเหลือง (มินิ ปลายงอ),ศรีสยาม,3,90.0,270.0,,2563-06-25,,,แปรงลวด,อะไหล่อื่นๆ,,4766
แปรงลวดทองเหลือง (มินิ ปลายงอ),ศรีสยาม,3,90.0,270.0,,2563-10-05,,,แปรงลวด,อะไหล่อื่นๆ,,4767
แปรงลวดเหล็ก (มินิ ปลายงอ),ศรีสยาม,1,55.0,55.0,,2565-02-08,,,แปรงลวด,อะไหล่อื่นๆ,,4768
แปรงลวดเหล็ก (มินิ ปลายงอ),ศรีสยาม,1,55.0,55.0,,2565-09-10,,,แปรงลวด,อะไหล่อื่นๆ,,4769
แปรงลวดเหล็ก (มินิ ปลายงอ),ศรีสยาม,1,65.0,65.0,,2566-07-27,,,แปรงลวด,อะไหล่อื่นๆ,,4770
แปรงลวดเหล็ก (มินิ ปลายงอ),ศรีสยาม,1,65.0,65.0,,2566-08-05,,,แปรงลวด,อะไหล่อื่นๆ,,4771
แปรงลวดเหล็ก (มินิ ปลายงอ),ศรีสยาม,1,65.0,65.0,,2566-11-11,,,แปรงลวด,อะไหล่อื่นๆ,,4772
แปรงลวดเหล็ก (มินิ ปลายงอ),ศรีสยาม,1,70.0,70.0,,2567-03-27,,,แปรงลวด,อะไหล่อื่นๆ,,4773
แปรงลวดเหล็ก (มินิ ปลายงอ),ศรีสยาม,2,70.0,140.0,,2567-09-16,,,แปรงลวด,อะไหล่อื่นๆ,,4774
แปรงลวดเหล็ก (ปลายงอ/อันใหญ่),DIY,1,22.0,22.0,,2568-06-27,,,แปรงลวด,อะไหล่อื่นๆ,,4775
แปรงลวดเหล็ก (มินิ ปลายงอ),Shoppee,3,53.667,161.001,,2568-10-22,,,แปรงลวด,อะไหล่อื่นๆ,,4776
แปรงกากมะพร้าว,ศรีสยาม,6,13.0,78.0,,2563-09-22,,,แปรงกากมะพร้าว,อะไหล่อื่นๆ,,4777
แปรงกากมะพร้าว,ศรีสยาม,3,13.0,39.0,,2563-10-01,,,แปรงกากมะพร้าว,อะไหล่อื่นๆ,,4778
แปรงกากมะพร้าว,ศรีสยาม,2,13.0,26.0,,2564-06-07,,,แปรงกากมะพร้าว,อะไหล่อื่นๆ,,4779
แปรงกากมะพร้าว,ศรีสยาม,5,13.0,65.0,,2564-10-11,,,แปรงกากมะพร้าว,อะไหล่อื่นๆ,,4780
แปรงกากมะพร้าว,ศรีสยาม,2,13.0,26.0,,2565-03-19,,,แปรงกากมะพร้าว,อะไหล่อื่นๆ,,4781
แปรงกากมะพร้าว,ศรีสยาม,3,14.0,42.0,,2565-07-14,,,แปรงกากมะพร้าว,อะไหล่อื่นๆ,,4782
แปรงกากมะพร้าว,ศรีสยาม,1,14.0,14.0,,2566-01-07,,,แปรงกากมะพร้าว,อะไหล่อื่นๆ,,4783
แปรงกากมะพร้าว,ศรีสยาม,4,14.0,14.0,,2566-02-15,,,แปรงกากมะพร้าว,อะไหล่อื่นๆ,,4784
แปรงกากมะพร้าว,ศรีสยาม,3,15.0,45.0,,2566-06-29,,,แปรงกากมะพร้าว,อะไหล่อื่นๆ,,4785
แปรงกากมะพร้าว,ศรีสยาม,2,15.0,30.0,,2566-12-07,,,แปรงกากมะพร้าว,อะไหล่อื่นๆ,,4786
แปรงกากมะพร้าว,ศรีสยาม,2,15.0,30.0,,2567-07-25,,,แปรงกากมะพร้าว,อะไหล่อื่นๆ,,4787
แปรงกากมะพร้าว,ศรีสยาม,2,15.0,30.0,,2568-02-17,,,แปรงกากมะพร้าว,อะไหล่อื่นๆ,,4788
แปรงกากมะพร้าว,Shoppee,5,13.8,69.0,,2568-07-09,,,แปรงกากมะพร้าว,อะไหล่อื่นๆ,,4789
สายรัด เคเบิ้ลไทม์ 4 นิ้ว (ห่อละ 100 ชิ้น),ไทวัสดุ,4,13.0,52.0,,2563-04-28,,,สายรัด เคเบิ้ลไทม์,อะไหล่อื่นๆ,,4790
สายรัด เคเบิ้ลไทม์ 4 นิ้ว (ห่อละ 150 ชิ้น),DIY,1,15.0,15.0,,2568-06-27,,,ทุกขนาดคิดเส้นละ3บาท,อะไหล่อื่นๆ,,4791
สายรัด เคเบิ้ลไทม์ 6 นิ้ว (ห่อละ 100 ชิ้น),ไทวัสดุ,2,33.0,66.0,,2563-04-08,,,ทุกขนาดคิดเส้นละ3บาท,อะไหล่อื่นๆ,,4792
สายรัด เคเบิ้ลไทม์ 6 นิ้ว (ห่อละ 100 ชิ้น),ไทวัสดุ,2,33.0,66.0,,2563-04-28,,,ทุกขนาดคิดเส้นละ3บาท,อะไหล่อื่นๆ,,4793
สายรัด เคเบิ้ลไทม์ 6 นิ้ว (ห่อละ 100 ชิ้น),ไทวัสดุ,2,28.0,56.0,,2563-11-26,,,ทุกขนาดคิดเส้นละ3บาท,อะไหล่อื่นๆ,,4794
สายรัด เคเบิ้ลไทม์ 6 นิ้ว (ห่อละ 100 ชิ้น),ไทวัสดุ,1,53.0,53.0,,2566-10-18,,,ทุกขนาดคิดเส้นละ3บาท,อะไหล่อื่นๆ,,4795
สายรัด เคเบิ้ลไทม์ 8 นิ้ว (ห่อละ 100 ชิ้น),ไทวัสดุ,2,40.0,80.0,,2563-04-08,,,ทุกขนาดคิดเส้นละ3บาท,อะไหล่อื่นๆ,,4796
สายรัด เคเบิ้ลไทม์ 8 นิ้ว (ห่อละ 100 ชิ้น),ไทวัสดุ,5,40.0,200.0,,2563-04-28,,,ทุกขนาดคิดเส้นละ3บาท,อะไหล่อื่นๆ,,4797
สายรัด เคเบิ้ลไทม์ 8 นิ้ว (ห่อละ 100 ชิ้น),ไทวัสดุ,2,57.0,114.0,,2566-10-18,,,ทุกขนาดคิดเส้นละ3บาท,อะไหล่อื่นๆ,,4798
สายรัด เคเบิ้ลไทม์ 8 นิ้ว (ห่อละ 100 ชิ้น),DIY,1,33.0,33.0,,2568-06-27,,,ทุกขนาดคิดเส้นละ3บาท,อะไหล่อื่นๆ,,4799
สายรัด เคเบิ้ลไทม์ 12 นิ้ว (ห่อละ 100 ชิ้น),ไทวัสดุ,2,107.0,214.0,,2566-10-18,,,ทุกขนาดคิดเส้นละ3บาท,อะไหล่อื่นๆ,,4800
สายรัด เคเบิ้ลไทม์ 12 นิ้ว (ห่อละ 100 ชิ้น),DIY,1,69.0,69.0,,2568-06-27,,,ทุกขนาดคิดเส้นละ3บาท,อะไหล่อื่นๆ,,4801
สายรัด เคเบิ้ลไทม์ 16 นิ้ว (ห่อละ 100 ชิ้น),ไทวัสดุ,1,138.0,138.0,,2564-03-15,,,ทุกขนาดคิดเส้นละ3บาท,อะไหล่อื่นๆ,,4802
ข้อต่อลมเกลียวนอก ตัวเมีย King 20SM 2 หุน,ไทวัสดุ,1,75.0,75.0,,2562-09-26,,,ข้อต่อลม,อะไหล่อื่นๆ,,4803
ข้อต่อเกลียวนอก 1/4,ทาเลนท์อินเตอร์เทรด,5,25.0,125.0,,2562-07-30,,,ข้อต่อลม,อะไหล่อื่นๆ,,4804
ข้อต่อเกลียวนอก 1/4,ทาเลนท์อินเตอร์เทรด,10,20.0,200.0,,2564-10-15,,,ข้อต่อลม,อะไหล่อื่นๆ,,4805
ข้อต่อเกลียวใน 1/4,ทาเลนท์อินเตอร์เทรด,10,65.0,650.0,,2563-06-22,,,ข้อต่อลม,อะไหล่อื่นๆ,,4806
ข้อต่อคอปเปอร์หางหนู 1/4 (2หุน),ทาเลนท์อินเตอร์เทรด,5,65.0,325.0,,2562-07-30,,,คอปเปอร์หางหนู,อะไหล่อื่นๆ,,4807
ข้อต่อคอปเปอร์หางหนู 1/4 (2หุน),ทาเลนท์อินเตอร์เทรด,15,65.0,975.0,,2564-02-08,,,คอปเปอร์หางหนู,อะไหล่อื่นๆ,,4808
ข้อต่อคอปเปอร์หางหนู 1/4 (2หุน),ทาเลนท์อินเตอร์เทรด,20,65.0,1300.0,,2565-03-12,,,คอปเปอร์หางหนู,อะไหล่อื่นๆ,,4809
ข้อต่อคอปเปอร์หางหนู 1/4 (2หุน),MEGA HOME,1,150.0,150.0,,2566-01-08,,,คอปเปอร์หางหนู,อะไหล่อื่นๆ,,4810
ข้อต่อคอปเปอร์หางหนู 1/4 (2หุน),ทาเลนท์อินเตอร์เทรด,12,65.0,780.0,,2566-03-02,IB3007951,,คอปเปอร์หางหนู,อะไหล่อื่นๆ,,4811
ข้อต่อคอปเปอร์หางหนู 1/4 (2หุน),ทาเลนท์อินเตอร์เทรด,10,65.0,650.0,,2566-10-26,IV2222638,,คอปเปอร์หางหนู,อะไหล่อื่นๆ,,4812
ข้อต่อคอปเปอร์หางหนู 1/4 (2หุน),ทาเลนท์อินเตอร์เทรด,10,65.0,650.0,,2567-05-25,IV2234107,,คอปเปอร์หางหนู,อะไหล่อื่นๆ,,4813
ข้อต่อคอปเปอร์หางหนู 1/4 (2หุน) -- 8มิล,Shoppee,10,15.3,153.0,,2568-10-22,,,คอปเปอร์หางหนู,อะไหล่อื่นๆ,,4814
ข้อต่อหางหนู 1/4 (2หุน),ทาเลนท์อินเตอร์เทรด,5,25.0,125.0,,2562-07-30,,,คอปเปอร์หางหนู,อะไหล่อื่นๆ,,4815
ข้อต่อหางหนู 1/4 (2หุน),ทาเลนท์อินเตอร์เทรด,10,25.0,250.0,,2563-06-13,,,คอปเปอร์หางหนู,อะไหล่อื่นๆ,,4816
เข็มขัดเลสรัดคอปเปอร์ เบอร์ 00 13-19 มม. (ห่อละ3อัน),ไทวัสดุ,2,38.0,76.0,,2564-06-11,,อันละ 12.67 บาท,เข็มขัดเลสรัดคอปเปอร์,อะไหล่อื่นๆ,,4817
เข็มขัดเลสรัดคอปเปอร์ เบอร์ 00 13-19 มม. (ห่อละ3อัน),ไทวัสดุ,3,38.0,114.0,,2565-03-11,,อันละ 12.67 บาท,เข็มขัดเลสรัดคอปเปอร์,อะไหล่อื่นๆ,,4818
เข็มขัดเลสรัดคอปเปอร์ ,ร้านวัสดุก่อสร้าง,5,10.0,50.0,,2567-02-27,,,เข็มขัดเลสรัดคอปเปอร์,อะไหล่อื่นๆ,,4819
เข็มขัดเลสรัดคอปเปอร์ ,ไทวัสดุ,8,9.25,74.0,,2567-10-14,,,เข็มขัดเลสรัดคอปเปอร์,อะไหล่อื่นๆ,,4820
เข็มขัดเลสรัดคอปเปอร์ ,ร้านเทคนิค,10,7.0,70.0,,2568-10-11,,,เข็มขัดเลสรัดคอปเปอร์,อะไหล่อื่นๆ,,4821
เข็มขัดเลสรัดคอปเปอร์ ,ศรีสยาม,2,16.82,35.994800000000005,33.64,2569-01-07,,,เข็มขัดเลสรัดคอปเปอร์,อะไหล่อื่นๆ,รวมVAT=,4822
ปากกาเขียนเหล็ก Unipaint PX-20 สีฟ้า -- มาย,ศรีสยาม,1,60.0,60.0,,2563-05-08,,,ปากกาเขียนเหล็ก,อะไหล่อื่นๆ,,4823
ปากกาเขียนเหล็ก Unipaint PX-20 สีเหลือง -- ดาว,ศรีสยาม,1,60.0,60.0,,2563-06-18,,,ปากกาเขียนเหล็ก,อะไหล่อื่นๆ,,4824
ปากกาเขียนเหล็ก มาสเตอร์ Magic ink pai  -- น้ำ,จิตต์อะไหล่,1,55.0,55.0,,2564-05-08,,,ปากกาเขียนเหล็ก,อะไหล่อื่นๆ,,4825
ปากกาเขียนเหล็ก มาสเตอร์ Magic ink pai  -- น้ำ,จิตต์อะไหล่,1,55.0,55.0,,2564-08-07,,,ปากกาเขียนเหล็ก,อะไหล่อื่นๆ,,4826
ปากกาเขียนเหล็ก Unipaint PX-20 สีเหลือง -- ดาว,ศรีสยาม,1,60.0,60.0,,2564-10-28,,,ปากกาเขียนเหล็ก,อะไหล่อื่นๆ,,4827
ปากกาเขียนเหล็ก Unipaint PX-20 สีแดง -- น้ำ,ศรีสยาม,1,60.0,60.0,,2565-02-04,,,ปากกาเขียนเหล็ก,อะไหล่อื่นๆ,,4828
ปากกาเขียนเหล็ก Unipaint PX-20 สีแดง -- น้ำ,ศรีสยาม,1,60.0,60.0,,2566-02-21,,,ปากกาเขียนเหล็ก,อะไหล่อื่นๆ,,4829
ปากกาเขียนเหล็ก Unipaint PX-20 สีเหลือง -- ราญ,ศรีสยาม,1,60.0,60.0,,2566-02-21,,,ปากกาเขียนเหล็ก,อะไหล่อื่นๆ,,4830
ปากกาเขียนเหล็ก Unipaint PX-20 สีแดง -- ดาว,ศรีสยาม,1,60.0,60.0,,2566-07-27,,,ปากกาเขียนเหล็ก,อะไหล่อื่นๆ,,4831
ปากกาเขียนเหล็ก Unipaint PX-20 ,ร้านวัสดุก่อสร้าง,5,55.0,275.0,,2566-10-21,,พี่เอกซื้อ,ปากกาเขียนเหล็ก,อะไหล่อื่นๆ,,4832
ปากกาเขียนเหล็ก Unipaint PX-20 ,ร้านวัสดุก่อสร้าง,2,55.0,110.0,,2567-09-03,,พี่เอกซื้อ,ปากกาเขียนเหล็ก,อะไหล่อื่นๆ,,4833
ปากกาเขียนเหล็ก Unipaint PX-20 ,ร้านโรจน,2,55.0,110.0,,2568-05-21,,,ปากกาเขียนเหล็ก,อะไหล่อื่นๆ,,4834
"สายน้ำมันเป็นม้วน 7/16""",ศรีสยาม,5,80.0,184.0,,2563-06-24,,,สายน้ำมัน,อะไหล่อื่นๆ,,4835
กาวยาง ตราหมา (เล็ก) 200 ml.,ศรีสยาม,12,38.33,460.0,,2563-06-25,,,กาวยาง,อะไหล่อื่นๆ,,4836
กาวยาง ตราหมา (เล็ก) -- 1ลัง = 36 กป.,ศรีสยาม,1,35.56,1280.0,,2563-09-17,,,กาวยาง,อะไหล่อื่นๆ,,4837
กาวยาง ตราหมา (เล็ก) 200 ml.,ศรีสยาม,12,38.33,460.0,,2564-07-14,,,กาวยาง,อะไหล่อื่นๆ,,4838
กาวยาง ตราหมา (เล็ก) 200 ml. -- 1ลัง = 36 กป.,ศรีสยาม,1,35.56,1280.0,,2564-10-04,,,กาวยาง,อะไหล่อื่นๆ,,4839
กาวยาง ตราหมา (เล็ก) 200 ml. -- 1ลัง = 36 กป.,ศรีสยาม,1,41.11,1480.0,,2565-07-05,,,กาวยาง,อะไหล่อื่นๆ,,4840
กาวยาง ตราหมา (เล็ก) 200 ml. ,ศรีสยาม,12,50.0,600.0,,2566-04-19,,ซื้อเป็น กป. ราคาเท่าซื้อเป็นลัง,กาวยาง,อะไหล่อื่นๆ,,4841
กาวยาง ตราหมา (เล็ก) 200 ml. ,ทาเลนท์อินเตอร์เทรด,12,56.0,672.0,,2566-08-15,IV2218115,ราคายังไม่รวม VAT,กาวยาง,อะไหล่อื่นๆ,,4842
กาวยาง BOSNY (เล็ก) 200 ml. ,ทาเลนท์อินเตอร์เทรด,12,48.0,576.0,,2567-11-13,IV2223758,ราคายังไม่รวม VAT,กาวยาง,อะไหล่อื่นๆ,,4843
กาวยาง BOSNY (เล็ก) 200 ml. ,ทาเลนท์อินเตอร์เทรด,12,48.0,576.0,,2567-03-18,IV2230655,ราคายังไม่รวม VAT,กาวยาง,อะไหล่อื่นๆ,,4844
กาวยาง BOSNY (เล็ก) 200 ml. ,ทาเลนท์อินเตอร์เทรด,12,48.0,576.0,,2567-07-04,IV2236517,ราคายังไม่รวม VAT,กาวยาง,อะไหล่อื่นๆ,,4845
กาวยาง BOSNY (เล็ก) 200 ml. ,ทาเลนท์อินเตอร์เทรด,24,48.0,1152.0,,2567-10-22,IV2242758,ราคายังไม่รวม VAT,กาวยาง,อะไหล่อื่นๆ,,4846
กาวยาง BOSNY (เล็ก) 200 ml. ,ทาเลนท์อินเตอร์เทรด,24,48.0,1152.0,,2568-06-02,IV6808617,ราคายังไม่รวม VAT,กาวยาง,อะไหล่อื่นๆ,,4847
ตะกั่วขด 60/40 ขนาด 1.2 มม.  0.25 ปอนด์,ไทวัสดุ,1,238.0,238.0,,2563-08-13,,,ตะกั่วขด,อะไหล่อื่นๆ,,4848
ตะกั่วขด 60/40 ขนาด 1.2 มม.  0.25 ปอนด์,ไทวัสดุ,1,238.0,238.0,,2564-05-04,,,ตะกั่วขด,อะไหล่อื่นๆ,,4849
กาว สีดำ LOCTITE,ศรีสยาม,1,100.0,100.0,,2563-09-28,,,กาวประกอบเครื่อง,อะไหล่อื่นๆ,,4850
กาว สีดำ LOCTITE,ศรีสยาม,1,100.0,100.0,,2563-11-28,,,กาวประกอบเครื่อง,อะไหล่อื่นๆ,,4851
กาว สีเทา LOCTITE,ศรีสยาม,1,120.0,120.0,,2563-09-28,,,กาวประกอบเครื่อง,อะไหล่อื่นๆ,,4852
กาว สีเทา LOCTITE,ศรีสยาม,1,120.0,120.0,,2563-10-22,,,กาวประกอบเครื่อง,อะไหล่อื่นๆ,,4853
กาว สีเทา LOCTITE,ศรีสยาม,1,120.0,120.0,,2563-11-28,,,กาวประกอบเครื่อง,อะไหล่อื่นๆ,,4854
กาว สีแดง VERSACHEM,ศรีสยาม,1,90.0,90.0,,2563-09-28,,,กาวประกอบเครื่อง,อะไหล่อื่นๆ,,4855
ฟิล์วเสียบ 10A,จิตต์อะไหล่,10,2.0,20.0,,2563-11-25,,,ฟิล์วเสียบ,อะไหล่อื่นๆ,,4856
ฟิล์วเสียบ 15A,จิตต์อะไหล่,10,2.0,20.0,,2563-11-25,,,ฟิล์วเสียบ,อะไหล่อื่นๆ,,4857
ฟิล์วเสียบ 20A,จิตต์อะไหล่,10,2.0,20.0,,2563-11-25,,,ฟิล์วเสียบ,อะไหล่อื่นๆ,,4858
ฟิล์วเสียบ 25A,จิตต์อะไหล่,10,2.0,20.0,,2563-11-25,,,ฟิล์วเสียบ,อะไหล่อื่นๆ,,4859
ถ่านไฟแช็ค จุดแก๊ส,ศรีสยาม,2,25.0,50.0,,2563-06-24,,,ถ่านไฟแช็ค จุดแก๊ส,อะไหล่อื่นๆ,,4860
ถ่านไฟแช็ค จุดแก๊ส,จิตต์อะไหล่,1,14.0,14.0,,2563-12-11,,,ถ่านไฟแช็ค จุดแก๊ส,อะไหล่อื่นๆ,,4861
ถ่านไฟแช็ค จุดแก๊ส,จิตต์อะไหล่,1,14.0,14.0,,2565-11-04,,,ถ่านไฟแช็ค จุดแก๊ส,อะไหล่อื่นๆ,,4862
ถ่านไฟแช็ค จุดแก๊ส,ศรีสยาม,1,25.0,25.0,,2568-08-14,,,14/8 ร้านจิตแจ้งว่าไม่มีของ,อะไหล่อื่นๆ,,4863
ปิ๊นกระป๋อง ทั่วไป BPS สีดำ ,ศรีสยาม,1,25.0,25.0,,2563-06-08,,,ปิ๊นกระป๋อง,อะไหล่อื่นๆ,,4864
ปิ๊นกระป๋อง ทั่วไป BPS สีดำ ,ศรีสยาม,1,23.0,23.0,,2564-03-16,,,ปิ๊นกระป๋อง,อะไหล่อื่นๆ,,4865
ปิ๊นกระป๋อง ทั่วไป BPS สีดำ ,ศรีสยาม,1,23.0,23.0,,2565-02-21,,,ปิ๊นกระป๋อง,อะไหล่อื่นๆ,,4866
ปิ๊นกระป๋อง ทั่วไป BPS สีดำ ,ศรีสยาม,1,25.0,25.0,,2566-04-22,,,ปิ๊นกระป๋อง,อะไหล่อื่นๆ,,4867
ถ่านหินเจียไฟฟ้า CB-100A Makita,ศรีสยาม,1,65.0,65.0,,2564-04-06,,,ถ่านเครื่องขัดสี,อะไหล่อื่นๆ,,4868
ถ่านหินเจียไฟฟ้า CB-100A Makita,เอกสั่งซื้อจาก Shopee,4,41.25,165.0,,2564-11-10,,ราคารวมค่าส่ง,(ถ่านหินเจียไฟฟ้า),อะไหล่อื่นๆ,,4869
ถ่านหินเครื่องขัดสี CB-100 (กล่องละ2อัน),เอกสั่งซื้อจาก Shopee,4,34.5,138.0,,2567-08-22,,,(ถ่านหินเจียไฟฟ้า),อะไหล่อื่นๆ,,4870
ถ่านหินเจียไฟฟ้า CB-411A Makita,ศรีสยาม,1,65.0,65.0,,2565-06-10,,กล่องละ2อัน,(ถ่านหินเจียไฟฟ้า),อะไหล่อื่นๆ,,4871
ถ่านหินเจียไฟฟ้า CB-411A Makita,ศรีสยาม,2,65.0,130.0,,2566-02-13,,กล่องละ2อัน,(ถ่านหินเจียไฟฟ้า),อะไหล่อื่นๆ,,4872
ถ่านหินเจียไฟฟ้า CB-411A Makita,ศรีสยาม,1,70.0,70.0,,2566-10-02,,กล่องละ2อัน,(ถ่านหินเจียไฟฟ้า),อะไหล่อื่นๆ,,4873
ถ่านหินเจียไฟฟ้า CB-411A Makita,Shopee,3,47.33,142.0,,2567-12-14,,ราคารวมค่าส่งแล้ว/พี่เอกสั่ง,(ถ่านหินเจียไฟฟ้า),อะไหล่อื่นๆ,,4874
ถ่านหินเจียไฟฟ้า CB-85A Makita,ศรีสยาม,2,70.0,140.0,,2566-02-18,,กล่องละ2อัน,(ถ่านหินเจียไฟฟ้า),อะไหล่อื่นๆ,,4875
ถ่านหินเจียไฟฟ้า CB-64 Makita,ศรีสยาม,2,75.0,160.5,,2567-02-16,,กล่องละ2อัน,(ถ่านหินเจียไฟฟ้า),อะไหล่อื่นๆ,,4876
ถ่านหินเจียไฟฟ้า CB-64 Makita,ศรีสยาม,1,75.0,75.0,,2567-06-25,,กล่องละ2อัน,(ถ่านหินเจียไฟฟ้า),อะไหล่อื่นๆ,,4877
ถ่านหินเจียไฟฟ้า 06 127 NKT,ศรีสยาม,2,70.0,140.0,,2566-01-31,,,(ถ่านหินเจียไฟฟ้า),อะไหล่อื่นๆ,,4878
เครื่องขัดสีไฟฟ้า Makita 9218B,ทาเลนท์อินเตอร์เทรด,1,4990.0,4990.0,,2564-12-07,IV6416831,,เครื่องขัดสี,อะไหล่อื่นๆ,,4879
เครื่องขัดสีไฟฟ้า Makita 9218BL,ทาเลนท์อินเตอร์เทรด,1,5990.0,5990.0,,2565-07-01,IB3003412,,เครื่องขัดสี,อะไหล่อื่นๆ,,4880
ถ่านหินเจียร์ไฟฟ้า CB-411 Makita (1กล่องมี2อัน),ศรีสยาม,1,35.0,35.0,,2564-05-20,,,ถ่านหินเจียร์ไฟฟ้า,อะไหล่อื่นๆ,,4881
ถ่านสว่านไฟฟ้า CB-51A Makita (1กล่องมี2อัน),ศรีสยาม,1,60.0,60.0,,2565-09-28,,,ถ่านสว่านไฟฟ้า,อะไหล่อื่นๆ,,4882
ถ่านสว่านไฟฟ้า CB-64 Makita (1กล่องมี2อัน) -- เครื่องพี่ปูใช้,ศรีสยาม,1,70.0,70.0,,2566-06-21,,,ถ่านสว่านไฟฟ้า,อะไหล่อื่นๆ,,4883
ถ่านสว่านไฟฟ้า CB-64 Makita (1กล่องมี2อัน) -- เครื่องพี่ปูใช้,ศรีสยาม,2,70.0,140.0,,2566-12-01,,,ถ่านสว่านไฟฟ้า,อะไหล่อื่นๆ,,4884
ถ่านสว่านไฟฟ้า CB-64 Makita (1กล่องมี2อัน) -- เครื่องพี่ปูใช้,Shopee,3,47.0,141.0,,2567-11-26,,,ถ่านสว่านไฟฟ้า,อะไหล่อื่นๆ,,4885
ถ่านสว่านไฟฟ้า CB-64 Makita (1กล่องมี2อัน) -- เครื่องพี่ปูใช้,Shopee,5,33.2,166.0,,2569-01-13,,,ถ่านสว่านไฟฟ้า,อะไหล่อื่นๆ,,4886
สว่านไฟฟ้า BOSCH GBM10RE 10MM 450W -- เครื่องพี่เพ็งใช้,Shopee,1,98.0,98.0,,2567-07-16,,พี่เอกสั่ง,ถ่านสว่านไฟฟ้า,อะไหล่อื่นๆ,,4887
ถ่านสว่านไฟฟ้า NKT (1กล่องมี2อัน) -- เครื่องพี่ปูใช้,ร้านวัสดุก่อสร้าง,2,60.0,120.0,,2567-05-17,,,ถ่านสว่านไฟฟ้า,อะไหล่อื่นๆ,,4888
หัวสว่าน 3/8 *1/2*20NF  Phonix เกลียว,ศรีสยาม,1,130.01,130.01,,2567-05-10,,,หัวสว่านไฟฟ้า,อะไหล่อื่นๆ,,4889
เหล็กรู 17รู แบบหนา,ศรีสยาม,6,10.0,60.0,,2564-05-04,,,เหล็กรู,อะไหล่อื่นๆ,,4890
เหล็กรู 17รู แบบหนา,ศรีสยาม,5,10.0,50.0,,2564-06-10,,,เหล็กรู,อะไหล่อื่นๆ,,4891
เหล็กรู 17รู แบบหนา,ศรีสยาม,5,10.0,50.0,,2566-05-22,,,เหล็กรู,อะไหล่อื่นๆ,,4892
ใยสังเคราะห์ ใยกรองห้องอบ (เอามาเย็บถุงกรอง) -- หนา 5 มิล,ร้านรามอินทรา 123,1,1300.0,1300.0,,2562-02-19,,1ม้วน ตัดและเย็บถุงได้ทั้งหมด 58 ถุง,ใยสังเคราะห์ ใยกรองห้องอบ,อะไหล่อื่นๆ,,4893
ใยสังเคราะห์ ใยกรองห้องอบ (เอามาเย็บถุงกรอง) -- หนา 5 มิล,ร้านรามอินทรา 123,1,1300.0,1300.0,,2562-11-09,,1ม้วน ตัดและเย็บถุงได้ทั้งหมด 58 ถุง,ใยสังเคราะห์ ใยกรองห้องอบ,อะไหล่อื่นๆ,,4894
ใยสังเคราะห์ ใยกรองห้องอบ (เอามาเย็บถุงกรอง) -- หนา 5 มิล,ร้านรามอินทรา 123,1,1300.0,1300.0,,2563-04-20,,1ม้วน ตัดและเย็บถุงได้ทั้งหมด 58 ถุง,ใยสังเคราะห์ ใยกรองห้องอบ,อะไหล่อื่นๆ,,4895
ใยสังเคราะห์ ใยกรองห้องอบ (เอามาเย็บถุงกรอง) -- หนา 5 มิล,ร้านรามอินทรา 123,1,1300.0,1300.0,,2563-08-07,,1ม้วน ตัดและเย็บถุงได้ทั้งหมด 58 ถุง,ใยสังเคราะห์ ใยกรองห้องอบ,อะไหล่อื่นๆ,,4896
ใยสังเคราะห์ ใยกรองห้องอบ (เอามาเย็บถุงกรอง) -- หนา 5 มิล,ร้านรามอินทรา 123,1,1300.0,1300.0,,2564-02-23,,1ม้วน ตัดและเย็บถุงได้ทั้งหมด 58 ถุง,ใยสังเคราะห์ ใยกรองห้องอบ,อะไหล่อื่นๆ,,4897
ใยสังเคราะห์ ใยกรองห้องอบ (เอามาเย็บถุงกรอง) -- หนา 5 มิล,ร้านรามอินทรา 123,1,1300.0,1300.0,,2564-07-13,,1ม้วน ตัดและเย็บถุงได้ทั้งหมด 58 ถุง,ใยสังเคราะห์ ใยกรองห้องอบ,อะไหล่อื่นๆ,,4898
ใยสังเคราะห์ ใยกรองห้องอบ (เอามาเย็บถุงกรอง) -- หนา 5 มิล,ร้านรามอินทรา 123,1,1450.0,1450.0,,2565-01-06,,1ม้วน ตัดและเย็บถุงได้ทั้งหมด 58 ถุง,ใยสังเคราะห์ ใยกรองห้องอบ,อะไหล่อื่นๆ,,4899
ใยสังเคราะห์ ใยกรองห้องอบ (เอามาเย็บถุงกรอง) -- หนา 5 มิล,ร้านรามอินทรา 123,1,1450.0,1450.0,,2565-06-13,,1ม้วน ตัดและเย็บถุงได้ทั้งหมด 58 ถุง,ใยสังเคราะห์ ใยกรองห้องอบ,อะไหล่อื่นๆ,,4900
ใยสังเคราะห์ ใยกรองห้องอบ (เอามาเย็บถุงกรอง) -- หนา 5 มิล,ร้านรามอินทรา 123,1,1450.0,1450.0,,2565-10-11,,1ม้วน ตัดและเย็บถุงได้ทั้งหมด 58 ถุง,ใยสังเคราะห์ ใยกรองห้องอบ,อะไหล่อื่นๆ,,4901
ใยสังเคราะห์ ใยกรองห้องอบ (เอามาเย็บถุงกรอง) -- หนา 5 มิล,ร้านรามอินทรา 123,1,1450.0,1450.0,,2566-02-23,,1ม้วน ตัดและเย็บถุงได้ทั้งหมด 58 ถุง,ใยสังเคราะห์ ใยกรองห้องอบ,อะไหล่อื่นๆ,,4902
ใยสังเคราะห์ ใยกรองห้องอบ (เอามาเย็บถุงกรอง) -- หนา 5 มิล,ร้านรามอินทรา 123,1,1400.0,1400.0,,2566-06-24,,1ม้วน ตัดและเย็บถุงได้ทั้งหมด 58 ถุง,ใยสังเคราะห์ ใยกรองห้องอบ,อะไหล่อื่นๆ,,4903
ใยสังเคราะห์ ใยกรองห้องอบ (เอามาเย็บถุงกรอง) -- หนา 5 มิล,ร้านรามอินทรา 123,1,1450.0,1450.0,,2566-11-18,,1ม้วน ตัดและเย็บถุงได้ทั้งหมด 58 ถุง,ใยสังเคราะห์ ใยกรองห้องอบ,อะไหล่อื่นๆ,,4904
ใยสังเคราะห์ ใยกรองห้องอบ (เอามาเย็บถุงกรอง) -- หนา 5 มิล,ร้านรามอินทรา 123,1,1450.0,1450.0,,2568-03-07,,1ม้วน ตัดและเย็บถุงได้ทั้งหมด 58 ถุง,ใยสังเคราะห์ ใยกรองห้องอบ,อะไหล่อื่นๆ,,4905
ฟิลเตอร์ใยกรองห้องพ่นสี (ปูพื้น),พีซี แมชชีนเนอรี่ แอนด์ ทูลส์ ,10,930.0,9951.0,,2564-02-23,,บังคับ VAT7%,ใยสังเคราะห์ ใยแก้วปูพื้นห้องอบ,อะไหล่อื่นๆ,ไม่มี,4906
ฟิลเตอร์ใยกรองห้องพ่นสี (ปูพื้น),พีซี แมชชีนเนอรี่ แอนด์ ทูลส์ ,10,930.0,9951.0,,2564-04-22,,บังคับ VAT7%,ใยสังเคราะห์ ใยแก้วปูพื้นห้องอบ,อะไหล่อื่นๆ,ไม่มี,4907
ฟิลเตอร์ใยกรองห้องพ่นสี (ปูพื้น),พีซี แมชชีนเนอรี่ แอนด์ ทูลส์ ,10,930.0,9951.0,,2564-12-20,,บังคับ VAT7%,ใยสังเคราะห์ ใยแก้วปูพื้นห้องอบ,อะไหล่อื่นๆ,ไม่มี,4908
"ฟิลเตอร์ใยกรองห้องพ่นสี (เพดาน) (9,500*2ม้วน)+VAT 7%  -- ขนาด 2.0M*20M*(T)20MM  ",พีซี แมชชีนเนอรี่ แอนด์ ทูลส์,2,9500.0,20330.0,,2566-11-14,,บังคับ VAT7%,ใยสังเคราะห์ ใยแก้วปูพื้นห้องอบ,อะไหล่อื่นๆ,ไม่มี,4909
ใยสังเคราะห์ ใยแก้วปูพื้นห้องอบ TG 75ซม. (2ม้วน),ออโต้เทรด มาร์เก็ตติ้ง,5,2940.0,8085.0,,2565-12-13,IV1425317,,ใยสังเคราะห์ ใยแก้วปูพื้นห้องอบ,อะไหล่อื่นๆ,0.45,4910
ใยสังเคราะห์ ใยแก้วปูพื้นห้องอบ TG 75ซม. (2ม้วน),ออโต้เทรด มาร์เก็ตติ้ง,5,3160.0,15800.0,,2566-08-08,IV1436009,ราคายังไม่รวม VAT,โปรซื้อ5แพ็คแถมฟรี5แพ็ค,อะไหล่อื่นๆ,,4911
ใยสังเคราะห์ ใยแก้วปูพื้นห้องอบ ขนาด 0.75 m *20 m * (T) 70 mm,พีซี แมชชีนเนอรี่ แอนด์ ทูลส์ ,20,890.0,17800.0,,2567-02-27,,ราคายังไม่รวม VAT,โปรซื้อ5แพ็คแถมฟรี5แพ็ค,อะไหล่อื่นๆ,,4912
ฟิลเตอร์ใยสังเคราะห์กรองเพดานห้องอบ / พีซี แมชชีนเนอรี่ แอนด์ ทูลส์ ขนาด 2.0M*20M*(T)20MM  แถมใยแก้วกรองพื้น 2ม้วน ขนาด 0.75M*20M*(T)70MM,พีซี แมชชีนเนอรี่ แอนด์ ทูลส์ ,2,9500.0,19000.0,,2566-11-14,,ราคายังไม่รวม VAT,ใยสังเคราะห์ ใยแก้วกรองเพดาน,อะไหล่อื่นๆ,,4913
ฟิลเตอร์ใยสังเคราะห์กรองเพดานห้องอบ / พีซี แมชชีนเนอรี่ แอนด์ ทูลส์ ขนาด 2.0M*20M*(T)20MM  แถมใยแก้วกรองพื้น 2ม้วน ขนาด 0.75M*20M*(T)70MM,พีซี แมชชีนเนอรี่ แอนด์ ทูลส์ ,2,9800.0,19600.0,,2568-01-04,,ราคายังไม่รวม VAT,ใยสังเคราะห์ ใยแก้วกรองเพดาน,อะไหล่อื่นๆ,,4914
ชุดล้อเหล็กประตูบานเลื่อน (ร่องฉาก) 3นิ้ว ,ไทวัสดุ,2,548.0,1096.0,,2564-08-19,,,ชุดล้อประตูบานเลื่อน,อะไหล่อื่นๆ,,4915
"สายยางน้ำ PVC ม้วนแบบใส 5/8""*20m ",โฮมโปร,1,349.0,349.0,,2565-01-25,,,สายยางน้ำ,อะไหล่อื่นๆ,,4916
ปลั๊กไฟตัวเมีย (รางคู่) 2ช่องเสียบ,ไทวัสดุ,4,98.0,392.0,,2565-03-11,,ราคายังไม่รวม VAT,ปลั๊กไฟตัวเมีย (รางคู่),อะไหล่อื่นๆ,,4917
กาวร้อน E-ZBOND 20กรัม,ศรีสยาม,3,23.0,69.0,,2565-03-23,,,กาวร้อน,อะไหล่อื่นๆ,,4918
กาวร้อน EFS เล็ก 20กรัม (กล่องละ 10ขวด) -- 1กล่อง,แม็คโคร,10,19.5,195.0,,2566-05-04,,,กาวร้อน,อะไหล่อื่นๆ,,4919
กาวร้อน CT,ร้านเพิ่มเจริญ,10,20.0,200.0,,2566-07-08,,,กาวร้อน,อะไหล่อื่นๆ,,4920
กาวร้อน CT,ร้านเพิ่มเจริญ,6,20.0,120.0,,2566-08-19,,,กาวร้อน,อะไหล่อื่นๆ,,4921
กาวร้อน Anybond,ร้านธงชัยคอนกรีต,6,20.0,120.0,,2566-11-09,,,กาวร้อน,อะไหล่อื่นๆ,,4922
กาวร้อน Anybond,ร้านธงชัยคอนกรีต,10,20.0,200.0,,2567-02-27,,,กาวร้อน,อะไหล่อื่นๆ,,4923
กาวร้อน PM,ร้านธงชัยคอนกรีต,6,20.0,120.0,,2567-06-13,,,กาวร้อน,อะไหล่อื่นๆ,,4924
กาวร้อน PM,ร้านธงชัยคอนกรีต,6,20.0,120.0,,2567-08-02,,,กาวร้อน,อะไหล่อื่นๆ,,4925
กาวร้อน PM,ร้านธงชัยคอนกรีต,3,20.0,60.0,,2567-08-29,,,กาวร้อน,อะไหล่อื่นๆ,,4926
กาวร้อน PM,ร้านธงชัยคอนกรีต,6,20.0,120.0,,2567-10-01,,,กาวร้อน,อะไหล่อื่นๆ,,4927
กาวร้อน PM ตราช้างสีส้ม,ร้านโรจน,12,16.667,200.00400000000002,,2568-01-31,,,กาวร้อน,อะไหล่อื่นๆ,,4928
น้ำยาล้างหัวเชื่อม KOVET,ศรีสยาม,1,200.0,200.0,,2565-09-20,,,น้ำยาล้างหัวเชื่อม,อะไหล่อื่นๆ,,4929
ยาขัดโลหะ วีนอล,จิตต์อะไหล่,1,110.0,110.0,,2565-10-29,,,ยาขัดโลหะ วีนอล,อะไหล่อื่นๆ,,4930
ค่าโฟมล้างรถ,ร้าน K-Newtech,10,800.0,8000.0,,2565-01-25,,พี่เอก สั่งซื้อทางเน็ต,โฟมล้างรถ,อะไหล่อื่นๆ,,4931
โฟมล้างรถ 30ลิตร เกรดเอ,ทาเลนท์,2,550.0,1100.0,,2566-01-19,IB3005285,,โฟมล้างรถ,อะไหล่อื่นๆ,,4932
ค่าโฟมล้างรถ,ร้าน K-Newtech,10,850.0,8500.0,,2566-03-28,,พี่เอก สั่งซื้อทางเน็ต,โฟมล้างรถ,อะไหล่อื่นๆ,,4933
ค่าโฟมล้างรถ,ร้าน K-Newtech,10,850.0,8500.0,,2567-02-10,,พี่เอก สั่งซื้อทางเน็ต,โฟมล้างรถ,อะไหล่อื่นๆ,,4934
ค่าโฟมล้างรถ -- ร้านให้ส่วนลดถังละ 50บาท,ร้าน K-Newtech,10,800.0,8000.0,,2567-12-11,,พี่เอก สั่งซื้อทางเน็ต,โฟมล้างรถ,อะไหล่อื่นๆ,,4935
ค่าโฟมล้างรถ,ร้าน K-Newtech,10,850.0,8500.0,,2568-10-08,,พี่เอก สั่งซื้อทางเน็ต,โฟมล้างรถ,อะไหล่อื่นๆ,,4936
ดอกต๊าบซ่อมเกลียว 5*0.8 ฟีนิกซ์,ศรีสยาม,1,120.0,120.0,,2566-06-01,,,ต๊าบเกลียว,อะไหล่อื่นๆ,,4937
ต๊าบเกลียวแท่ง 6*1 APEX (ชุดละ 3ตัว),ศรีสยาม,1,840.0,840.0,,2568-10-01,,,ต๊าบเกลียว,อะไหล่อื่นๆ,,4938
เกียงโป๊วสี กังหัน 6นิ้ว,ทาเลนท์,3,80.0,240.0,,2566-05-24,IV2212728,,เกียงโป๊วสี,อะไหล่อื่นๆ,,4939
เกียงโป๊วสี กังหัน 4นิ้ว,ทาเลนท์,3,58.0,174.0,,2566-05-24,IV2212728,,เกียงโป๊วสี,อะไหล่อื่นๆ,,4940
"เครื่องขัดกระดาษทรายกลม 6"" Okura",ทาเลนท์,6,790.0,4740.0,,2563-04-30,,ราคาที่ลง ยังไม่รวมภาษี,เครื่องขัดกระดาษทรายกลม,อะไหล่อื่นๆ,,4941
"เครื่องขัดกระดาษทรายกลม 6"" Okura",ทาเลนท์,6,790.0,4740.0,,2563-12-09,,ราคาที่ลง ยังไม่รวมภาษี,เครื่องขัดกระดาษทรายกลม,อะไหล่อื่นๆ,,4942
"เครื่องขัดกระดาษทรายกลม 6"" Okura",ทาเลนท์,5,790.0,3950.0,,2564-02-22,,ราคาที่ลง ยังไม่รวมภาษี,เครื่องขัดกระดาษทรายกลม,อะไหล่อื่นๆ,,4943
"เครื่องขัดกระดาษทรายกลม 6"" Okura",ทาเลนท์,3,790.0,2370.0,,2564-05-03,,ราคาที่ลง ยังไม่รวมภาษี,เครื่องขัดกระดาษทรายกลม,อะไหล่อื่นๆ,,4944
"เครื่องขัดกระดาษทรายกลม 6"" Okura",ทาเลนท์,6,790.0,4740.0,,2564-06-17,IV6406631,ราคาที่ลง ยังไม่รวมภาษี,เครื่องขัดกระดาษทรายกลม,อะไหล่อื่นๆ,,4945
"เครื่องขัดกระดาษทรายกลม 6"" Okura",ทาเลนท์,4,790.0,3160.0,,2565-06-07,IB3002119,ราคาที่ลง ยังไม่รวมภาษี,เครื่องขัดกระดาษทรายกลม,อะไหล่อื่นๆ,,4946
"เครื่องขัดกระดาษทรายกลม 6"" Okura",ทาเลนท์,6,790.0,4740.0,,2565-11-12,IV2206487,ราคาที่ลง ยังไม่รวมภาษี,เครื่องขัดกระดาษทรายกลม,อะไหล่อื่นๆ,,4947
เครื่องขัดกระดาษทรายกลม 6นิ้ว OKURA,ทาเลนท์,2,790.0,1580.0,,2566-05-24,IV2212728,,เครื่องขัดกระดาษทรายกลม,อะไหล่อื่นๆ,,4948
"เครื่องขัดกระดาษทรายกลม 6"" Okura",ทาเลนท์,3,790.0,2370.0,,2566-09-21,IV2220473,ราคาที่ลง ยังไม่รวมภาษี,เครื่องขัดกระดาษทรายกลม,อะไหล่อื่นๆ,,4949
เครื่องขัดกระดาษทรายกลม 6นิ้ว OKURA,ทาเลนท์,3,790.0,2370.0,,2566-10-16,IV2222022,,เครื่องขัดกระดาษทรายกลม,อะไหล่อื่นๆ,,4950
เครื่องขัดกระดาษทรายกลม 6นิ้ว OKURA,ทาเลนท์,3,790.0,2535.9,2370.0,2568-09-17,IV6815079,,เครื่องขัดกระดาษทรายกลม,อะไหล่อื่นๆ,,4951
"แป้นจับเครื่องขัดกระดาษทรายกลม 6"" หลายรู (พิเศษ)",เบรนเวิร์ค,3,400.0,1200.0,,2562-09-12,,ราคาที่ลง ยังไม่รวมภาษี,แป้นจับเครื่องขัดกระดาษทราย,อะไหล่อื่นๆ,,4952
"แป้นจับเครื่องขัดกระดาษทรายกลม 6""  6รู",ทาเลนท์,3,290.0,930.9,870.0,2568-09-17,IV6815079,,แป้นจับเครื่องขัดกระดาษทราย,อะไหล่อื่นๆ,,4953
"แป้นจับเครื่องขัดกระดาษทรายกลม 6""  6รู",ทาเลนท์,4,290.0,1241.2,1160.0,2568-11-27,IV6819334,,แป้นจับเครื่องขัดกระดาษทราย,อะไหล่อื่นๆ,,4954
ฟองน้ำรองขัดกระดาษทรายกลม  3M 5777,ทาเลนท์,2,372.0,744.0,,2561-06-21,,ราคาที่ลง ยังไม่รวมภาษี,แผ่นขัดฟองน้ำ,อะไหล่อื่นๆ,,4955
ฟองน้ำรองขัดกระดาษทรายกลม  3M 5777,ทาเลนท์,3,372.0,1116.0,,2563-02-20,,ราคาที่ลง ยังไม่รวมภาษี,แผ่นขัดฟองน้ำ,อะไหล่อื่นๆ,,4956
ฟองน้ำรองขัดกระดาษทรายกลม  3M 5777,ทาเลนท์,3,372.0,1116.0,,2563-03-24,,ราคาที่ลง ยังไม่รวมภาษี,แผ่นขัดฟองน้ำ,อะไหล่อื่นๆ,,4957
ฟองน้ำรองขัดกระดาษทรายกลม 6นิ้ว SUMO,ทาเลนท์,4,200.0,800.0,,2563-04-24,,ราคาที่ลง ยังไม่รวมภาษี,แผ่นขัดฟองน้ำ,อะไหล่อื่นๆ,,4958
ฟองน้ำรองขัดกระดาษทรายกลม 6นิ้ว SUMO,ทาเลนท์,4,200.0,800.0,,2563-06-02,,ราคาที่ลง ยังไม่รวมภาษี,แผ่นขัดฟองน้ำ,อะไหล่อื่นๆ,,4959
ฟองน้ำรองขัดกระดาษทรายกลม 6นิ้ว SUMO,ทาเลนท์,4,200.0,800.0,,2563-11-16,,ราคาที่ลง ยังไม่รวมภาษี,แผ่นขัดฟองน้ำ,อะไหล่อื่นๆ,,4960
ฟองน้ำรองขัดกระดาษทรายกลม 6นิ้ว SUMO,ทาเลนท์,3,200.0,600.0,,2564-01-16,,ราคาที่ลง ยังไม่รวมภาษี,แผ่นขัดฟองน้ำ,อะไหล่อื่นๆ,,4961
ฟองน้ำรองขัดกระดาษทรายกลม 6นิ้ว SUMO,ทาเลนท์,6,200.0,1200.0,,2564-10-15,,ราคาที่ลง ยังไม่รวมภาษี,แผ่นขัดฟองน้ำ,อะไหล่อื่นๆ,,4962
ฟองน้ำรองขัดกระดาษทรายกลม 6นิ้ว SUMO,ทาเลนท์,4,200.0,800.0,,2566-02-10,IB3006698,ราคาที่ลง ยังไม่รวมภาษี,แผ่นขัดฟองน้ำ,อะไหล่อื่นๆ,,4963
ฟองน้ำรองขัดกระดาษทรายกลม 6นิ้ว SUMO,ทาเลนท์,4,200.0,800.0,,2566-03-18,IB3008935,ราคาที่ลง ยังไม่รวมภาษี,แผ่นขัดฟองน้ำ,อะไหล่อื่นๆ,,4964
ฟองน้ำรองขัดกระดาษทรายกลม 6นิ้ว SUMO,ทาเลนท์,4,200.0,800.0,,2566-09-22,IV2220530,ราคาที่ลง ยังไม่รวมภาษี,แผ่นขัดฟองน้ำ,อะไหล่อื่นๆ,,4965
ฟองน้ำรองขัดกระดาษทรายกลม 6นิ้ว SUMO,ทาเลนท์,6,214.0,1284.0,,2568-04-02,IV6805480,ราคารวม VAT แล้ว,แผ่นขัดฟองน้ำ,อะไหล่อื่นๆ,,4966
ฟองน้ำรองขัดกระดาษทราย,เบรนเวิร์ค,6,250.0,1500.0,,2562-09-12,,ราคาที่ลง ยังไม่รวมภาษี,แผ่นขัดฟองน้ำ,อะไหล่อื่นๆ,,4967
ฟองน้ำรองขัดกระดาษทราย (สี่เหลี่ยมผืนผ้า/สีเขียว),ศรีโสธร,5,10.0,50.0,,2563-05-08,,,แผ่นขัดฟองน้ำ,อะไหล่อื่นๆ,,4968
ฟองน้ำรองขัดกระดาษทราย (สี่เหลี่ยมผืนผ้า/สีเขียว),ศรีโสธร,10,10.0,100.0,,2563-05-26,,,แผ่นขัดฟองน้ำ,อะไหล่อื่นๆ,,4969
ฟองน้ำรองขัดกระดาษทราย TOA,ทาเลนท์,10,18.0,180.0,,2565-05-16,IB3000910,ราคาที่ลง ยังไม่รวมภาษี,แผ่นขัดฟองน้ำ,อะไหล่อื่นๆ,,4970
ไฟเบอร์/อคิลิครองขัดสี (แบบบาง),ศรีโสธร,2,70.0,140.0,,2563-05-26,,,ไฟเบอร์/อคิลิครองขัดสี,อะไหล่อื่นๆ,,4971
ไฟเบอร์/อคิลิครองขัดสี (แบบหนา) -- แผ่นใหญ่เอามาตัดแบ่งได้4อัน(10mm.*30cm*30cm),Shopee,1,263.0,263.0,,2567-05-21,,ราคารวมค่าขนส่ง,ไฟเบอร์/อคิลิครองขัดสี,อะไหล่อื่นๆ,,4972
ฟองน้ำรองขัดสีโป๊ว ,ออโต้ สมาร์ทเทค,5,20.0,100.0,,2565-05-06,,ไม่ได้เอา VAT,ฟองน้ำรองขัดสีโป๊ว ,อะไหล่อื่นๆ,,4973
"แป้นจับฟองน้ำดำลงเงารังไข่ 7"" ไต้หวัน  Solar",ทาเลนท์,1,490.0,490.0,,2563-04-24,,ราคาที่ลง ยังไม่รวมภาษี,แป้นจับฟองน้ำดำลงเงารังไข่,อะไหล่อื่นๆ,,4974
"แป้นจับฟองน้ำดำลงเงารังไข่ 7"" ไต้หวัน  Solar",ทาเลนท์,1,490.0,490.0,,2563-04-28,,ราคาที่ลง ยังไม่รวมภาษี,แป้นจับฟองน้ำดำลงเงารังไข่,อะไหล่อื่นๆ,,4975
"แป้นจับฟองน้ำดำลงเงารังไข่ 7"" Hammer",ทาเลนท์,2,390.0,780.0,,2566-08-01,IV2217111,ราคาที่ลง ยังไม่รวมภาษี,แป้นจับฟองน้ำดำลงเงารังไข่,อะไหล่อื่นๆ,,4976
"แป้นจับฟองน้ำดำลงเงารังไข่ 7"" Hammer",ทาเลนท์,2,390.0,834.6,780.0,2568-08-02,IV6812358,ราคารวม VAT แล้ว,แป้นจับฟองน้ำดำลงเงารังไข่,อะไหล่อื่นๆ,,4977
ฟองน้ำดำลงเงารังไข่ 3M -- สำหรับขัดเคลือบสี,ทาเลนท์,1,540.0,540.0,,2561-06-19,,ราคาที่ลง ยังไม่รวมภาษี,ฟองน้ำดำลงเงารังไข่,อะไหล่อื่นๆ,,4978
ฟองน้ำดำลงเงารังไข่ 3M -- สำหรับขัดเคลือบสี,ทาเลนท์,1,540.0,540.0,,2563-03-24,,ราคาที่ลง ยังไม่รวมภาษี,ฟองน้ำดำลงเงารังไข่,อะไหล่อื่นๆ,,4979
ฟองน้ำดำลงเงารังไข่ 3M -- สำหรับขัดเคลือบสี,ทาเลนท์,1,540.0,540.0,,2563-06-02,,ราคาที่ลง ยังไม่รวมภาษี,ฟองน้ำดำลงเงารังไข่,อะไหล่อื่นๆ,,4980
ฟองน้ำดำลงเงารังไข่ 3M -- สำหรับขัดเคลือบสี,ทาเลนท์,3,540.0,1620.0,,2563-11-16,,ราคาที่ลง ยังไม่รวมภาษี,ฟองน้ำดำลงเงารังไข่,อะไหล่อื่นๆ,,4981
ฟองน้ำดำลงเงารังไข่ 3M -- สำหรับขัดเคลือบสี,ทาเลนท์,2,650.0,1300.0,,2565-09-09,IV2203571,ราคาที่ลง ยังไม่รวมภาษี,ฟองน้ำดำลงเงารังไข่,อะไหล่อื่นๆ,,4982
ฟองน้ำดำลงเงารังไข่ 3M -- สำหรับขัดเคลือบสี,ทาเลนท์,2,650.0,1300.0,,2566-01-03,IV2209110,ราคาที่ลง ยังไม่รวมภาษี,ฟองน้ำดำลงเงารังไข่,อะไหล่อื่นๆ,,4983
ฟองน้ำดำลงเงารังไข่ 3M -- สำหรับขัดเคลือบสี 5725 (ราคาต่อ1คู่),ทาเลนท์,3,650.0,1950.0,,2566-12-19,IV2225888,ราคาที่ลง ยังไม่รวมภาษี,ฟองน้ำดำลงเงารังไข่,อะไหล่อื่นๆ,,4984
ฟองน้ำอันใหญ่ (ล้างรถ) ,จิตต์อะไหล่,12,13.33,160.0,,2563-03-04,,,ฟองน้ำดำลงเงารังไข่,อะไหล่อื่นๆ,,4985
ฟองน้ำอันใหญ่ (ล้างรถ) ,จิตต์อะไหล่,12,13.75,165.0,,2563-04-25,,,ฟองน้ำดำลงเงารังไข่,อะไหล่อื่นๆ,,4986
ฟองน้ำอันใหญ่ (ล้างรถ) ,ศรีสยาม,12,15.83,190.0,,2563-06-01,,,ฟองน้ำดำลงเงารังไข่,อะไหล่อื่นๆ,,4987
ฟองน้ำอันใหญ่ (ล้างรถ) ,จิตต์อะไหล่,24,13.75,330.0,,2563-06-02,,,ฟองน้ำดำลงเงารังไข่,อะไหล่อื่นๆ,,4988
ฟองน้ำอันใหญ่ (ล้างรถ) ,จิตต์อะไหล่,12,13.75,165.0,,2563-08-28,,,ฟองน้ำดำลงเงารังไข่,อะไหล่อื่นๆ,,4989
ฟองน้ำอันใหญ่ (ล้างรถ) ,จิตต์อะไหล่,12,13.75,165.0,,2563-10-15,,,ฟองน้ำดำลงเงารังไข่,อะไหล่อื่นๆ,,4990
ฟองน้ำอันใหญ่ (ล้างรถ) ,จิตต์อะไหล่,12,13.75,165.0,,2563-11-05,,,ฟองน้ำดำลงเงารังไข่,อะไหล่อื่นๆ,,4991
ฟองน้ำอันใหญ่ (ล้างรถ) ,จิตต์อะไหล่,12,13.75,165.0,,2564-01-13,,,ฟองน้ำดำลงเงารังไข่,อะไหล่อื่นๆ,,4992
ฟองน้ำอันใหญ่ (ล้างรถ) ,จิตต์อะไหล่,12,13.75,165.0,,2564-01-28,,,ฟองน้ำดำลงเงารังไข่,อะไหล่อื่นๆ,,4993
ฟองน้ำอันใหญ่ (ล้างรถ) ,จิตต์อะไหล่,12,13.75,165.0,,2564-02-24,,,ฟองน้ำดำลงเงารังไข่,อะไหล่อื่นๆ,,4994
ฟองน้ำอันใหญ่ (ล้างรถ) ,จิตต์อะไหล่,12,13.75,165.0,,2564-03-29,,,ฟองน้ำดำลงเงารังไข่,อะไหล่อื่นๆ,,4995
ฟองน้ำอันใหญ่ (ล้างรถ) ,จิตต์อะไหล่,12,13.75,165.0,,2564-05-08,,,ฟองน้ำดำลงเงารังไข่,อะไหล่อื่นๆ,,4996
ฟองน้ำอันใหญ่ (ล้างรถ) ,จิตต์อะไหล่,12,13.75,165.0,,2564-07-02,,,ฟองน้ำดำลงเงารังไข่,อะไหล่อื่นๆ,,4997
ฟองน้ำอันใหญ่ (ล้างรถ) ,จิตต์อะไหล่,12,13.75,165.0,,2564-07-23,,,ฟองน้ำดำลงเงารังไข่,อะไหล่อื่นๆ,,4998
ฟองน้ำอันใหญ่ (ล้างรถ) ,จิตต์อะไหล่,12,13.75,165.0,,2564-09-25,,,ฟองน้ำดำลงเงารังไข่,อะไหล่อื่นๆ,,4999
ฟองน้ำอันใหญ่ (ล้างรถ) ,จิตต์อะไหล่,12,13.75,165.0,,2564-10-20,,,ฟองน้ำดำลงเงารังไข่,อะไหล่อื่นๆ,,5000
ฟองน้ำอันใหญ่ (ล้างรถ) ,จิตต์อะไหล่,12,13.75,165.0,,2564-11-11,,,ฟองน้ำดำลงเงารังไข่,อะไหล่อื่นๆ,,5001
ฟองน้ำอันใหญ่ (ล้างรถ) ,จิตต์อะไหล่,12,13.75,165.0,,2565-01-15,,,ฟองน้ำดำลงเงารังไข่,อะไหล่อื่นๆ,,5002
ฟองน้ำอันใหญ่ (ล้างรถ) ,จิตต์อะไหล่,12,13.75,165.0,,2565-02-04,,,ฟองน้ำดำลงเงารังไข่,อะไหล่อื่นๆ,,5003
ฟองน้ำอันใหญ่ (ล้างรถ) ,จิตต์อะไหล่,12,13.75,165.0,,2565-03-23,,,ฟองน้ำดำลงเงารังไข่,อะไหล่อื่นๆ,,5004
ฟองน้ำอันใหญ่ (ล้างรถ) -- ยี่ห้อปลาโลมา,ศรีสยาม,12,15.833,190.0,,2565-05-12,,,ฟองน้ำดำลงเงารังไข่,อะไหล่อื่นๆ,,5005
ฟองน้ำอันใหญ่ (ล้างรถ) -- ยี่ห้อปลาโลมา,จิตต์อะไหล่,12,14.58,175.0,,2565-08-19,,,ฟองน้ำดำลงเงารังไข่,อะไหล่อื่นๆ,,5006
ฟองน้ำอันใหญ่ (ล้างรถ) -- ยี่ห้อปลาโลมา,จิตต์อะไหล่,12,14.58,175.0,,2565-10-18,,,ฟองน้ำดำลงเงารังไข่,อะไหล่อื่นๆ,,5007
ฟองน้ำอันใหญ่ (ล้างรถ) -- ยี่ห้อปลาโลมา,จิตต์อะไหล่,12,15.0,180.0,,2565-11-22,,,ฟองน้ำดำลงเงารังไข่,อะไหล่อื่นๆ,,5008
ฟองน้ำอันใหญ่ (ล้างรถ) -- ยี่ห้อปลาโลมา,จิตต์อะไหล่,12,15.0,180.0,,2565-12-16,,,ฟองน้ำดำลงเงารังไข่,อะไหล่อื่นๆ,,5009
ฟองน้ำอันใหญ่ (ล้างรถ) -- ยี่ห้อปลาโลมา,จิตต์อะไหล่,12,15.0,180.0,,2566-01-17,,,ฟองน้ำดำลงเงารังไข่,อะไหล่อื่นๆ,,5010
ฟองน้ำอันใหญ่ (ล้างรถ) -- ยี่ห้อปลาโลมา,จิตต์อะไหล่,12,15.0,180.0,,2566-02-06,,,ฟองน้ำดำลงเงารังไข่,อะไหล่อื่นๆ,,5011
ฟองน้ำอันใหญ่ (ล้างรถ) -- ยี่ห้อปลาโลมา,จิตต์อะไหล่,12,15.0,180.0,,2566-06-10,,,ฟองน้ำดำลงเงารังไข่,อะไหล่อื่นๆ,,5012
ฟองน้ำอันใหญ่ (ล้างรถ) -- ยี่ห้อปลาโลมา,จิตต์อะไหล่,12,14.58,175.0,,2566-11-25,,,ฟองน้ำดำลงเงารังไข่,อะไหล่อื่นๆ,,5013
ฟองน้ำสีฟ้าล้างรถ,ออโต้เทรด,20,35.0,560.0,,2566-05-17,IV1432054,ราคาที่ลง ยังไม่รวมภาษี,ฟองน้ำดำลงเงารังไข่,อะไหล่อื่นๆ,0.2,5014
ฟองน้ำสีฟ้าล้างรถ,ออโต้เทรด,50,24.8,1116.0,,2567-02-22,IV1444960,ราคาที่ลง ยังไม่รวมภาษี,ฟองน้ำดำลงเงารังไข่,อะไหล่อื่นๆ,0.1,5015
พลาสติกโป้วสี,ทาเลนท์,10,7.0,70.0,,2562-12-11,,ราคาที่ลง ยังไม่รวมภาษี,พลาสติกโป้วสี,อะไหล่อื่นๆ,,5016
พลาสติกโป้วสี,ทาเลนท์,10,7.0,70.0,,2563-05-27,,ราคาที่ลง ยังไม่รวมภาษี,พลาสติกโป้วสี,อะไหล่อื่นๆ,,5017
พลาสติกโป้วสี,ทาเลนท์,10,7.0,70.0,,2564-01-16,,ราคาที่ลง ยังไม่รวมภาษี,พลาสติกโป้วสี,อะไหล่อื่นๆ,,5018
เกียงโป้วสี  4 นิ้ว,ทาเลนท์,3,45.0,135.0,,2562-11-27,,ราคาที่ลง ยังไม่รวมภาษี,เกียงโป้วสี,อะไหล่อื่นๆ,,5019
เกียงโป้วสี  4 นิ้ว,ทาเลนท์,5,45.0,225.0,,2563-05-27,,ราคาที่ลง ยังไม่รวมภาษี,เกียงโป้วสี,อะไหล่อื่นๆ,,5020
เกียงโป้วสี  6 นิ้ว,ทาเลนท์,3,80.0,240.0,,2562-11-27,,ราคาที่ลง ยังไม่รวมภาษี,เกียงโป้วสี,อะไหล่อื่นๆ,,5021
เกียงโป้วสี  6 นิ้ว,ทาเลนท์,4,80.0,320.0,,2563-05-27,,ราคาที่ลง ยังไม่รวมภาษี,เกียงโป้วสี,อะไหล่อื่นๆ,,5022
ผ้าสำลี,ไทยนคร,40,30.0,1200.0,,2561-05-14,,,ผ้าสำลี,อะไหล่อื่นๆ,,5023
ผ้าสำลี,ไทยนคร,40,30.0,1200.0,,2562-05-16,,,ผ้าสำลี,อะไหล่อื่นๆ,,5024
ผ้าสำลี,ไทยนคร,40,30.0,1200.0,,2563-06-17,,,ผ้าสำลี,อะไหล่อื่นๆ,,5025
ผ้าสำลี,ไทยนคร,40,30.0,1200.0,,2563-09-08,,,ผ้าสำลี,อะไหล่อื่นๆ,,5026
ผ้าสำลี,ไทยนคร,40,30.0,1200.0,,2564-03-02,,,ผ้าสำลี,อะไหล่อื่นๆ,,5027
ผ้าสำลี,ทาเลนท์,1,,1000.0,,2564-11-10,IV6415146,ราคายังไม่รวม VAT,ผ้าสำลี,อะไหล่อื่นๆ,,5028
ผ้าสำลี,ทาเลนท์,1,,1000.0,,2566-02-11,IB6006761,ราคายังไม่รวม VAT,ผ้าสำลี,อะไหล่อื่นๆ,,5029
แว่นตานิรภัย แบบใส,ไทวัสดุ,1,28.0,28.0,,2566-10-18,,,แว่นตานิรภัย,อะไหล่อื่นๆ,,5030
แว่นตานิรภัย แบบใส,Homepro,1,42.0,42.0,,2567-05-27,,,แว่นตานิรภัย,อะไหล่อื่นๆ,,5031
เกรียงโป๊วสี 4นิ้ว,ทาเลนท์,3,58.0,174.0,,2566-10-12,IV2221901,,เกรียงโป๊วสี,อะไหล่อื่นๆ,,5032
เกรียงโป๊วสี 6นิ้ว,ทาเลนท์,3,80.0,240.0,,2566-10-12,IV2221901,,เกรียงโป๊วสี,อะไหล่อื่นๆ,,5033
คัตเตอร์ใบใหญ่  (1กล่องมี60ใบ),Shopee ,2,75.0,150.0,,,,,ใบคัตเตอร์,อะไหล่อื่นๆ,,5034
คัตเตอร์ใบใหญ่  (1กล่องมี60ใบ),Shopee ,3,73.67,221.01,,2568-01-06,,ราคารวมค่าขนส่ง,ใบคัตเตอร์,อะไหล่อื่นๆ,,5035
คัตเตอร์ใบเล็ก  (1กล่องมี60ใบ),Shopee ,2,45.0,90.0,,2568-05-30,,ราคารวมค่าขนส่ง,ใบคัตเตอร์,อะไหล่อื่นๆ,,5036
สายลมพีวีซีแบบผิวเรียบ Takara 5/6 นิ้ว *14มม. *20มม. สีดำ 20เมตร,ไทวัสดุ,1,758.0,758.0,,2566-08-27,,,สายลมพีวีซี,อะไหล่อื่นๆ,,5037
สายลมพีวีซีแบบผิวเรียบ Takara 8*14 มม.,ไทวัสดุ,1,758.0,758.0,,2568-10-24,,,สายลมพีวีซี,อะไหล่อื่นๆ,,5038
ท่อยางเครื่องเชื่อม CO2 / สายโพลีแบบใส (6.5*10) ,ศรีสยาม,2,30.0,60.0,,2567-07-15,,ราคาต่อเมตร,สายโพลี,อะไหล่อื่นๆ,,5039
สายแก๊สเส้นคู่ (สายลมคู่ Kovet 2ชั้น) -- หน่วยเป็นเมตร,ศรีสยาม,8,102.8,879.9680000000001,822.4,2568-09-13,,,สายแก๊ส,อะไหล่อื่นๆ,,5040
หินเจียแกน W-197 SIAS,ศรีสยาม,1,30.0,30.0,,2567-10-28,,,หินเจียแกน(เจียรู),อะไหล่อื่นๆ,,5041
หินเจียแกน W-186 SIAS,ศรีสยาม,1,25.0,25.0,,2567-10-28,,,หินเจียแกน(เจียรู),อะไหล่อื่นๆ,,5042
หินเจียแกน W-186 SIAS,ศรีสยาม,1,25.0,25.0,,2567-11-04,,,หินเจียแกน(เจียรู),อะไหล่อื่นๆ,,5043
หินเจียแกน W-186 SIAS,ศรีสยาม,1,25.0,25.0,,2567-12-14,,,หินเจียแกน(เจียรู),อะไหล่อื่นๆ,,5044
หินเจียแกน W-186 SIAS,ศรีสยาม,1,25.0,25.0,,2568-05-09,,,หินเจียแกน(เจียรู),อะไหล่อื่นๆ,,5045
หินเจียแกน A-26 KOVET,ศรีสยาม,1,25.0,25.0,,2567-10-28,,,หินเจียแกน(เจียรู),อะไหล่อื่นๆ,,5046
หินเจียแกน A-40 KOVET,ศรีสยาม,1,25.0,25.0,,2567-10-28,,,หินเจียแกน(เจียรู),อะไหล่อื่นๆ,,5047
เกจ/เกย์วัดแรงดันเครื่อง CO2 แบบมีฮีทเตอร์ ยี่ห้อ SUMO,Shoppee,1,1120.0,1120.0,,2568-01-23,,,เกจ/เกย์วัดแรงดันเครื่อง CO2,อะไหล่อื่นๆ,,5048
แบตเตอรี่พ่วงแบต N120 Hybrid FB แบบเติมน้ำ ,ศรีสยาม,1,3890.01,3890.01,,2568-06-20,,ราคารวม VAT,แบตเตอรี่พ่วงแบต,อะไหล่อื่นๆ,,5049
เชือกฟาง ,Shoppee,6,22.5,135.0,,2568-10-01,,แพ็คละ 6ม้วน,เชือกฟาง,อะไหล่อื่นๆ,,5050
กระดาษห้องอบสี,หนุ่ม ร้านไดนาโม,1000,14.0,14000.0,,2568-10-03,,ราคาต่อกิโล,กระดาษห้องอบสี,อะไหล่อื่นๆ,,5051
ตลับเมตร แบบล็อคอัตโนมัต 8เมตร*25 มม.,ไทวัสดุ,1,248.0,248.0,,2568-10-24,,,ตลับเมตร,อะไหล่อื่นๆ,,5052
